id,company,role_title,location,cycle,track,mba_preference,apply_url,status
ded3eeaecd1f57d5703865a67418bd3e710525b5da102c5533014e5965b3e04a,Roblox,[Summer 2027] Software Engineer Intern,"San Mateo, CA, United States",summer_2027,ai_product,mba_unknown,https://careers.roblox.com/jobs/8072713?gh_jid=8072713,open
59718d476e0945d50b03d54f4f2f4acd8a2445d0bafcf83b2c356b0021f3a2f4,Roblox,[Summer 2027] Product Design Intern,"San Mateo, CA, United States",summer_2027,other_mba_tech,mba_unknown,https://careers.roblox.com/jobs/8143984?gh_jid=8143984,open
31a91ca8d516287043d4966ae99d9b734ef6aa69c375a404ffe67924a0ce3703,Roblox,[Summer 2027] Product Management Intern,"San Mateo, CA, United States",summer_2027,product,mba_unknown,https://careers.roblox.com/jobs/8143981?gh_jid=8143981,open
6a9fc1fe3482f69c4d0906f673fef84455d06c868873dd19c4e50f5e71316715,Robinhood,"Investment Analyst MBA Intern, Robinhood Ventures (Summer 2027)","Menlo Park, CA",summer_2027,ai_product,mba_required,https://boards.greenhouse.io/robinhood/jobs/8198187?t=gh_src=&gh_jid=8198187,open
97ab4c663aab6cba3404e5d8426cb90f2868c40fb97070bd3cfdd7b44b619cbc,Coinbase,Institutional Operations Intern,"Hybrid - New York, NY",summer_2027,ai_product,mba_unknown,https://www.coinbase.com/careers/positions/8175569?gh_jid=8175569,open
ed7057fbdd7bd027b0fa3e1c64e672276f65a166f3fe5e637cffc0cef4750268,Waymo,"2027 Summer Intern, MS/PhD, Perception, Evaluation","Mountain View, CA, USA",summer_2027,ai_product,mba_unknown,https://careers.withwaymo.com/jobs?gh_jid=8248327,open
2cb096dff831cbdcc1ef1730b72ca6134029a7a02f4db6b8b860fb41ddfe4a29,Waymo,"2027 Summer Intern, MS/PhD, Software/ML Engineer, Simulation","Mountain View, California, USA",summer_2027,ai_product,mba_unknown,https://careers.withwaymo.com/jobs?gh_jid=8221851,open
f793aa21036473531c12b08a082993f1ed248e95d88c0c720b3c00b88d6c0ae6,Waymo,"2027 Summer Intern, MS/PhD, Software Engineer, Eval Data Infra","Mountain View, CA, USA",summer_2027,ai_product,mba_unknown,https://careers.withwaymo.com/jobs?gh_jid=8257205,open
d90f677cd37c98c2ddf72b6f063f8ccb87e942339869e25f334dad96ce4f285c,Waymo,"2027 Summer Intern, MS/PhD, ML Systems & Behavior Discovery","Mountain View, CA, USA",summer_2027,ai_product,mba_unknown,https://careers.withwaymo.com/jobs?gh_jid=8257159,open
607d0453056c022638e2feef8efa3348d708bebbef3e33e9429a25db5f03ae91,Figma,"PhD Intern, AI Applied Scientist (2027)","San Francisco, CA • New York, NY",summer_2027,ai_product,mba_unknown,https://boards.greenhouse.io/figma/jobs/6207801004?gh_jid=6207801004,open
781df836105aca5ed859959ba4478b71cf32b0c5f503be4ae2df4f5128181e99,Waymo,"2027 Summer Intern, MS/PhD, Software Engineer, Multiverse","Mountain View, California, USA",summer_2027,ai_product,mba_unknown,https://careers.withwaymo.com/jobs?gh_jid=8214519,open
632e85d2466b21fd9b0cc9f90773808a55db2042ae7854975d0d1350f4272871,Waymo,"2027 Summer Intern, MS/PhD, Software Engineer, Simulation Evaluation ML Model","Mountain View, California, USA",summer_2027,ai_product,mba_unknown,https://careers.withwaymo.com/jobs?gh_jid=8221795,open
2e9a3d741d999e00c4a07b38b00a55e61a73cbfd875350cc17b594e56ba4a96a,Waymo,"2027 Summer Intern, PhD, Perception/Road Understanding, ML Engineer","Mountain View, California",summer_2027,ai_product,mba_unknown,https://careers.withwaymo.com/jobs?gh_jid=8224746,open
6b8a24ee16d573163491bbb218ee776bb4a09c2afd9cab7901f006bf6d9612d3,Coinbase,People Analytics Intern,"Hybrid - New York, NY",summer_2027,other_mba_tech,mba_unknown,https://www.coinbase.com/careers/positions/8175517?gh_jid=8175517,open
33c898ab171c1ab4f6f4aae63ce4e86ba9082351db8127e63ab783185eb189bd,Affirm,Software Engineer (Machine Learning) Intern (Summer 2027),"San Francisco, California, United States",summer_2027,other_mba_tech,mba_unknown,https://job-boards.greenhouse.io/affirm/jobs/8008645003,open
59dc9be2ca02b90f73e9b6d883e60fc9140c0753bbeff7e63e20a7f006f6b61e,Affirm,Software Engineer Intern (Summer 2027),"San Francisco, California, United States",summer_2027,other_mba_tech,mba_unknown,https://job-boards.greenhouse.io/affirm/jobs/8011590003,open
1c76e4edd3b895a8e03021a11f86afd4c28911542debfa5a090cc9cdb7463b9a,Waymo,"2027 Summer Intern, PhD, Research, World Action Model","Mountain View, CA, USA",summer_2027,ai_product,mba_unknown,https://careers.withwaymo.com/jobs?gh_jid=8243732,open
808fc5a75fb0c8bfae3def77bf5461137222d478f443bb21f1a6aab6f54ef398,Rubrik,"Product Growth Intern (MBA), Summer 2027","Palo Alto, CA",summer_2027,ai_product,mba_required,https://www.rubrik.com/company/careers/departments/job.8224424?gh_jid=8224424,open
28d12eecf4ff219a4ae19ced4cf27864cdd0e897f2dfb321564fd1090988e864,Robinhood,Futures & Prediction Market Operations Intern (Summer 2027),"Chicago, IL",summer_2027,ai_product,mba_unknown,https://boards.greenhouse.io/robinhood/jobs/8187309?t=gh_src=&gh_jid=8187309,open
9f0e3b0e3605d2862de89da10e6d3d29e313b626d28746d7d6bb861eb4e04ba6,Pinterest,Machine Learning Intern 2027 (Toronto),"Toronto, ON, CA",summer_2027,ai_product,mba_unknown,https://www.pinterestcareers.com/jobs/?gh_jid=8138080,open
8ae4bc915bcc15078d454e2b66c6969c7b031d81e511d8e0063597f2ee10a4c5,Pinterest,PhD Data Science Internship 2027 (USA),"San Francisco, CA, US; Palo Alto, CA, US; Seattle, WA, US; New York, NY, US",summer_2027,ai_product,mba_unknown,https://www.pinterestcareers.com/jobs/?gh_jid=8140169,open
4e4a9526558cc2ca4ecf74f08a756c07b8ebad1d41adaa2656448221370e5da8,Pinterest,PhD Machine Learning Internship 2027 (USA),"San Francisco, CA, US; Palo Alto, CA, US; Seattle, WA, US; New York, NY, US",summer_2027,ai_product,mba_unknown,https://www.pinterestcareers.com/jobs/?gh_jid=8140140,open
2be675ffa21e3b3a8c79b0601ec5f3c61168b18c665b0067bc03e267bdb38a06,Pinterest,Master's Data Science Internship 2027 (USA),"San Francisco, CA, US; Palo Alto, CA, US; Seattle, WA, US; New York, NY, US",summer_2027,ai_product,mba_unknown,https://www.pinterestcareers.com/jobs/?gh_jid=8138097,open
00283411875e6ee192686a367b69e1a16cd63ca9570da6243c2a33e02da69f5a,Pinterest,Master's Machine Learning Internship 2027 (USA),"San Francisco, CA, US; Palo Alto, CA, US; Seattle, WA, US; New York, NY, US",summer_2027,ai_product,mba_unknown,https://www.pinterestcareers.com/jobs/?gh_jid=8138090,open
fa39bcc22b194d6f4e93d0a20ebcfafebac100fff5c26d1070ece9777a5fc093,Pinterest,Software Engineer Intern 2027 (USA),"San Francisco, CA, US; Remote, US",summer_2027,ai_product,mba_unknown,https://www.pinterestcareers.com/jobs/?gh_jid=7838577,open
cfdeb6348fede5bef87f783cb0a13a3dc514844237b304c755603d3f19f1a12b,Pinterest,Software Engineering Intern 2027 (Toronto),"Toronto, ON, CA",summer_2027,ai_product,mba_unknown,https://www.pinterestcareers.com/jobs/?gh_jid=8138039,open
a9255b489ece1be7adb87ce2d79a3e0a0ce4f0cec61dbe4c3c845db3f915e979,Waymo,"2027 Summer Intern, MS/PhD, AI-driven ML Performance Engineering Intern","Mountain View, CA, USA",summer_2027,ai_product,mba_unknown,https://careers.withwaymo.com/jobs?gh_jid=8248060,open
89febdf1d5a4e14b00c451a39777c6bd733e64c5dc463d5b2219300e3e2d917f,Scale AI,Software Engineering Intern (Summer 2027) ,"San Francisco, CA",summer_2027,ai_product,mba_unknown,https://job-boards.greenhouse.io/scaleai/jobs/4730845005,open
91bd39f1d6721ed2168b6b624243b980792bfc9b649e716c01c3fb6e6a42a1e3,Waymo,"2027 Summer Intern, MS/PhD, Machine Learning Engineer","San Francisco, CA, USA",summer_2027,ai_product,mba_unknown,https://careers.withwaymo.com/jobs?gh_jid=8223735,open
95ac4c6c872ee94d4d0f56f183f545a8e17a4b2d928579e4185fbb730b6bdc9a,Waymo,"2027 Summer Intern, PhD, Data Science","Mountain View, CA, USA; San Francisco, CA, USA",summer_2027,ai_product,mba_unknown,https://careers.withwaymo.com/jobs?gh_jid=8221956,open
e3efe05e8e1c81c3721bd914a41dbed4d88b53ff595a62e6606db64dd8003345,Waymo,"2027 Summer Intern, MS/PhD, Machine Learning, Driver Refinement Foundations","Mountain View, CA, USA",summer_2027,ai_product,mba_unknown,https://careers.withwaymo.com/jobs?gh_jid=8243556,open
44a002264fd8c77c94cfba7de7d1c210759584f89fb37c9fd3dc8e5c19058863,Waymo,"2027 Summer Intern, MBA, Operations Planning","San Francisco, California, United States",summer_2027,other_mba_tech,mba_required,https://careers.withwaymo.com/jobs?gh_jid=8165014,open
e933e0052c7c3efdff723310f17faad0f103a6c0d27f75aa9dfd2f3762e0cca1,Coinbase,Analytics Engineer Intern,"Hybrid - New York, NY",summer_2027,ai_product,mba_unknown,https://www.coinbase.com/careers/positions/8175471?gh_jid=8175471,open
35289fa51cb8390935b92c0518223d939b6593b749dd09a0295290d12cb1778b,Coinbase,Data Science Intern,"Hybrid - New York, NY",summer_2027,ai_product,mba_unknown,https://www.coinbase.com/careers/positions/8175462?gh_jid=8175462,open
5249ca856e0d6b18c0b3ec6eb07d82b85feba6c77fcf39ecd9e1c8d953773a7c,Waymo,"2027 Summer Intern, BS/MS, Scenes","Mountain View, California",summer_2027,ai_product,mba_unknown,https://careers.withwaymo.com/jobs?gh_jid=8210170,open
015fb648d47855a37e812ff113491844d55c5fa26fab38da01d9b44610881ab9,Coinbase,Policy Intern,"Hybrid - New York, NY",summer_2027,other_mba_tech,mba_unknown,https://www.coinbase.com/careers/positions/8175556?gh_jid=8175556,open
544baf52fc0e622c814a078d47924d814bb93a6da5eae8eca934957a5226b2cb,Waymo,"2027 Summer Intern, MS/PhD, Software Engineer, Onboard Developer Platform","Mountain View, CA, USA",summer_2027,ai_product,mba_unknown,https://careers.withwaymo.com/jobs?gh_jid=8240198,open
60b726c0cc6b0843b3ee615a457e3310133a9b6b3c0fd1aadde80edc9ac6bc67,Waymo,"2027 Summer Intern, BS, Software Engineering, Labeling","Mountain View, CA, USA",summer_2027,ai_product,mba_unknown,https://careers.withwaymo.com/jobs?gh_jid=8238525,open
a16ad44f7b4d1d24768782869215ec58e5d95bfb4849852aa09f503ae8d372f0,Robinhood,"Software Engineering Intern, Web (Summer 2027)","Menlo Park, CA; New York, NY",summer_2027,ai_product,mba_unknown,https://boards.greenhouse.io/robinhood/jobs/8142963?t=gh_src=&gh_jid=8142963,open
3e7a340d064e972023a10e08524c1a1b9c8ba6d12df13d8cf2691d3072f1d0fd,Robinhood,"Software Engineering Intern, Android (Summer 2027)","Menlo Park, CA; New York, NY",summer_2027,ai_product,mba_unknown,https://boards.greenhouse.io/robinhood/jobs/8142961?t=gh_src=&gh_jid=8142961,open
07bc798b1d795f4c275a7d6d339d32517fd94f81ea2279d8bec5ec7f705335c8,Robinhood,Data Science Intern (Summer 2027),"Menlo Park, CA",summer_2027,ai_product,mba_unknown,https://boards.greenhouse.io/robinhood/jobs/8241738?t=gh_src=&gh_jid=8241738,open
d06ff2c9cdf9e9b87bd51df3191356a927db1ca26c5c595ecdd975bc78284b58,Robinhood,"Software Engineering Intern, iOS (Summer 2027)","Menlo Park, CA; New York, NY",summer_2027,ai_product,mba_unknown,https://boards.greenhouse.io/robinhood/jobs/8142959?t=gh_src=&gh_jid=8142959,open
3010d79d8af07439f2555178ea87e87dbbf40bb68e4c3745b676700a230e2fc2,Robinhood,"Software Engineering Intern, Backend (Summer 2027)","Bellevue, WA; Menlo Park, CA; New York, NY",summer_2027,other_mba_tech,mba_unknown,https://boards.greenhouse.io/robinhood/jobs/8123225?t=gh_src=&gh_jid=8123225,open
e273a2e50f45496fcb528776f124cb062a741616a31d5e505e5c2b544e15800e,Robinhood,Associate Product Manager (New Grad),"New York, NY",summer_2027,ai_product,mba_unknown,https://boards.greenhouse.io/robinhood/jobs/8199973?t=gh_src=&gh_jid=8199973,open
48ed3f2eca5db6f8fb63cef6709ea8e93bbdf762a9fdc2ce1cc7ff5e740d9645,Robinhood,Crypto Accounting Intern (Summer 2027),"New York, NY",summer_2027,ai_product,mba_unknown,https://boards.greenhouse.io/robinhood/jobs/8198153?t=gh_src=&gh_jid=8198153,open
1e1640921a7a68d720464510b634a031f32090eb0567d7c60f79d9fbde0abbb7,Waymo,"2027 Summer Intern, PhD, Planner Machine Learning","San Francisco, California",summer_2027,ai_product,mba_unknown,https://careers.withwaymo.com/jobs?gh_jid=8234876,open
fa502d3b47e031bcc83540de58e5623affbfc1f6bce5d922eb119dbb387d3cfb,Waymo,"2027 Summer Intern, PhD, Machine Learning Research, Planning/Prediction","Mountain View, CA, USA",summer_2027,ai_product,mba_unknown,https://careers.withwaymo.com/jobs?gh_jid=8237997,open
d54d31cbbbcdbdbfb307ed9dcc43d5b56a0b18c0c57b4073c8ae696fbab049f9,Waymo,"2027 Summer Intern, MS/PhD, Software Engineering, Onboard Software Integrity","Mountain View, CA, USA",summer_2027,ai_product,mba_unknown,https://careers.withwaymo.com/jobs?gh_jid=8234161,open
a258b2bb752868aedb82f55f7baa696c9f03bd22f33ac4560f4e7edd0f913463,Lyft,Applied Scientist Intern (Summer 2027),"San Francisco, CA",summer_2027,ai_product,mba_unknown,https://app.careerpuck.com/job-board/lyft/job/8843341002?gh_jid=8843341002,open
b255e37ae1c2b10e2ce44ddcceddaf70e257ee733c279125998594fa32a65475,Waymo,"2027 Summer Intern, BS, Software Engineer, Driver Refinement Foundations","Mountain View, CA, USA",summer_2027,other_mba_tech,mba_unknown,https://careers.withwaymo.com/jobs?gh_jid=8224900,open
7a658799c32059774648e5b2bbf6490a81e19ef7f8726455d31d5b2923a624a7,Waymo,"2027 Summer Intern, MS/PhD, Software Engineer, Sys Intel & Machine Learning","Mountain View, CA, USA",summer_2027,ai_product,mba_unknown,https://careers.withwaymo.com/jobs?gh_jid=8233746,open
f6e6908c29acc928110364f59adb30eab88f274e688cc9b17219c3a923a13bca,Waymo,"2027 Summer Intern, PhD, Perception Systems Engineering: Pedestrian Detection Precision","San Francisco, California",summer_2027,other_mba_tech,mba_unknown,https://careers.withwaymo.com/jobs?gh_jid=8234670,open
8745b9f8eef4987a305823af735b44b48b718e3f14794f77122bf512f01c4884,Waymo,"2027 Summer Intern, BS, Depot Automation","San Francisco, California",summer_2027,other_mba_tech,mba_unknown,https://careers.withwaymo.com/jobs?gh_jid=8234553,open
f443d8b78d3dc6a8d51c997b77cca7b8a0326dde9330279c8f2505955a803992,Waymo,"2027 Summer Intern, PhD, Quantitative Software Engineer","Mountain View, California, United States | San Francisco, California, United States",summer_2027,ai_product,mba_unknown,https://careers.withwaymo.com/jobs?gh_jid=8197554,open
7a4d5d3671f213e8e3520002ed33936a55a0a54f145a1497ff06a29fcd737d23,Waymo,"2027 Summer Intern, PhD, Machine Learning, Computer Vision","Mountain View, California, United States",summer_2027,ai_product,mba_unknown,https://careers.withwaymo.com/jobs?gh_jid=8202025,open
32ad6b074ef65a8c5854eb425d1f292c06523b16265de652c2952ba470f74b5f,Waymo," 2027 Summer Intern, MS/PhD, Machine Learning, Simulator Evaluation","Mountain View, California, USA",summer_2027,ai_product,mba_unknown,https://careers.withwaymo.com/jobs?gh_jid=8202801,open
04d3b40d4ddea9902d884c06a33cf05db2751e0a556ffba818ab8051d861d870,Waymo,"2027 Summer Intern, MS/PhD, Machine Learning Engineer - Simulator Realism Evaluation","San Francisco, California, United States",summer_2027,ai_product,mba_unknown,https://careers.withwaymo.com/jobs?gh_jid=8214350,open
8e053d50630eb993308f6408450843ad484cb948ede303c5f64fff6fc49f5f37,Coinbase,Software Engineer Intern,"Hybrid - San Francisco, CA",summer_2027,ai_product,mba_unknown,https://www.coinbase.com/careers/positions/8168315?gh_jid=8168315,open
d8124a818385ff90c452af58466645d4950fe522826d49b43e21b3607b31f6ee,Waymo,"2027 Summer Intern, MS/PhD, Perception, Machine Learning","Mountain View, CA, USA",summer_2027,ai_product,mba_unknown,https://careers.withwaymo.com/jobs?gh_jid=8227411,open
60155307673eda2a1a1d8579135cf6979e2ffdc8139f99ee5968d1dfae91efab,Stripe,"Software Engineer, New Grad","San Francisco, Seattle, New York",summer_2027,other_mba_tech,mba_unknown,https://stripe.com/jobs/search?gh_jid=8128744,open
f08b2deb70010cdb68a2fd376b4e3a5c65b22a42899a291f875938ff2871bb4d,Waymo,"2027 Summer Intern, MS/PhD, Systems Engineer, Autonomous Vehicle Networks & Diagnostics","Mountain View, CA, USA ",summer_2027,ai_product,mba_unknown,https://careers.withwaymo.com/jobs?gh_jid=8231711,open
c39de9915a96a294768b07d10f9d42816c8db8fe0026fb8baf45ef33161032a3,Robinhood,People Partner Intern (Summer 2027),"New York, NY",summer_2027,other_mba_tech,mba_unknown,https://boards.greenhouse.io/robinhood/jobs/8197614?t=gh_src=&gh_jid=8197614,open
fd1fd03a4adf8ed95fbc3e7d16eb324738ef3eadb4182598f2ee73d393b8078d,Robinhood,Special Projects Intern (Summer 2027),"Menlo Park, CA",summer_2027,ai_product,mba_unknown,https://boards.greenhouse.io/robinhood/jobs/8198262?t=gh_src=&gh_jid=8198262,open
e1806a205d157cfeb15473f84541b311c0210064f746073654522fc70fe1f901,Robinhood,Fraud Operations Intern (Summer 2027),"Denver, CO",summer_2027,ai_product,mba_unknown,https://boards.greenhouse.io/robinhood/jobs/8198241?t=gh_src=&gh_jid=8198241,open
defce08cb6730aed8329c763f84ff6f3347e7c38c1ab2aba790005f2ea2f7e3a,Robinhood,Vendor Management Intern (Summer 2027),"New York, NY",summer_2027,other_mba_tech,mba_unknown,https://boards.greenhouse.io/robinhood/jobs/8198097?t=gh_src=&gh_jid=8198097,open
dd3ea08c891ecc829eccabfca40b67c5f53944af1f8e6191a7805d6db07ff828,Robinhood,Finance and Strategy Intern (Summer 2027),"Menlo Park, CA",summer_2027,ai_product,mba_unknown,https://boards.greenhouse.io/robinhood/jobs/8198142?t=gh_src=&gh_jid=8198142,open
c4f0a6eb64886893abb347d770f12e9d33277cc7e8848acf25dd7fde6acea83a,Robinhood,Brokerage Operations Intern (Summer 2027),"Chicago, IL",summer_2027,other_mba_tech,mba_unknown,https://boards.greenhouse.io/robinhood/jobs/8198198?t=gh_src=&gh_jid=8198198,open
ae207dd2b6c1690a3db06e9776759ae3de53f50410edd836bc6053ed8cab6645,Robinhood,Security Risk Management Intern (Summer 2027),"Menlo Park, CA",summer_2027,other_mba_tech,mba_unknown,https://boards.greenhouse.io/robinhood/jobs/8207970?t=gh_src=&gh_jid=8207970,open
9efbd9a7834b64dd528ec5a943155c9be45e4ffc88bdafce9b257a681fb894eb,Robinhood,Business Analyst Intern (Summer 2027),"Washington, DC",summer_2027,ai_product,mba_unknown,https://boards.greenhouse.io/robinhood/jobs/8123238?t=gh_src=&gh_jid=8123238,open
9e89c8f330fcc54044bed9bebbd09e4694587b4d0d34a0cc36d1604236fae299,Robinhood,PeopleX Insights & Analytics Intern (Summer 2027),"Menlo Park, CA",summer_2027,ai_product,mba_unknown,https://boards.greenhouse.io/robinhood/jobs/8198255?t=gh_src=&gh_jid=8198255,open
9bedca64c052246dec3e8cf3c03adeeb4ac35d11a665a11cffe78706aa476043,Robinhood,Growth Marketing Intern (Summer 2027),"Menlo Park, CA",summer_2027,other_mba_tech,mba_unknown,https://boards.greenhouse.io/robinhood/jobs/8192367?t=gh_src=&gh_jid=8192367,open
987e008ca95f9741cedcca0d3d779d2e3fa5e2a212ab7fa87be76f002f94ebd5,Robinhood,Brokerage Risk Analyst Intern (Summer 2027),"Chicago, IL",summer_2027,ai_product,mba_unknown,https://boards.greenhouse.io/robinhood/jobs/8198223?t=gh_src=&gh_jid=8198223,open
97117b9b93ef6acd66bf6dfb1f4d36c5093b8f065cf33c9dcb03a4066a141ddd,Robinhood,Offensive Security Intern (Summer 2027),"Bellevue, WA; Menlo Park, CA",summer_2027,other_mba_tech,mba_unknown,https://boards.greenhouse.io/robinhood/jobs/8214142?t=gh_src=&gh_jid=8214142,open
8f3b30760a244ae47d0d4a451d08f328409b3438b4c5fab19c26b842bd3d8158,Robinhood,Crypto Partnership Intern (Summer 2027),"New York, NY",summer_2027,ai_product,mba_unknown,https://boards.greenhouse.io/robinhood/jobs/8193710?t=gh_src=&gh_jid=8193710,open
40c04fbed1bb2abc8054d2adf20b838e4fb23bd8a50b7550a36b12c4d552078a,Robinhood,Crypto Operations Intern (Summer 2027),"New York, NY",summer_2027,ai_product,mba_unknown,https://boards.greenhouse.io/robinhood/jobs/8193484?t=gh_src=&gh_jid=8193484,open
104e3820b4714a808f98d81accca274e49a9bcd2eb0c92de4cc29ccbf059a332,Waymo,"2027 Summer Intern, MS/PhD, Product Data Science","San Francisco, California, United States",summer_2027,ai_product,mba_unknown,https://careers.withwaymo.com/jobs?gh_jid=8199365,open
319472942837a44ae9006f6fe2928a2f7cb3ec3f984860bcbf39476e89edd5e1,Waymo,"2027 Summer Intern, PhD, Software Engineer, Simulation","Mountain View, CA, USA",summer_2027,ai_product,mba_unknown,https://careers.withwaymo.com/jobs?gh_jid=8227640,open
b10cd1121ef3a4cd67f548fed5e417df40bcb29874b17d650213cc550704095a,Databricks,Software Engineering Intern (2027 Start) - Winter,"Bellevue, Washington; Mountain View, California; San Francisco, California",summer_2027,other_mba_tech,mba_unknown,https://databricks.com/company/careers/open-positions/job?gh_jid=8732364002,open
dd702ddb385d6a4c276b196d4b026119e577d2a7ab21ce78c1e273c0ad49e9d8,Databricks,Product Management Intern (Summer 2027),"Bellevue, Washington; Mountain View, California; San Francisco, California",summer_2027,ai_product,mba_unknown,https://databricks.com/company/careers/open-positions/job?gh_jid=6883068002,open
c1fe1e238bc6d24b91feba6168150fd53c0f3abd25e4b1bcadc20d3fdabf5f1d,Figma,Data Engineer Intern (2027),"San Francisco, CA • New York, NY",summer_2027,ai_product,mba_unknown,https://boards.greenhouse.io/figma/jobs/6178851004?gh_jid=6178851004,open
ac806fefe2d7334978eda0827fc33e174a5b3d9f23a1af41d5aa578e0a9b2818,Waymo,"2027 Summer Intern, MS/PhD, Software Engineer","Mountain View, California",summer_2027,ai_product,mba_unknown,https://careers.withwaymo.com/jobs?gh_jid=8224729,open
96577597288c86d334763e75b9526eca2a5590e4c947d5c8ec1571a2fa3127fe,Figma,"PhD Intern, Data Science (2027)","San Francisco, CA • New York, NY",summer_2027,ai_product,mba_unknown,https://boards.greenhouse.io/figma/jobs/6200626004?gh_jid=6200626004,open
18d838ee69cb0ee0088701f38db6a68ad6c1384711ec586dbb510a969d33e77e,Waymo,"2027 Summer Intern, PhD, Safety Research, Human Behavior Analytics","Mountain View, CA, USA",summer_2027,ai_product,mba_unknown,https://careers.withwaymo.com/jobs?gh_jid=8197899,open
34dba6d2beb91f087072805ba11ee91d8a268c0aa2af509354114428371c8e30,Waymo,"2027 Summer Intern, BS/MS, Global Supply Management (GSM)","Mountain View, California",summer_2027,ai_product,mba_unknown,https://careers.withwaymo.com/jobs?gh_jid=8201252,open
824d7dd307b075f7ea3e97fdb5e75dbf18c24662fd7728c2bdf53c884794d267,Waymo,"2027 Summer Intern, BS/MS, Embedded, Software Engineer","Mountain View, CA, USA",summer_2027,other_mba_tech,mba_unknown,https://careers.withwaymo.com/jobs?gh_jid=8221198,open
8f75fce36fa1f81281c190653c6808554295da78eef6dd7f5399140475acdec4,Coinbase,Learning & Development Intern,"Hybrid - New York, NY",summer_2027,other_mba_tech,mba_unknown,https://www.coinbase.com/careers/positions/8175514?gh_jid=8175514,open
071f852e14ece59d5dc62df303dafcf54e39bbc17dd8d6658f26f5b186a4362b,Coinbase,Real Estate & Builds Intern,"Hybrid - New York, NY",summer_2027,other_mba_tech,mba_unknown,https://www.coinbase.com/careers/positions/8175507?gh_jid=8175507,open
a9fe015988221135f75b4eb6efabf46d5d70d76a313af407c952a058b0146df3,Coinbase,Employee and Workplace Experience Intern,"Hybrid - New York, NY",summer_2027,other_mba_tech,mba_unknown,https://www.coinbase.com/careers/positions/8175429?gh_jid=8175429,open
8e4a36949de3e7398608fd23e069c8c10c54a90ed0ed9d7f3e09e63766199cb3,Coinbase,Accelerations Programs Intern,"Hybrid - New York, NY",summer_2027,other_mba_tech,mba_unknown,https://www.coinbase.com/careers/positions/8175363?gh_jid=8175363,open
c6e11a002e7c09e1a16b0088d53c12eeacdde21d18ef230e5784c5a0b6aadd9a,Coinbase,Product Manager (HR Technology) Intern,"Hybrid - New York, NY",summer_2027,ai_product,mba_unknown,https://www.coinbase.com/careers/positions/8175504?gh_jid=8175504,open
37fcdcc3aa926a01f7d16ea63a2755b7d051a1208ca9940bac354ed3e75551f7,Coinbase,Tax Information Reporting Intern,"Hybrid - New York, NY",summer_2027,ai_product,mba_unknown,https://www.coinbase.com/careers/positions/8221241?gh_jid=8221241,open
ad2f0198279a10dd71cef10ef43cca910beb0ce23f91a8706d72aa60f0c45873,Coinbase,Internal Audit Analytics Intern,"Hybrid - New York, NY",summer_2027,other_mba_tech,mba_unknown,https://www.coinbase.com/careers/positions/8221238?gh_jid=8221238,open
1307b900526b305ac45fdd891024b32421049fc0ff7fbea8c0d01212b847d5aa,Waymo,"2027 Summer Intern, MS/PhD, Conflict Behavior","Mountain View, California",summer_2027,ai_product,mba_unknown,https://careers.withwaymo.com/jobs?gh_jid=8210138,open
080358470e142a00bcf0825ea6eda5d3b3f357d385361820a4fd7d686e62fcdc,Waymo,"2027 Summer Intern, PhD, Learning-Based Behavior for Special Vehicles","Mountain View, California",summer_2027,ai_product,mba_unknown,https://careers.withwaymo.com/jobs?gh_jid=8203191,open
f9f03b29e971bc159882eb4dd10d9e71941d7bbd50cdd9eb9777767e28c5084c,Waymo,"2027 Summer Intern, BS/MS, Software Engineering, Commercialization","Mountain View, California, United States; San Francisco, California, United States",summer_2027,ai_product,mba_unknown,https://careers.withwaymo.com/jobs?gh_jid=8198218,open
ed7e912353c09284871fff7d275408a6bcddade8f6638f83a8de0454a6c8f5c7,Waymo,"2027 Summer Intern, PhD, Machine Learning, Computer Vision","Mountain View, California",summer_2027,ai_product,mba_unknown,https://careers.withwaymo.com/jobs?gh_jid=8193295,open
da6cdffca7abf06fe9a86bb72f986c9cc272f9da17c67c91c18dcf82ca815c4a,Waymo,"2027 Summer Intern, MBA, Strategic Finance","San Francisco, California, United States",summer_2027,other_mba_tech,mba_required,https://careers.withwaymo.com/jobs?gh_jid=8197014,open
7d9f73d1b229bae83da758228baa2c16b708c29e561024939b27bad5ce842e08,Waymo,"2027 Summer Intern, PhD, Vehicle Intent and Prediction","Mountain View, California",summer_2027,ai_product,mba_unknown,https://careers.withwaymo.com/jobs?gh_jid=8189848,open
6c386bbf667d79924b7fe35aaf53196558f9e92db80ee18d272f3fe27a46cb47,Waymo,"2027 Summer Intern, MBA, Salesforce Product Owner","Los Angeles, California, United States",summer_2027,product,mba_required,https://careers.withwaymo.com/jobs?gh_jid=8198582,open
4427bc59fed2962e8a8f11cb00d7080c1e7072b40e940f0f871b36a4352e4466,Waymo,"2027 Summer Intern, MS, Software Engineering, Behavior Test ","San Francisco, California, USA",summer_2027,other_mba_tech,mba_unknown,https://careers.withwaymo.com/jobs?gh_jid=8174504,open
0d63d56c2f4ca127b44933eac04ed08375d8fa91f5b64a1664d111909fcdd3ae,Waymo,"2027 Summer Intern, MS/PhD, Quantitative UX Researcher, Growth/International Expansion","San Francisco, California, United States",summer_2027,other_mba_tech,mba_unknown,https://careers.withwaymo.com/jobs?gh_jid=8163364,open
ede2399b1ba92294bdf20efd4e4cf64821f1f197bf765a1f4e87cd31e0db3951,Figma,Software Engineer Intern (Winter 2027),"San Francisco, CA • New York, NY",summer_2027,ai_product,mba_unknown,https://boards.greenhouse.io/figma/jobs/6131089004?gh_jid=6131089004,open
41a9db96ba8f78da98437c1cc3bd1da9103e584e2157a5d0ee8ed9181173a955,Figma,Software Engineer Intern (Summer 2027),"San Francisco, CA • New York, NY",summer_2027,ai_product,mba_unknown,https://boards.greenhouse.io/figma/jobs/6143238004?gh_jid=6143238004,open
584dab5402c4655c58cdf4bf71525529870beaddbf09d91eb041311a4eb8d81e,Lyft,"Data Science Intern, Algorithms (Summer 2027 - SF/NYC)","New York, NY",summer_2027,ai_product,mba_unknown,https://app.careerpuck.com/job-board/lyft/job/8796124002?gh_jid=8796124002,open
0a54b191422cfc6fc08b36bed2bedd65363e7966ed0312130242d4f21f4e5819,Lyft,"Data Science Intern, Algorithms (Summer 2027 - SF/NYC)","San Francisco, CA",summer_2027,ai_product,mba_unknown,https://app.careerpuck.com/job-board/lyft/job/8767723002?gh_jid=8767723002,open
304f939d79b8b9ecc665b1eb06c3084d54f6e0510791224dd52add1c051675e2,Lyft,"Software Engineer Intern, Backend (Summer 2027 - SF)","San Francisco, CA",summer_2027,other_mba_tech,mba_unknown,https://app.careerpuck.com/job-board/lyft/job/8767726002?gh_jid=8767726002,open
07df98c85a171a8e4345a75fbce4a1a3d40aa0c1b2c3f354ce1f4d63709ccfe9,Figma,Data Science Intern (2027),"San Francisco, CA • New York, NY",summer_2027,ai_product,mba_unknown,https://boards.greenhouse.io/figma/jobs/6178857004?gh_jid=6178857004,open
64dc910999452817f2c4b8e98baea6c5ae750272bb29de46fa332b223ab6c94f,Figma,Product Design Intern (2027),"San Francisco, CA • New York, NY",summer_2027,ai_product,mba_unknown,https://boards.greenhouse.io/figma/jobs/6180005004?gh_jid=6180005004,open
27e40e1be3f1847b1101e42aff771282fd8bd50afc0b0ac9636ba3dfca0c0550,Lyft,Data Analyst Intern (Summer 2027),"New York, NY",summer_2027,other_mba_tech,mba_unknown,https://app.careerpuck.com/job-board/lyft/job/8802198002?gh_jid=8802198002,open
8f1b1c3bad8e622d3d95789515ddf00f7e2a316ffa5414ff2c5f3b18803051ec,Coinbase,Payment Risk Intern,"Hybrid - New York, NY",summer_2027,ai_product,mba_unknown,https://www.coinbase.com/careers/positions/8175447?gh_jid=8175447,open
7106a87918cde7e64c10024f38a6165c2255aaabcb9945d396479801cc5f6326,Coinbase,Credit Risk Intern,"Hybrid - New York, NY",summer_2027,ai_product,mba_unknown,https://www.coinbase.com/careers/positions/8175369?gh_jid=8175369,open
672cb19a02782bc68a30babe48890290b396f80424ed7bdd68124c7214db2301,Coinbase,Sales Intern,"Hybrid - New York, NY",summer_2027,ai_product,mba_unknown,https://www.coinbase.com/careers/positions/8187551?gh_jid=8187551,open
6ba47c082388615d89020371380c6fa896218d7c83a368f42d058e0f8cf597ef,Coinbase,Strategic Finance Intern,"Hybrid - New York, NY",summer_2027,ai_product,mba_unknown,https://www.coinbase.com/careers/positions/8175438?gh_jid=8175438,open
ef6931b7dea3e4db32ae75195239dcb84dd7b3c98441abb1c04345d150f67549,Coinbase,Crypto Inventory Operations Intern,"Hybrid - New York, NY",summer_2027,ai_product,mba_unknown,https://www.coinbase.com/careers/positions/8175435?gh_jid=8175435,open
d8e5bf6d7c1f4b3d8c75687742987a5fdce63b4c7354bcdef28e4f864b1fab7a,Coinbase,Tax Operations Intern,"Hybrid - New York, NY",summer_2027,other_mba_tech,mba_unknown,https://www.coinbase.com/careers/positions/8175453?gh_jid=8175453,open
f81cf8fed9e41adac6848e5e526f2703b3e1c84f7aedb7b60a68fb3df680b538,Coinbase,Internal Audit Intern,"Hybrid - New York, NY",summer_2027,other_mba_tech,mba_unknown,https://www.coinbase.com/careers/positions/8175432?gh_jid=8175432,open
abe9b3bd94c165c3aa684a1456d17222c35790bde390608e45fbb8e8d03e4b8f,Coinbase,Business Controller Intern,"Hybrid - New York, NY",summer_2027,ai_product,mba_unknown,https://www.coinbase.com/careers/positions/8175366?gh_jid=8175366,open
011aa8d4a5c02ddf4d880c7bd380750aa2d207b57277961b325211703907e052,Coinbase,Accounting Intern,"Hybrid - New York, NY",summer_2027,ai_product,mba_unknown,https://www.coinbase.com/careers/positions/8173991?gh_jid=8173991,open
1d72af28145220ab8ca13b88170372de711c0ba6800ff092467d0c9cfda27556,Coinbase,Machine Learning Engineer Intern,"Hybrid - San Francisco, CA",summer_2027,ai_product,mba_unknown,https://www.coinbase.com/careers/positions/8175441?gh_jid=8175441,open
dbef2c325bb534951aec84ed473931ab37d735db24561c10ec51b24c13430090,Coinbase,Data Engineer Intern,"Hybrid - San Francisco, CA",summer_2027,ai_product,mba_unknown,https://www.coinbase.com/careers/positions/8175459?gh_jid=8175459,open
1a4fb7913e626d0263c233a1a194c2235483702f7dbfde91d74473c9983d4ca2,Coinbase,User Research Intern,"Hybrid - San Francisco, CA",summer_2027,ai_product,mba_unknown,https://www.coinbase.com/careers/positions/8175360?gh_jid=8175360,open
6d4bc9a5aa12ae3ed2280f0df373e5b317815a15db3c5334b7ae11f10d17f721,Coinbase,Associate Product Manager Intern,"Hybrid - San Francisco, CA",summer_2027,ai_product,mba_unknown,https://www.coinbase.com/careers/positions/8168322?gh_jid=8168322,open
e591b53290a49229dd3eb1229e28e86d1cd0d76c3de9b182396e3c3a6098b395,Coinbase,Product Design Intern,"Hybrid - San Francisco, CA",summer_2027,ai_product,mba_unknown,https://www.coinbase.com/careers/positions/8175339?gh_jid=8175339,open
0ccc3bc04c4bcc7b79571756a44c02a0c5758356d0ea60fbe3625122fe93a2ca,Amazon,Product Manager Technical (PMT) Intern - Summer 2027,"Seattle, WA, United States",summer_2027,product,mba_unknown,https://www.amazon.jobs/en/jobs/10509639/product-manager-technical-pmt-intern-summer-2027,open
b16f7cf61d4ffd7f6f490a50b1195d937268a20d928b2a716d36c2b517d321db,Amazon,2027 Amazon Leadership Accelerator (ALA) Product Manager Internship,"Seattle, WA, United States",summer_2027,product,mba_unknown,https://www.amazon.jobs/en/jobs/10491935/2027-amazon-leadership-accelerator-ala-product-manager-internship,open
83f5123028ec7d0635352bfbeb3f70b8e22a08204183065084a0419fcc6d7415,Amazon,2027 MBA Leadership Development Program (MLDP) Intern,"Seattle, WA, United States",summer_2027,ai_product,mba_required,https://www.amazon.jobs/en/jobs/10491603/2027-mba-leadership-development-program-mldp-intern,open
9c34e5e2e7caddb1c1906f984fef506342415286566d1c528dac43acb5502edd,Reddit,Senior Data Scientist - Consumer,Remote - United States,unstated,ai_product,mba_unknown,https://job-boards.greenhouse.io/reddit/jobs/8126946,open
a1b6a165710142a7d1400c241c6ae6a8b48f060e282fb8eb804b031d100b0d18,Datadog,Accounts Payable Analyst,"New York, New York, USA",unstated,other_mba_tech,mba_unknown,https://careers.datadoghq.com/detail/8257324/?gh_jid=8257324,open
fde395940277fd5face086e6edf3b795fc7e72c642c1cd51b0bb51cb74fd8f97,Reddit,International Payroll Analyst,Remote - United States,unstated,other_mba_tech,mba_unknown,https://job-boards.greenhouse.io/reddit/jobs/8192369,open
fc3850467720bce09371fc10a57be9ed197ae55565adf9ec3cba943281d6217f,Reddit,"Machine Learning Manager, Feed Ecosystems",Remote - United States,unstated,ai_product,mba_unknown,https://job-boards.greenhouse.io/reddit/jobs/8095009,open
f78250eb90904d0f5f4159214a0e4d4ed7dbbf5f8a752520b1c80b23de28ccce,Reddit,"Staff Software Engineer , Observability",Remote - United States,unstated,ai_product,mba_unknown,https://job-boards.greenhouse.io/reddit/jobs/8131228,open
f56e776c07b2a78c0042e0403b3c3efd32d3163f42e4f7140f74b786e1b0c04f,Reddit,"Staff Threat Analyst, Ads Fraud",Remote - United States,unstated,ai_product,mba_unknown,https://job-boards.greenhouse.io/reddit/jobs/8189395,open
f49bad4964d1b2727f0d6cc316d22d6550a32cd13dff5e27df3bfb845246bf63,Reddit,"Staff iOS Engineer, Media Foundation",Remote - United States,unstated,ai_product,mba_unknown,https://job-boards.greenhouse.io/reddit/jobs/7895156,open
f1157eb2dae7425ae807e23948d1043ebc1cdd2fc257b95d1c26a82f1f51d982,Reddit,"Senior Software Engineer, Core Platform","Chicago, IL",unstated,other_mba_tech,mba_unknown,https://job-boards.greenhouse.io/reddit/jobs/8022448,open
ea2f7f361900a333f87b756c8adf49d0b356469165cfd399a341817550906cdd,Reddit,Machine Learning Engineer,"San Francisco, CA",unstated,ai_product,mba_unknown,https://job-boards.greenhouse.io/reddit/jobs/8244082,open
e99e31e95d79d20fa4652f254a71b89ebf58c40647cff19232f4dfff899bfd89,Reddit,"Staff Data Scientist, Ads",Remote - United States,unstated,ai_product,mba_unknown,https://job-boards.greenhouse.io/reddit/jobs/7721787,open
e84930516bbc45322b59f817382888ef7b0806bd85ba9be7284705c8822dae66,Reddit,"Senior Frontend Engineer, Ads Creative",Remote - United States,unstated,ai_product,mba_unknown,https://job-boards.greenhouse.io/reddit/jobs/8175520,open
e3fbf1f8f0a63e43d19630844205db3070be90a184e5739dd7bfb454bea3c14c,Reddit,"Ads Conversion Modeling, Machine Learning Engineering Manager",Remote - United States,unstated,other_mba_tech,mba_unknown,https://job-boards.greenhouse.io/reddit/jobs/7792848,open
dd3f9f56bb29f7e431459a75fb74175509b6dd5e83aabd8e613d627262f97fe3,Reddit,Staff Product Security Engineer,Remote - United States,unstated,ai_product,mba_unknown,https://job-boards.greenhouse.io/reddit/jobs/7868511,open
dc959b6fff57de233abd4e97b97a8cef71bb9df649a0cf4ea8dc3bb446f2251e,Reddit,"Senior Staff Machine Learning Engineer, ML Understanding",Remote - United States,unstated,ai_product,mba_unknown,https://job-boards.greenhouse.io/reddit/jobs/8243010,open
dba0955a9f0ec71d8a39677321e785f1a03c5c29067433b8d1f95efa434c2c67,Reddit,"Senior Director, Product & Technology Finance",Remote - United States,unstated,ai_product,mba_required,https://job-boards.greenhouse.io/reddit/jobs/8011163,open
daa2a5b937ac0afca43703edd37c9bf285e227e3ca502216a0e655df09633824,Reddit,"Senior Director, Data Science",Remote - United States,unstated,ai_product,mba_unknown,https://job-boards.greenhouse.io/reddit/jobs/8226397,open
d8d86c19c7356fe809bd61ef369f0d3a33a9ee96264be7c59d8ae6295a414337,Reddit,Senior Creative Strategist - App Dev,"New York City, NY",unstated,ai_product,mba_unknown,https://job-boards.greenhouse.io/reddit/jobs/7769002,open
d6d5c605c9eb76059df7ded550bf024cccd0eebf366d961b0cf75ba288110a81,Reddit,"Staff Product Designer, Presence",Remote - United States,unstated,ai_product,mba_unknown,https://job-boards.greenhouse.io/reddit/jobs/8120566,open
d5467235152764e94b582db9ae692b9f3950ed7ea54b254ef366f44034a8b572,Reddit,"Backend Engineer, IAM",Remote - United States,unstated,ai_product,mba_unknown,https://job-boards.greenhouse.io/reddit/jobs/8189317,open
d48dfc292806d8c0723b8042df451cddf8c71e657c955ed56922006126bc591c,Reddit,Global Indirect Tax Manager ,Remote - United States,unstated,ai_product,mba_unknown,https://job-boards.greenhouse.io/reddit/jobs/8186566,open
d44477108f8c583c8dfeaa7a5059b5a2888cf565b7e859d453d9200f3b1f33b7,Reddit,"Director, Privacy Legal",Remote - United States,unstated,ai_product,mba_unknown,https://job-boards.greenhouse.io/reddit/jobs/8164961,open
d1d5255c94d67d5f8f019b12745fb3a92d0fae5e975b7fae67c6403255ae9f85,Reddit,"Software Engineer, Consumer Engineering",Remote - United States,unstated,ai_product,mba_unknown,https://job-boards.greenhouse.io/reddit/jobs/8172457,open
d1520e2c2fcec4516bd00595af8d24c3cb92adefe7c6ebf7de19a1a4d82731a5,Reddit,"Senior Staff Machine Learning Engineer, Ads Ranking ",Remote - United States,unstated,ai_product,mba_unknown,https://job-boards.greenhouse.io/reddit/jobs/8201359,open
d14d35dc6b03e9c180c4a288ccd9f2e94d673c03e733699de31bb3123d9e63d7,Reddit,"Senior Manager, Community Growth & Intelligence",Remote - United States,unstated,ai_product,mba_unknown,https://job-boards.greenhouse.io/reddit/jobs/8180811,open
d0969d046b5310d4a73b155e36ca38d31f84a8fd6713ab3182bcac9fa6204a94,Reddit,"Staff Machine Learning Engineer, Consumer ",Remote - United States,unstated,ai_product,mba_unknown,https://job-boards.greenhouse.io/reddit/jobs/7747244,open
cd9c6d54c82dd82958e7d1f621146e51602ec776d4a83eaeb81cb6b7da3d1c1a,Reddit,"Senior Software Engineer, Agentic Ads Experience",Remote - United States,unstated,ai_product,mba_unknown,https://job-boards.greenhouse.io/reddit/jobs/7980795,open
cd3f8eca0af1b7b73e5d9477ffa6087e815a36603993933325747b7dff92b121,Reddit,Staff Software Engineer - Ingestion Platform ,Remote - United States,unstated,ai_product,mba_unknown,https://job-boards.greenhouse.io/reddit/jobs/8205402,open
cc5f10913ff04746fe05eba96234dbc0f068f476e27c872baf130cb01bf5f4c8,Reddit,"Staff Product Manager, Ads Safety (Ads Review)",Remote - United States,unstated,ai_product,mba_unknown,https://job-boards.greenhouse.io/reddit/jobs/8070669,open
c4c00f83028329c5d6df89bdb83795a9020fc9f2a3b440843a5fb4c87709c769,Reddit,"Senior Client Account Manager, App Dev Enterprise","New York City, NY",unstated,ai_product,mba_unknown,https://job-boards.greenhouse.io/reddit/jobs/8171546,open
c0b06b52a6cb974ea09b862860f61837c9e16ccb506ff24c40aba3664bd9f3a9,Reddit,"Chief of Staff, Global Sales","New York City, NY",unstated,ai_product,mba_unknown,https://job-boards.greenhouse.io/reddit/jobs/8187521,open
bfef6348f22e70a1bebe989854e3edd15a537937f14017011075f5efbbc85f6d,Reddit,Senior Staff Data Scientist - Consumer Experimentation,Remote - United States,unstated,ai_product,mba_unknown,https://job-boards.greenhouse.io/reddit/jobs/7974504,open
befe437d70a355e36c9798d0f04f529e31969e0272dd083f564f8cc1c3e20392,Reddit,"Senior Director of Product, Advertiser Platform & Advertiser Experiences",Remote - United States,unstated,ai_product,mba_unknown,https://job-boards.greenhouse.io/reddit/jobs/7746311,open
bc5921a6edc22de895112695ee40f12e6499979e841a4978d0daab2546caa722,Reddit,"Senior Backend Engineer, IAM",Remote - United States,unstated,ai_product,mba_unknown,https://job-boards.greenhouse.io/reddit/jobs/8044767,open
ba1162aca868fc216dc258f118a303590ce36f1f2eb2415929b370c65a4664ea,Reddit,"Senior iOS Engineer, Media Experience","San Francisco, CA",unstated,ai_product,mba_unknown,https://job-boards.greenhouse.io/reddit/jobs/8211850,open
b378c84fa475663965a0783f2f16aaffbe7c804027db66b7faf3386bda73c1db,Reddit,"Staff Machine Learning Engineer, Ads Creative Effectiveness",Remote - United States,unstated,ai_product,mba_unknown,https://job-boards.greenhouse.io/reddit/jobs/8250389,open
b1e2d8a05b73b3b845950031ffa4b24885d70739e09d72fa55dfcb833c2f7e49,Reddit,"Senior Site Reliability Engineer, Ads","San Francisco, CA",unstated,other_mba_tech,mba_unknown,https://job-boards.greenhouse.io/reddit/jobs/8090680,open
ad198c8ce15b5c38d3fa50ea9cf212cfa5c36cf2867704fa0e2fef2cdedb095c,Reddit,"Staff Software Engineer, Consumer Engineering",Remote - United States,unstated,ai_product,mba_unknown,https://job-boards.greenhouse.io/reddit/jobs/8205702,open
a91f20e7e7504e97fc0de6cbb672bfe3824e131ede4912e8f934e1897de46676,Reddit,"Engineering Manager, Notifications Platform",Remote - United States,unstated,ai_product,mba_unknown,https://job-boards.greenhouse.io/reddit/jobs/8095476,open
a08f520e1021290f820011ab3b165e20f6523c905add35a4df8170c005f5f7e4,Reddit,"Frontend Engineer, Ads",Remote - United States,unstated,ai_product,mba_unknown,https://job-boards.greenhouse.io/reddit/jobs/8194576,open
9f5bd24d9def66df80d2cf4d848ae04fe05d5db22e55fddeee10f5f3f9be8fce,Reddit,"Senior Staff Machine Learning Systems Engineer, Ads ML Platform",Remote - United States,unstated,ai_product,mba_unknown,https://job-boards.greenhouse.io/reddit/jobs/8157275,open
9a3f40fd81c3e830cb21071f5396ab5b663e7330d42f60583716d8d44f7eb9b7,Reddit,"Front End Software Engineer, Media Player",Remote - United States,unstated,ai_product,mba_unknown,https://job-boards.greenhouse.io/reddit/jobs/8198102,open
98ca6288281446f95d1cfa58b2f21ff9c25a4dd517c595c2902943a291ceae88,Reddit,"Senior Staff Machine Learning Engineer, GenAI Platform",Remote - United States,unstated,ai_product,mba_unknown,https://job-boards.greenhouse.io/reddit/jobs/7772274,open
988f53676dee3779d7135e177302ceec5b4a785375c844f525ebb0fc45b8b230,Reddit,"Principal Technical Program Manager, Performance",Remote - United States,unstated,ai_product,mba_unknown,https://job-boards.greenhouse.io/reddit/jobs/7947049,open
9831c0eaf8a52159e6b77db0e2906abe4e17773a246cce10a2c40d4e40ec556c,Reddit,"Senior Software Engineer, Core Platform","Los Angeles, CA",unstated,other_mba_tech,mba_unknown,https://job-boards.greenhouse.io/reddit/jobs/8022447,open
98203a614fa9045e289e5b99572a99f78abdc15cbd825dc689aee1eac3c718e0,Reddit,Senior Software Engineer - DevX,Remote - United States,unstated,ai_product,mba_unknown,https://job-boards.greenhouse.io/reddit/jobs/7950520,open
97403952a217c827bf12c9c85e454cbe6da4c5ca66aa4e8d9cd4a93122d8f6b7,Reddit,"Staff Product Manager, Ads Formats",Remote - United States,unstated,ai_product,mba_unknown,https://job-boards.greenhouse.io/reddit/jobs/8167412,open
95be43674602bf55cc4d0b3c3b59189f449e1a9f1297bd9962b79340125b370b,Reddit,Senior Software Engineer - Messaging,Remote - United States,unstated,ai_product,mba_unknown,https://job-boards.greenhouse.io/reddit/jobs/8106246,open
95b5df22595e274a6195db6184b9160d15974949cdf40624b77d01f1a0d6798c,Reddit,3rd Party Partnerships Manager - Signals,"New York City, NY",unstated,ai_product,mba_unknown,https://job-boards.greenhouse.io/reddit/jobs/8089959,open
9359c42c34480521b991e92617f5415286cf1915b245ce4c76d5cb169e37fbcb,Reddit,"Staff Software Engineer, Identity & Access Management",Remote - United States,unstated,other_mba_tech,mba_unknown,https://job-boards.greenhouse.io/reddit/jobs/8031491,open
8a477abb3b2005c1bb5a10f24bf38837cab8c59482ca554dc91568f3ac23eddb,Reddit,"Principal Data Scientist, Ads",Remote - United States,unstated,ai_product,mba_unknown,https://job-boards.greenhouse.io/reddit/jobs/7330347,open
83a5b6c8701e072571bd6141de21d5c2b8e8e4f3f64715c428be1bf556f4dc90,Reddit,"Senior Software Engineer, Storage",Remote - United States,unstated,ai_product,mba_unknown,https://job-boards.greenhouse.io/reddit/jobs/7511679,open
7f283bca655b59a36ed95825347c9565b430d57dbdb84851205aaf9677e837cc,Reddit,Senior Community Lifecycle Manager,Remote - United States,unstated,ai_product,mba_unknown,https://job-boards.greenhouse.io/reddit/jobs/8168390,open
7cab8b55bbbbbb82efdf86fcb64e20fce26f067a8fc5f86f637ace4b50802e3a,Reddit,"Staff Software Engineer, DevPlatform",Remote - United States,unstated,ai_product,mba_unknown,https://job-boards.greenhouse.io/reddit/jobs/8049901,open
78c4e2b8ce270756596496c474b9e3858a4c950100a1055b4203389ad877f1b8,Reddit,"Senior Software Engineer, Core Platform",Remote - United States,unstated,other_mba_tech,mba_unknown,https://job-boards.greenhouse.io/reddit/jobs/8022441,open
789b2c670e7144c1e6cd910552505c71e60df19598175e2c87279bf2151427d7,Reddit,"Frontend Engineer, Ads Campaign Manager",Remote - United States,unstated,ai_product,mba_unknown,https://job-boards.greenhouse.io/reddit/jobs/8240716,open
728058e3cdd0c071ec54cde2c7e302cbea0e8b818cc8d0b69b344a27c7407dfd,Reddit,Revenue Strategy & Operations Partner,"New York City, NY",unstated,ai_product,mba_unknown,https://job-boards.greenhouse.io/reddit/jobs/8239905,open
7090a5565e7a7b28e01de2ce7ad83bce18917ca5a25cd6b859a625ba36a0c60f,Reddit,"Senior Client Partner, Large Customer Sales (Tech)","Los Angeles, CA; San Francisco, CA",unstated,ai_product,mba_unknown,https://job-boards.greenhouse.io/reddit/jobs/8244090,open
6e4abe6f1fa07f9ab925826fc16aa6f21a9373c4368378e0b5c1da8267c9b2f3,Reddit,"Director, Revenue Strategy & Operations (Large Customer Sales)","Los Angeles, CA",unstated,ai_product,mba_unknown,https://job-boards.greenhouse.io/reddit/jobs/8195629,open
6b74850dfd60f460786d75b5128fb8e2b0399cc05032a480a2d1a2ae8eb3c9e3,Reddit,Software Engineer,"San Francisco, CA",unstated,ai_product,mba_unknown,https://job-boards.greenhouse.io/reddit/jobs/8243443,open
691250eafb0858b2434138c28478731275698dc51aa94f7b729d3cd8c27383d0,Reddit,"Staff Data Scientist, Marketing",Remote - United States,unstated,other_mba_tech,mba_unknown,https://job-boards.greenhouse.io/reddit/jobs/7445240,open
67aac17618c0059930cb08bb7ff468a49e39b81b66a1ed9fecac38c38044b0bc,Reddit,"Senior Frontend Software Engineer, Consumer Engineering",Remote - United States,unstated,ai_product,mba_unknown,https://job-boards.greenhouse.io/reddit/jobs/8147617,open
6649d07b5ac4d7000e9907838315f460d5ac2ff626faf4b2014c0552b9032e0c,Reddit,Global Payroll Administrator,Remote - United States,unstated,other_mba_tech,mba_unknown,https://job-boards.greenhouse.io/reddit/jobs/8130311,open
66094f4c55c5c8fe3d134ef11b1924014b3555c988d156d941603274b1ac3d41,Reddit,"Senior Software Engineer, Core Platform","New York City, NY",unstated,other_mba_tech,mba_unknown,https://job-boards.greenhouse.io/reddit/jobs/8022449,open
5f68bc1c700aca1d23ad9cf3ef906bf0e336628eb4e1396fcc577b660951839e,Reddit,"Senior Data Scientist, Ads",Remote - United States,unstated,ai_product,mba_unknown,https://job-boards.greenhouse.io/reddit/jobs/8104403,open
5a7b37dd00a7059be753027261efe03bee6a0b1ee143b000fc85c44726d1ba1f,Reddit,"Staff Machine Learning Engineer, Retrieval",Remote - United States,unstated,ai_product,mba_unknown,https://job-boards.greenhouse.io/reddit/jobs/8178085,open
59c09abb5ed0f1635e882500705727e561da34df6527a62e348ebb6d986e57d7,Reddit,Senior Software Engineer - Full Stack Internal Tooling (Build and Deployment Platform),Remote - United States,unstated,ai_product,mba_unknown,https://job-boards.greenhouse.io/reddit/jobs/7976852,open
598f1ef26602c0f08fe1db5ab0951d1ea6baf8bbb6cf71b8feff403b5eb42dff,Reddit,"Staff Software Engineer, Onboarding",Remote - United States,unstated,ai_product,mba_unknown,https://job-boards.greenhouse.io/reddit/jobs/7961154,open
53a1958702d1bba7d5cc25a5e3fa558b0a8b1143441416a81b340ad07f629e7e,Reddit,Senior GTM Insights Automation Manager,"Chicago, IL; Los Angeles, CA; New York City, NY; San Francisco, CA",unstated,ai_product,mba_unknown,https://job-boards.greenhouse.io/reddit/jobs/8077785,open
51152fe16ae18691774eac04e116824bd7666c209b067a545d94e256c18be0a0,Reddit,"Lead Client Partner, Global Strategic Accounts (Tech)","New York City, NY",unstated,ai_product,mba_unknown,https://job-boards.greenhouse.io/reddit/jobs/8196302,open
511399415b17fca621705847d493fdb557aa5ff8b962a6d61061493a32a3b77c,Reddit,"Staff Data Scientist - Ads Measurement, Signals, Privacy",Remote - United States,unstated,ai_product,mba_unknown,https://job-boards.greenhouse.io/reddit/jobs/8072076,open
4e4a7179b50ed7c668cf271ccfbc51c07aa5e3d2a8022d85e1dd56728416364a,Reddit,"Staff Machine Learning Engineer, AI Security",Remote - United States,unstated,ai_product,mba_unknown,https://job-boards.greenhouse.io/reddit/jobs/8203478,open
472af31d6f36cf7eca18e1cbea52e465389fc16bb226d22ff71e44ad9f1d3a6f,Reddit,"Director, Revenue Strategy & Operations (Large Customer Sales)","New York City, NY",unstated,ai_product,mba_unknown,https://job-boards.greenhouse.io/reddit/jobs/8186447,open
3ead8706fc2718fc03836e5e72031472feda333169a9e400251fd3e0292c4624,Reddit,"Staff Software Engineer, Media Experience",Remote - United States,unstated,ai_product,mba_unknown,https://job-boards.greenhouse.io/reddit/jobs/8048988,open
3ba758ac65de89f7388d69be40e5daa0e71111a79f1c67472774da6e97f4389b,Reddit,"Senior Software Engineer, Consumer Engineering",Remote - United States,unstated,ai_product,mba_unknown,https://job-boards.greenhouse.io/reddit/jobs/8187247,open
376804a3755566540badcb655804e502642efce6cd1c3a4f94106cb66a5e37e7,Reddit,"Software Engineer, Ingestion Platform",Remote - United States,unstated,ai_product,mba_unknown,https://job-boards.greenhouse.io/reddit/jobs/8214910,open
35b028e6c7a21489ae6a1400be60802c2433d6eb135884e2ef2d50b99f4ce868,Reddit,Senior Business Engineer - Ads,Remote - United States,unstated,ai_product,mba_unknown,https://job-boards.greenhouse.io/reddit/jobs/7954598,open
355df3e432cb7b811b1f90cd8185cacea741fc868f679901daec3b819be95ca2,Reddit,"Staff Product Manager, Ads Signals",Remote - United States,unstated,ai_product,mba_unknown,https://job-boards.greenhouse.io/reddit/jobs/8145926,open
350e9a5170495d04a7ec8027c0504fbfe793bf8ce482b5331bb3292d2516a36f,Reddit,"Staff Android Engineer, Brand Ad Formats",Remote - United States,unstated,ai_product,mba_unknown,https://job-boards.greenhouse.io/reddit/jobs/8127002,open
342d9b2c28db53bae59ff267843591613aac804bbd1c000876ef90f3194df049,Reddit,"Staff Software Engineer, Media Foundations",Remote - United States,unstated,ai_product,mba_unknown,https://job-boards.greenhouse.io/reddit/jobs/8029641,open
31548640c6a6d275c7c8fd5a080ba601789fb68c7cf1ea304f038bf22e9cf4df,Reddit,"Front End Software Engineer, Consumer Engineering",Remote - United States,unstated,ai_product,mba_unknown,https://job-boards.greenhouse.io/reddit/jobs/8147559,open
2e7dc0dadd3b7b871471fffa793248bd0eda943d80f7ef662719ccf1415f24c0,Reddit,"Staff Machine Learning Engineer, App Ads Modeling",Remote - United States,unstated,ai_product,mba_unknown,https://job-boards.greenhouse.io/reddit/jobs/8187652,open
2d2db29848b8186591c62e912cb2bb4c0b2119b952c963d58057a4a3d2e3a592,Reddit,"Director, Revenue Strategy & Operations (Large Customer Sales)","San Francisco, CA",unstated,ai_product,mba_unknown,https://job-boards.greenhouse.io/reddit/jobs/8195620,open
2bd34f6eca87f4c4895e52d06d6fbcbf43152af012da606480fee5bddda385cd,Reddit,"Senior Backend Engineer, Compliance Engineering",Remote - United States,unstated,ai_product,mba_unknown,https://job-boards.greenhouse.io/reddit/jobs/8128860,open
2b71d0460f7f65b7f2476546a166a6d0fe25d706c8d1735f20ec0a1e1be67f11,Reddit,"Senior Client Account Manager, Global Strategic Accounts (Tech/AI)","San Francisco, CA",unstated,ai_product,mba_unknown,https://job-boards.greenhouse.io/reddit/jobs/8017242,open
2977a39c62f99ca1a0e29e22f98e550a56d7c85a3d6f7dd177673afd8d3c0c0f,Reddit,"Group Product Manager, Finance Technology",Remote - United States,unstated,ai_product,mba_unknown,https://job-boards.greenhouse.io/reddit/jobs/8075185,open
2968cd5dec2a1dddc63ca1ae62702d2fee9ce6d5901e7443ff31313251b23077,Reddit,"Senior Machine Learning Manager, Video Ranking ",Remote - United States,unstated,ai_product,mba_unknown,https://job-boards.greenhouse.io/reddit/jobs/8125507,open
2637767f6e762aae2d7737525d9380620127596166b27153e78d1927bad33c7c,Reddit,"Lead Client Partner, Global Strategic Accounts (Tech)","Los Angeles, CA; New York City, NY",unstated,ai_product,mba_unknown,https://job-boards.greenhouse.io/reddit/jobs/8249469,open
252803ee3d61bafbf7c62cce6662633c380deed6c31a85e815c67d34b682ce94,Reddit,"Senior Software Engineer, Home Experience",Remote - United States,unstated,ai_product,mba_unknown,https://job-boards.greenhouse.io/reddit/jobs/8155661,open
2342fcdd35370117d9467f6dc5f3f2796fa7b2bacc6fa70856f9ef8a38624bd7,Reddit,"Staff Machine Learning Engineer, Ads ML Efficiency",Remote - United States,unstated,ai_product,mba_unknown,https://job-boards.greenhouse.io/reddit/jobs/8247280,open
1f2e359245a93d18009c21d6686930fc2ee84f77b0c12498bf694ee1071eb81e,Reddit,"Machine Learning Manager, Feed Relevance (Retrieval)",Remote - United States,unstated,ai_product,mba_unknown,https://job-boards.greenhouse.io/reddit/jobs/8094985,open
1d902acb78c2a0c06bdd42a88bd748b974c1dcbcd2ee7b8a70819c19b4bf2e2d,Reddit,"Senior Staff Machine Learning Engineer, Feed Relevance",Remote - United States,unstated,ai_product,mba_unknown,https://job-boards.greenhouse.io/reddit/jobs/8122606,open
18ee31d88d3cdeb7e681aba52b9afef1783f3f7539c0a8969652ff0be92b5d23,Reddit,"Staff Product Designer, Growth",Remote - United States,unstated,ai_product,mba_unknown,https://job-boards.greenhouse.io/reddit/jobs/7701558,open
1415d5ae0282d41dae2a6edf4a277f7a80996469242f664ad368a02aa20baa28,Reddit,"Trust and Safety Policy, Ads Policy,  Lead",Remote - United States,unstated,ai_product,mba_unknown,https://job-boards.greenhouse.io/reddit/jobs/8159077,open
13f7fa88152c01224921de53988f6e42c2ad5d57c70cc933948da2fe9a814ca6,Reddit,Senior Litigation Paralegal,"San Francisco, CA",unstated,other_mba_tech,mba_unknown,https://job-boards.greenhouse.io/reddit/jobs/8130697,open
13a6f76bb78a996b9b7d45f284b283d4708d3c99e76cbf1e7a2d2d7b32b76e18,Reddit,"Senior Product Manager, Go-To-Market Systems ","Chicago, IL; Los Angeles, CA; New York City, NY; San Francisco, CA",unstated,ai_product,mba_unknown,https://job-boards.greenhouse.io/reddit/jobs/8212175,open
12a742a60adcf74d97b981227497d36143014fe4fefae804efb664cc4f4231f2,Reddit,"Senior Product Manager, Ads -  Shopping Catalogs",Remote - United States,unstated,ai_product,mba_unknown,https://job-boards.greenhouse.io/reddit/jobs/8120503,open
112d2da6d9576a3dce1d3a9b07c9c65e0834cc80cfd47c8ba162bfc439ae2dcf,Reddit,Staff Machine Learning Systems Engineer,Remote - United States,unstated,other_mba_tech,mba_unknown,https://job-boards.greenhouse.io/reddit/jobs/7731788,open
0ad838dc7edfc1b3719796408da8cf22bfc42bb837ef35bd36889bd99918f20a,Reddit,"Senior Data Scientist, Ads Integrity",Remote - United States,unstated,ai_product,mba_unknown,https://job-boards.greenhouse.io/reddit/jobs/8157580,open
0889c3240d2edfa36882a095aebc0b512f77c041fb34dd288de3077fb3074cb4,Reddit,"Senior Product Manager, Notifications",Remote - United States,unstated,ai_product,mba_unknown,https://job-boards.greenhouse.io/reddit/jobs/8237639,open
0878863661008e724de415edef8e0c723cdcec1b26409a9d6668a72ef7f9be9a,Reddit,"Director, Revenue Strategy & Operations (Large Customer Sales)","Chicago, IL",unstated,ai_product,mba_unknown,https://job-boards.greenhouse.io/reddit/jobs/8195627,open
07a80f7095c2ae107aa7ec493ef8813fbf0a11502f0f3bbf26177f2783034d48,Reddit,Senior Machine Learning Systems Engineer,Remote - United States,unstated,other_mba_tech,mba_unknown,https://job-boards.greenhouse.io/reddit/jobs/7731772,open
06a4d438a8ab08adb0f93919bd9a716064f7d226b46e0aadb728e86c63a4e4ea,Reddit,"Senior Backend Engineer, Safety",Remote - United States,unstated,ai_product,mba_unknown,https://job-boards.greenhouse.io/reddit/jobs/8093006,open
f85753094b06e964351250b65b5f759bdcab51b670ce30c425e91ba955b4b170,Reddit,"Senior Software Engineer, Ads",Remote - United States,unstated,ai_product,mba_unknown,https://job-boards.greenhouse.io/reddit/jobs/6909091,open
e44a2c05365dd9daa52c11395dae4d91df6be241772bbaf560711e670290297f,Reddit,"Senior Principal Program Manager, GTM Excellence","Chicago, IL; Los Angeles, CA; New York City, NY; San Francisco, CA",unstated,ai_product,mba_unknown,https://job-boards.greenhouse.io/reddit/jobs/8125836,open
dd0127aa174aea69b8b2f0624eb9dee471cf97af734d22a2cb994b51bb296bf6,Reddit,Staff Technical Program Manager,Remote - United States,unstated,ai_product,mba_unknown,https://job-boards.greenhouse.io/reddit/jobs/8049762,open
c4f8558862910c50b16d1be8f6c0f4fde25d32bc5f0e8262356fc1a7e88f0c66,Reddit,"Senior Software Engineer, Core Platform","San Francisco, CA",unstated,other_mba_tech,mba_unknown,https://job-boards.greenhouse.io/reddit/jobs/8022446,open
c3d08d7b1268668cebfeef51e0c39ebfe500eedb932a3549750a52dce6dcde79,Reddit,"Senior Client Partner, Large Customer Sales (Big Box Retail)","Chicago, IL; New York City, NY",unstated,ai_product,mba_unknown,https://job-boards.greenhouse.io/reddit/jobs/8140121,open
b53699f8eb023b5b1df978801a4f28b28b06fff6008b7fb83be949e11788f0e3,Reddit,Senior Machine Learning Engineer,Remote - United States,unstated,ai_product,mba_unknown,https://job-boards.greenhouse.io/reddit/jobs/6960831,open
ad353e9e04e1c862066405de69a1a22e8cab4f50fb5d8f588b68fd264828811e,Reddit,"Senior Staff Software Engineer, Client Architecture",Remote - United States,unstated,ai_product,mba_unknown,https://job-boards.greenhouse.io/reddit/jobs/8060775,open
a63f779eb1f44943ecb3c2290e4219c03c21ab2b467c6ac38eaf434d6bfdf225,Reddit,"Staff Site Reliability Engineer, Ads","San Francisco, CA",unstated,ai_product,mba_unknown,https://job-boards.greenhouse.io/reddit/jobs/7909463,open
a50d352550adb4c796db00150dc923522e31093d86182aab69f017753dd5e148,Reddit,"iOS Software Engineer, Consumer Engineering",Remote - United States,unstated,ai_product,mba_unknown,https://job-boards.greenhouse.io/reddit/jobs/8250125,open
95b237f1469fee7a9f80aad18bf422a8252e9a51c944ea900fcc68184d1b913a,Reddit,"Staff Technical Product Manager, Ads ML Platform ",Remote - United States,unstated,ai_product,mba_unknown,https://job-boards.greenhouse.io/reddit/jobs/7954001,open
5f85526ded73c038e57b380137622e504c4a0bd47edd5897559a464f19373860,Reddit,"Software Engineer, Ads",Remote - United States,unstated,ai_product,mba_unknown,https://job-boards.greenhouse.io/reddit/jobs/6469397,open
5f23d4ad82657474a4946cfeed4b522aad6756bf73b7dad276e8d2a2905622ff,Reddit,Staff Software Engineer - Site Defense,Remote - United States,unstated,other_mba_tech,mba_unknown,https://job-boards.greenhouse.io/reddit/jobs/8175131,open
508124e74bab483e2394aabe9796bbab0dfcc0f95cb476781660283f24563deb,Reddit,"Client Account Manager, Large Customer Sales (Tech)","Los Angeles, CA; San Francisco, CA",unstated,ai_product,mba_unknown,https://job-boards.greenhouse.io/reddit/jobs/8049518,open
3705ede0776a84f961f7302a5586269f2ae6955759bbcb0017db4aca59d6f059,Reddit,"Senior Software Engineer, Media Creation",Remote - United States,unstated,ai_product,mba_unknown,https://job-boards.greenhouse.io/reddit/jobs/8100220,open
2dc29ecdb45172e201fb79e0b2ef05e83709e4c2a48e4f7a1a96c5dc11c1d1d8,Reddit,"Senior Business Analyst, Revenue Analytics",Remote - United States,unstated,ai_product,mba_unknown,https://job-boards.greenhouse.io/reddit/jobs/8023563,open
2b0b3cf1639c77bcbe90c0b1233d5ed94f1e105b4bc3d7d49c608cf2e42ba4e1,Reddit,"Principal UX Engineer, Ads",Remote - United States,unstated,ai_product,mba_unknown,https://job-boards.greenhouse.io/reddit/jobs/8122887,open
1ca875dbf4a658e782d283649f11f4219972e3ae4c3e2eaf2e44aa69bbe45843,Reddit,"Director, Intellectual Property",Remote - United States,unstated,ai_product,mba_unknown,https://job-boards.greenhouse.io/reddit/jobs/8142128,open
0e9afb6d10baa5a492e3769124238e4e587cbddb0e56484bb82cf933a10717bd,Reddit,"Software Engineer, Content Platform",Remote - United States,unstated,ai_product,mba_unknown,https://job-boards.greenhouse.io/reddit/jobs/8139781,open
3d7a3d31bacd19e7da9f4401ce1ae49cea3670afc2ceb11073380e8fefd588ef,Gusto,"Manager - Developer Productivity, AI Tools","Denver, CO - Hybrid; New York, NY - Hybrid; San Francisco, CA - Hybrid",unstated,ai_product,mba_unknown,https://job-boards.greenhouse.io/gusto/jobs/8120017,open
378527152d298e038dd3b5a945d52dbd1d527452871617209385a082f4ad0a37,Braze,Talent Development Operations & Program Specialist,New York City,unstated,ai_product,mba_unknown,https://job-boards.greenhouse.io/braze/jobs/8192090,open
102831aa2d063991f92a3be3c66fccfaed9c7aaf06b360f4febc969ed464cda9,Gusto,"Staff Software Engineer, Unified Services Platform","Denver, CO - Hybrid; New York, NY - Hybrid; San Francisco, CA - Hybrid",unstated,other_mba_tech,mba_unknown,https://job-boards.greenhouse.io/gusto/jobs/8144140,open
a239f289082ee7e3c58595fc57818d9b7b8335d8222eccc324ff9f21bfccafd5,Gusto,"Staff Software Engineer, Gustie Assist","Denver, CO - Hybrid; New York, NY - Hybrid; San Francisco, CA - Hybrid",unstated,ai_product,mba_unknown,https://job-boards.greenhouse.io/gusto/jobs/8095028,open
69a7ac60b49257304fdc9310748df75afa74380f8b708045cdbd706d1a43ee3d,Peloton,Studio Producer (L5),"New York, New York",unstated,ai_product,mba_unknown,https://careers.onepeloton.com/en/all-jobs/?gh_jid=8094308,open
e16644c62993f1d740fa9d7ac20614ef8cfbce2bee00b8b649e42ba543864f4a,Datadog,Strategic Finance Analyst,"New York, New York, USA",unstated,ai_product,mba_required,https://careers.datadoghq.com/detail/8257306/?gh_jid=8257306,open
a9270b7b7065371100a05385d347ba159e44fd64be38d8fd7c9b19e11c62bdf5,Affirm,"Software Engineer II, Backend (Decisions Orchestration)",Remote US,unstated,other_mba_tech,mba_unknown,https://job-boards.greenhouse.io/affirm/jobs/8003016003,open
5663d59c929d86ece5d7c95d071fd7a7727c967b5e824840a94d6942b8948171,Stripe,Privacy Operations Program Manager,US Remote,unstated,other_mba_tech,mba_unknown,https://stripe.com/jobs/search?gh_jid=8053517,open
a32e6fbc1743b2a7977f9d60082a0a2cd4c1fbeb521750d1cf1da59b9bc7ea43,Klaviyo,Global New Hire Onboarding Lead,"Boston, MA",unstated,other_mba_tech,mba_unknown,https://www.klaviyo.com/careers/jobs/7808689003?gh_jid=7808689003,open
7f16e9f38f950058c7735b845edea611538a9f61f94be473df166573a219dd72,Datadog,"Solution Architect, Datadog for Startups","San Francisco, California, USA",unstated,ai_product,mba_unknown,https://careers.datadoghq.com/detail/7536402/?gh_jid=7536402,open
6a0a6a955a17c9a273153001aef52354a3f0e46915ec797ede2f81559594ea5e,Peloton,Sr. Product Manager,"New York, New York",unstated,ai_product,mba_unknown,https://careers.onepeloton.com/en/all-jobs/?gh_jid=8247000,open
5e485b96d9683aba3308a9f2d4745a35d5e431921ecc46f716e7bf82326d1bc1,Scale AI,"Frontier Agent Engineering Manager, Enterprise","San Francisco, CA; New York, NY",unstated,ai_product,mba_unknown,https://job-boards.greenhouse.io/scaleai/jobs/4602177005,open
167df1542a861558ab8ca200a86044e721fd024cf9a74cc5bceb4f045db1d1cf,Stripe,Security Analyst ,US Remote,unstated,other_mba_tech,mba_unknown,https://stripe.com/jobs/search?gh_jid=8142302,open
0fbb776004076f604b4e25c599a91335e7fdb302d21773a16e867ba5509d32ef,Datadog,"Director, User Research - Product Design","New York, New York, USA",unstated,ai_product,mba_unknown,https://careers.datadoghq.com/detail/7514534/?gh_jid=7514534,open
a0612ce53028e746069375aa3183b461bfeb183257226226922a1f762bc6bb04,Okta,Product Acceleration Specialist,"San Francisco, California",unstated,ai_product,mba_unknown,https://www.okta.com/company/careers/opportunity/8258402?gh_jid=8258402,open
553617c09031023d4ef2ee0772b9a9d11b64de74b65807f9caaf1a9335176291,MongoDB,Senior Financial Analyst,Austin; New York City; Palo Alto; San Francisco,unstated,ai_product,mba_unknown,https://www.mongodb.com/careers/job/?gh_jid=8237572,open
00ae5c84f7a74a9f063e6a327740b67ecf1f4ad434c10ab2f1eb8592151fff22,Databricks,Strategic Core Account Executive,West Coast - United States,unstated,ai_product,mba_unknown,https://databricks.com/company/careers/open-positions/job?gh_jid=8868531002,open
778a37aebde9c9645446f112b2324a65bc55620eadb88eb73b2cc309f5557e14,Databricks,"Sr. Manager, Engineering - AI/BI","Mountain View, California; San Francisco, California",unstated,ai_product,mba_unknown,https://databricks.com/company/careers/open-positions/job?gh_jid=8862144002,open
93938a166ff436fe398f2aa124d00c422d54feee771adf941ea23970700de647,Databricks,"Manager, Field Engineering - Strategic Digital Native Business","San Francisco, California",unstated,ai_product,mba_unknown,https://databricks.com/company/careers/open-positions/job?gh_jid=8859577002,open
5e582a1da79f543141e3c0bbbc9abb0633bee580606b91938b0d7f8c4e3dad89,Databricks, Scaled Engagement Manager ,United States,unstated,ai_product,mba_unknown,https://databricks.com/company/careers/open-positions/job?gh_jid=8856932002,open
9c36fce179acf438a298f27fa5ed990e34f202421da594b723204061d8920298,Databricks,Data+AI Workforce Transformation Practitioner — Customer Delivery,United States,unstated,other_mba_tech,mba_unknown,https://databricks.com/company/careers/open-positions/job?gh_jid=8859666002,open
eb5759dd682b41e00e5406da03fb4419293a2b16f0c0aefd2b7aac7ad754dc95,Databricks,Strategic Account Executive - Retail vertical ,Remote - California,unstated,ai_product,mba_unknown,https://databricks.com/company/careers/open-positions/job?gh_jid=8855804002,open
06b7ea5f1bfde1c9646b24ce7801bde7488c85bdaae9d7259829db308779d61a,Databricks,"Staff Product Designer, Agentic Coding","Mountain View, California; San Francisco, California; Seattle, Washington",unstated,ai_product,mba_unknown,https://databricks.com/company/careers/open-positions/job?gh_jid=8854693002,open
cdaec4c3bb41351bf7908da5b6f4452be62a95d15d1251e7f72b45827cb1cb3c,Databricks,"Staff Product Manager, US Public Sector",Remote - California; Remote - Virginia; Remote - Washington D.C.,unstated,ai_product,mba_unknown,https://databricks.com/company/careers/open-positions/job?gh_jid=8831555002,open
ad8a40e6e433d6795ef1b7115be0340a4c55ba2717a614bea02addf4eb3c2475,Databricks,"Strategic Enterprise Account Executive, Healthcare",Remote - California,unstated,ai_product,mba_unknown,https://databricks.com/company/careers/open-positions/job?gh_jid=8829996002,open
5c51b64c88506762b09621cb0604193f330c7814e73ddfbf15c28c6a12b285b7,Databricks,"Named Hunter Enterprise Account Executive, Healthcare",Northeast - United States; Southeast - United States,unstated,ai_product,mba_unknown,https://databricks.com/company/careers/open-positions/job?gh_jid=8829296002,open
c331240f15940af343511a201a27a46879e6e06511da4273be016fa0b4446dab,MongoDB,Technical Services Engineer - Weekend Shift,United States,unstated,ai_product,mba_unknown,https://www.mongodb.com/careers/job/?gh_jid=8070616,open
a50e9b62b4f0f6d636b135bbea4bd4a4cd4c1ab2fe0ca34c263569a09e995eb0,MongoDB,Senior Consulting Engineer,Arizona; California; Washington,unstated,ai_product,mba_unknown,https://www.mongodb.com/careers/job/?gh_jid=8146372,open
9cdb77108eea3aa08ca381a9b3a01da91ec75d2a0b4eb3d686fd8b6d1d7f72c6,Databricks,"Manager, Delivery Solutions Architects - Financial Services","Illinois; Massachusetts; New York; Texas; Washington, D.C.",unstated,ai_product,mba_unknown,https://databricks.com/company/careers/open-positions/job?gh_jid=8821959002,open
93eed6150880882f26967c376437c998cab80481f9a026ae85271756dd174ac1,Databricks,Sr. AI Operations Specialist — Sales Operations,"New York; San Francisco, California; USCA",unstated,other_mba_tech,mba_unknown,https://databricks.com/company/careers/open-positions/job?gh_jid=8821953002,open
5d8ba18fbccf633ff638b62cd380495d1a8dc406ff4fddaf44d5570bc181521b,Databricks,Sr Video Producer,"San Francisco, California",unstated,ai_product,mba_unknown,https://databricks.com/company/careers/open-positions/job?gh_jid=8816442002,open
61475f761e6d60d0a2af799d5f49309a2be98dc2bd4ed7e3b7afa54db036fc34,Databricks,"Enterprise Account Executive, Dept. of Transportation ",Remote - Washington D.C.,unstated,ai_product,mba_unknown,https://databricks.com/company/careers/open-positions/job?gh_jid=8816440002,open
85752fda0292df0025885696212b670756d8f72f1baa0231c910a750c5bbd7a3,Databricks,Staff Unified Communications Engineer,"San Francisco, California; United States",unstated,other_mba_tech,mba_unknown,https://databricks.com/company/careers/open-positions/job?gh_jid=8816437002,open
0da4f3231a7a1ffdcc7ff3f90baab6f003eded1d719ab6434eb0740465331139,Databricks,Enterprise Account Executive - RCT ,Remote - Texas,unstated,ai_product,mba_unknown,https://databricks.com/company/careers/open-positions/job?gh_jid=8814526002,open
c5ccb66d00932d1a1cf484fb1665d5f9351c8f6d873811045a46b3c66340cbca,Databricks,Deputy Facility Security Officer,"Washington, D.C.",unstated,other_mba_tech,mba_unknown,https://databricks.com/company/careers/open-positions/job?gh_jid=8811713002,open
2899ce9ad72977f7978efc520b82897e3dc40543a78178a00358c1a33c1b7e99,Databricks,"Sr. Counsel, Channel & Partners","Bellevue, Washington; Mountain View, California; New York City, New York; San Francisco, California; Seattle, Washington",unstated,other_mba_tech,mba_unknown,https://databricks.com/company/careers/open-positions/job?gh_jid=8802708002,open
7c85ab3e7e45d774a4076c1bf8ad35be6d595c43117f2b5c6d0d2ae07c1fad63,Databricks,"Senior Software Engineer, Compute Infrastructure","Mountain View, California",unstated,ai_product,mba_unknown,https://databricks.com/company/careers/open-positions/job?gh_jid=8806934002,open
675a90e70caae18c65e1fd85f3c98f044601e70d50ba12c8235b57f899c9923f,Databricks,"Program Manager, Public Sector (Commercial Legal)","Washington, D.C.",unstated,ai_product,mba_unknown,https://databricks.com/company/careers/open-positions/job?gh_jid=8802705002,open
5e8db9585cf4f89b3bd77963f0841894f1bc8722f73cea8ddd01e03d9d7a28dc,Databricks,Delivery Solutions Architect - Public Sector (Federal),United States,unstated,ai_product,mba_unknown,https://databricks.com/company/careers/open-positions/job?gh_jid=8790301002,open
f589c8a24dd38f759f018d9fc4b4dfcaec5fc43b84a2a5f2c29ae23d605a0963,Databricks,Delivery Solutions Architect - Public Sector (DOJ),Alabama,unstated,ai_product,mba_unknown,https://databricks.com/company/careers/open-positions/job?gh_jid=8790621002,open
472871f1714ec463fa13fb97e3c96a7ff981a4b377954ede6fa9eb14637806d6,Databricks,Chief of Staff to the CMO,"San Francisco, California",unstated,ai_product,mba_unknown,https://databricks.com/company/careers/open-positions/job?gh_jid=8788190002,open
6c1c74c541771e0a7f58f516dd1eec3db0300ac7a7e9807beb076f1b7f2244e0,Databricks,Delivery Solutions Architect - Public Sector (Defense Industrial Base),United States,unstated,ai_product,mba_unknown,https://databricks.com/company/careers/open-positions/job?gh_jid=8790289002,open
9d4334a44bf00347c6c2a3df9859b3ac04230ad1350bf20ebb9e87efad380d92,Databricks,"Strategic Enterprise Account Executive, Life Sciences","Philadelphia, Pennsylvania; Remote - North Carolina",unstated,ai_product,mba_unknown,https://databricks.com/company/careers/open-positions/job?gh_jid=8790046002,open
f5e196203202c6c36dc42ff61c305b6105d41728dc7429da4f197b84300397d4,Databricks,"Engineering Manager, App Traffic","Mountain View, California",unstated,ai_product,mba_unknown,https://databricks.com/company/careers/open-positions/job?gh_jid=8786930002,open
fd08e26b4fd13d7adb6d792e763f572903625e17d044b45a7bc696c69db58218,Databricks,Revenue Accounting Manager,"Mountain View, California; San Francisco, California",unstated,ai_product,mba_unknown,https://databricks.com/company/careers/open-positions/job?gh_jid=8788152002,open
b69fefdc6d3a6f3b4d13c340f8f96a5e7b6fab59105652bc627ea588e3106f50,Databricks,Solutions Architect - Digital Native Business (Healthtech),"Remote - California; San Francisco, California",unstated,ai_product,mba_unknown,https://databricks.com/company/careers/open-positions/job?gh_jid=8782711002,open
bee5250e020c58f38d653cad4d1c9f84bcac915db2e23c040c206e44bf6b6f58,Datadog,Event Marketing Manager - Global Sponsorships (NAMER/LATAM),"New York, New York, USA",unstated,ai_product,mba_unknown,https://careers.datadoghq.com/detail/8242795/?gh_jid=8242795,open
76ee5f77daa2b8a25880d126210af265bc9e3cdbd378e33d36e6c34a447bb71e,Databricks,Sr. Staff Global Customer Enablement Partnership Lead,United States,unstated,ai_product,mba_unknown,https://databricks.com/company/careers/open-positions/job?gh_jid=8780673002,open
ad8b507ecbdd1eaf22ba5c94c77cc1551a749ebfadeb41ae08a3d43d23ae66d3,Databricks,Enterprise Account Executive - CMEG Vertical ,United States,unstated,ai_product,mba_unknown,https://databricks.com/company/careers/open-positions/job?gh_jid=8780748002,open
5418dd7171f38e3cf7f6ff034e104846fe14b35bad58e08ac5511957581414c6,Databricks,Strategic Enterprise Account Executive - Financial Services,"New York City, New York",unstated,ai_product,mba_unknown,https://databricks.com/company/careers/open-positions/job?gh_jid=8770530002,open
8619f556794fdbb7879893455ddd61aae1a1d5ef1930ec58d1d15edfcb71bd22,Databricks,"Strategic Enterprise Account Executive, State and Local",New York,unstated,ai_product,mba_unknown,https://databricks.com/company/careers/open-positions/job?gh_jid=8770526002,open
ffc2e62edb3ff4a3711c334ff896c6c4fa27c9a78e70d951cc5e59e3a4cde473,Databricks,Lead Learning Product Specialist,United States,unstated,ai_product,mba_unknown,https://databricks.com/company/careers/open-positions/job?gh_jid=8780470002,open
3f3e73a7a484dc4403f20bee1e8af52796011fd840237d4e554fd14ab635bf12,Databricks,"Sr. Manager, AI Forward Deployed Engineering (AI FDE)",United States,unstated,ai_product,mba_unknown,https://databricks.com/company/careers/open-positions/job?gh_jid=8779014002,open
265c413ceaa3d5b4eb7dd1cad6d2b71e8f1d5551ceb0426d472d139feaeedc11,Databricks,Sr. Solutions Architect - Agencies ,Northeast - United States,unstated,ai_product,mba_unknown,https://databricks.com/company/careers/open-positions/job?gh_jid=8758645002,open
2d606366eea69caa2283074769525cdc6f22d4ab5422842fecc9317b32b3ce12,Databricks,Sr. Solutions Engineer - Digital Native Business (Strategic Accounts),Remote - California; Remote - Colorado; Remote - Oregon; Remote - Washington,unstated,other_mba_tech,mba_unknown,https://databricks.com/company/careers/open-positions/job?gh_jid=8756686002,open
ac0f4f74ee62bd9992efc065476d32703358f3a10d036498e263da4228285252,Databricks,"Accounting Manager, Accounts Receivable","Austin, Texas; Denver, Colorado; Portland, Oregon; Scottsdale, Arizona, United States",unstated,other_mba_tech,mba_unknown,https://databricks.com/company/careers/open-positions/job?gh_jid=8756154002,open
1f349e28c89f244761da9f4e8784f9315cacf8a07a874c1be10a695fc296d288,Databricks,"Sr. Manager, Order to Revenue Process Compliance",Central - United States; West Coast - United States,unstated,ai_product,mba_unknown,https://databricks.com/company/careers/open-positions/job?gh_jid=8756150002,open
52cef118d43e7a920e7ba2e5e44c5ec540dc1aa1b3404dfeafc55ad7a31bd2b3,Databricks,Senior Revenue Accountant,"Mountain View, California; San Francisco, California",unstated,ai_product,mba_unknown,https://databricks.com/company/careers/open-positions/job?gh_jid=8756144002,open
0311635c3faabe4d007d6d3b64d349a5e833e6f2af2a99401f94e6f2b73d1f6d,Databricks,"Sr. Solutions Architect, Customer Lake",United States,unstated,ai_product,mba_unknown,https://databricks.com/company/careers/open-positions/job?gh_jid=8762360002,open
b2d0b92d5ecf226cd519725c24b112d26abea501af9fb552154842a6b0a8d632,Databricks,"Sr. Manager, Order to Revenue IT Compliance",Central - United States; West Coast - United States,unstated,ai_product,mba_unknown,https://databricks.com/company/careers/open-positions/job?gh_jid=8756136002,open
6dd6f1ab3a5e776c7295ec9b76c969dab2ec5b8eff081ea69caab20923cefeea,Databricks,Sr. Solutions Architect - Teleco,"Seattle, Washington",unstated,ai_product,mba_unknown,https://databricks.com/company/careers/open-positions/job?gh_jid=8747038002,open
fa4de22456730555d2baa1b2d5e3a740093bdf1a0a23702f168b0dad1162876b,Databricks,"Director, Delivery Solutions Architects - Public Sector",Maryland; Remote - Virginia; Remote - Washington D.C.,unstated,ai_product,mba_unknown,https://databricks.com/company/careers/open-positions/job?gh_jid=8739519002,open
8c26d221faacb4588426ba36d848f04cf95f5f54b53d1f62e84a61cb943a68d2,Databricks," Delivery Solutions Architect - Public Sector (DOW, DHS, Intelligence Community)",Northeast - United States; Southeast - United States,unstated,ai_product,mba_unknown,https://databricks.com/company/careers/open-positions/job?gh_jid=8739515002,open
05fcf6afa5db386bb2cd09e4c8e2dc64aeff65fdd87a5a5d497b3fd84f8aa07b,Databricks,"Sales Leader, VC-Backed Startups","San Francisco, California",unstated,ai_product,mba_required,https://databricks.com/company/careers/open-positions/job?gh_jid=8738676002,open
b8f9009b133fec46619853067812cbccc8a9b34f505558cc7aec635e783ab8e3,Databricks,Delivery Solutions Architect - Digital Native Business,United States,unstated,other_mba_tech,mba_unknown,https://databricks.com/company/careers/open-positions/job?gh_jid=8736473002,open
1a22bdbce4bb9a6ade584b9090d506bc7f2f9b8522dc53eda8e0e38a1f63f062,Databricks,"Director, Marketing Strategy and AI Transformation",United States,unstated,other_mba_tech,mba_unknown,https://databricks.com/company/careers/open-positions/job?gh_jid=8735590002,open
60dfb7d789f969f81ce22712369216cbf4296daf9339651b5c7aa5660372a344,Databricks,"	Delivery Solutions Architect - Communications, Media, Entertainment & Games",United States,unstated,ai_product,mba_unknown,https://databricks.com/company/careers/open-positions/job?gh_jid=8735569002,open
34258595032eaab3b665fd4a6876bb058148c318723f0346b74ed1a89b0c1778,Databricks,Delivery Solutions Architect - Healthcare & Life Sciences,United States,unstated,ai_product,mba_unknown,https://databricks.com/company/careers/open-positions/job?gh_jid=8735551002,open
e749a0ae28c6b72ed5871a1775be530ae89229ed32ec532600847c9eb5aadf63,Databricks,Delivery Solutions Architect - Financial Services,"Georgia; Illinois; Massachusetts; New York; North Carolina; Washington, D.C.",unstated,ai_product,mba_unknown,https://databricks.com/company/careers/open-positions/job?gh_jid=8735549002,open
e1372811bf42868c2c03bb0922641a6d708b5ac569bdc8bf430e5c2de9d7f12a,Databricks,Sr. Technology Partner Director - AI Code-Gen & Apps,"Remote - California; San Francisco, California",unstated,ai_product,mba_unknown,https://databricks.com/company/careers/open-positions/job?gh_jid=8731212002,open
f099dd8fc886067b7ee1663816187a8ec2e2649ff68cd0760ba2f336284b539d,Databricks,"Sr. Manager, Field Engineering","Chicago, Illinois; Connecticut; New Jersey; Remote - New York; Remote - Washington D.C.; San Francisco, California",unstated,ai_product,mba_unknown,https://databricks.com/company/careers/open-positions/job?gh_jid=8732052002,open
ef319ebbadee1a2143a042ced9f90754245b7d4308a8494070346c2a1b041027,Databricks,"Sr. Developer Advocate, AI and Machine Learning","Seattle, Washington",unstated,ai_product,mba_unknown,https://databricks.com/company/careers/open-positions/job?gh_jid=8716720002,open
e9b30edfbae713667d2bf2ff0166803b7fec7551c03f7bef77c58a521888de94,Databricks,"Sr. Developer Advocate, AI and Machine Learning","San Francisco, California",unstated,ai_product,mba_unknown,https://databricks.com/company/careers/open-positions/job?gh_jid=8716192002,open
f0ac890d0d7b8fa6e22d220cccb47d16a5e2311764399ffbd35053f89113b339,Databricks,"Manager, Developer Relations - Open Source","San Francisco, California",unstated,ai_product,mba_unknown,https://databricks.com/company/careers/open-positions/job?gh_jid=8716189002,open
8091efb0ae2a27199e69f377ef841c2b3de1da2149a5ea4761b647484e09f829,Databricks,"Manager, Developer Relations - Open Source","Seattle, Washington",unstated,ai_product,mba_unknown,https://databricks.com/company/careers/open-positions/job?gh_jid=8716713002,open
4385ac85bfd5df2dc6e2e25794d07d9136b15b7e043b9b06cabcde299f2a3415,Databricks,"Sr. Manager, Field Engineering - Sports",Northeast - United States,unstated,ai_product,mba_unknown,https://databricks.com/company/careers/open-positions/job?gh_jid=8716314002,open
d572d9a40eaf7fe4499a045da178150cf5a79d08608f495fc6de6ce24eff02e8,Databricks,"Sr. Developer Advocate, Open Source — Omnigent","Seattle, Washington",unstated,ai_product,mba_unknown,https://databricks.com/company/careers/open-positions/job?gh_jid=8716730002,open
47a8506a8afc5f65c81c3aef02c83e8f70296416da0bc3559bd68eeabd832598,Databricks,"Sr. Developer Advocate, Open Source — Omnigent","San Francisco, California",unstated,ai_product,mba_unknown,https://databricks.com/company/careers/open-positions/job?gh_jid=8716187002,open
968bffbfc7c2d95c7ab187ce070f76bbc10329a771775c902212ea58f1d14ffd,Databricks,"Sr. Industry Marketing Manager, Manufacturing & Supply Chain",United States,unstated,ai_product,mba_unknown,https://databricks.com/company/careers/open-positions/job?gh_jid=8702736002,open
f1bc2c3f5ce86cc8f3228f69e7fdebc93728e3c7dd3e7ccf20681d7b395ae44e,Databricks,Solutions Architect,"Atlanta, Georgia; Chicago, Illinois",unstated,other_mba_tech,mba_unknown,https://databricks.com/company/careers/open-positions/job?gh_jid=8697993002,open
e2c5fc0d436419579aec89b0e79ba072809ddeb42d59b668cd232c636425c56d,Databricks,Field Engineering Enablement Leader,United States,unstated,ai_product,mba_unknown,https://databricks.com/company/careers/open-positions/job?gh_jid=8701065002,open
612b6e137d4d45cc5dbe896a6c65c9c3b9dc466606032da95b6d3a226142c469,Databricks,Enterprise Account Executive - CMEG ,"Boston, Massachusetts",unstated,ai_product,mba_unknown,https://databricks.com/company/careers/open-positions/job?gh_jid=8695183002,open
abc4225e669ab30632c7d5a9f3c6dbb6b02bd7575473f6e6b96aa885de03d2eb,Databricks,Specialist Solutions Architect - AI/ML,United States,unstated,ai_product,mba_unknown,https://databricks.com/company/careers/open-positions/job?gh_jid=8697991002,open
2f462259a67c2f717415b97f8b17f56d2eab8be7c49928c731d8b0f164bad38e,Databricks,"Sr. Manager, Field Engineering - Healthcare and Life Sciences (Healthcare Providers)",United States,unstated,ai_product,mba_unknown,https://databricks.com/company/careers/open-positions/job?gh_jid=8697989002,open
03c43f025af83e1d94ea36d55802094446f73265c81719638495f5b13c4cfa1f,Databricks,Solutions Architect,"Atlanta, Georgia; Chicago, Illinois",unstated,other_mba_tech,mba_unknown,https://databricks.com/company/careers/open-positions/job?gh_jid=8697987002,open
94758b439d70b21b8b58d6372f4472e904fc33eeefc7bd78d7ff76c6f004c1c2,Databricks,"Director, Field Engineering (CPG & Retail)",United States,unstated,ai_product,mba_unknown,https://databricks.com/company/careers/open-positions/job?gh_jid=8693320002,open
d93504b89c5184843e06ddd7a7ce92c5056a329b3c710fd0b5cb60deddf1cf17,Databricks,Staff Software Engineer – Genie One Mobile & Desktop,"Mountain View, California; San Francisco, California",unstated,ai_product,mba_unknown,https://databricks.com/company/careers/open-positions/job?gh_jid=8692516002,open
2b89311d9f557b6c4eb92c7ec727fe5f79ef3a4a908737d373847ea18b26d896,Databricks,"Sr. Deployment Strategist, FDE - Healthcare & Life Sciences",United States,unstated,ai_product,mba_unknown,https://databricks.com/company/careers/open-positions/job?gh_jid=8687873002,open
0c80417133bf884af74094c1b2a8b8d79873aeb0dea4d808d89115f41a851b42,Databricks,"Sr. Deployment Strategist, FDE - Financial Services","Atlanta, Georgia; Boston, Massachusetts; Chicago, Illinois; New York City, New York; Washington, D.C.",unstated,ai_product,mba_unknown,https://databricks.com/company/careers/open-positions/job?gh_jid=8687869002,open
4166a09b9a7110a4243b5af03329936bb0113b25ae6d205b6c2214cf22f558db,Databricks,"Sr. Deployment Strategist, FDE - Communications, Media, Entertainment & Gaming",United States,unstated,ai_product,mba_unknown,https://databricks.com/company/careers/open-positions/job?gh_jid=8687867002,open
c0533c2f5198aefa096802cb7e03aa010f35faf0259bc7e4ee0d88d43b214c2b,Databricks,"Sr. Deployment Strategist, FDE - Public Sector","Washington, D.C.",unstated,ai_product,mba_unknown,https://databricks.com/company/careers/open-positions/job?gh_jid=8687865002,open
1512ba4c4ca7a58f8f40213f4823d61f4d812594059f300fbc630a1765e541e7,Databricks,"Sr. Deployment Strategist, FDE - Digital Native Business","San Francisco, California",unstated,ai_product,mba_unknown,https://databricks.com/company/careers/open-positions/job?gh_jid=8687863002,open
d21dbb99015034020805c75b91b1c51ff177fd6c212ddeed88fc488bec78e4a8,Databricks,"Sr. Deployment Strategist, FDE - Manufacturing & High-Tech",United States,unstated,ai_product,mba_unknown,https://databricks.com/company/careers/open-positions/job?gh_jid=8687861002,open
99d8f8c47bce08ebcaef44a46aa2d93d9a50c6b774b21603985c64de8602f8e3,Databricks,AMER Energy Industry Go-To-Market (GTM) Leader,United States,unstated,ai_product,mba_required,https://databricks.com/company/careers/open-positions/job?gh_jid=8675320002,open
912d425016a206a39d8007f8048e1cd7b7a9cad6fd702142f18299583bec9288,Databricks,Tax Data & Technology Manager,"San Francisco, California",unstated,other_mba_tech,mba_unknown,https://databricks.com/company/careers/open-positions/job?gh_jid=8679978002,open
3bc401554d367f8df145fa1781946d215ebc68a252f0bf639d7d49791bc30f4e,Databricks,Global Cash & Treasury Operations Manager,"Mountain View, California; San Francisco, California",unstated,other_mba_tech,mba_unknown,https://databricks.com/company/careers/open-positions/job?gh_jid=8679976002,open
8a9360ae619f9d2f3b35482f9a337e1ac63a1da7c91fb0201653d2e21585b439,Databricks,"Staff Product Manager, SAP","Mountain View, California; San Francisco, California",unstated,ai_product,mba_unknown,https://databricks.com/company/careers/open-positions/job?gh_jid=8679974002,open
53721ee59dcf6e2c3afbaba7173b451280cc84f97071a5b3b9d2c857faf996bd,Databricks,SAP Technical Lead,"Mountain View, California",unstated,ai_product,mba_unknown,https://databricks.com/company/careers/open-positions/job?gh_jid=8679972002,open
47ce8d50e52a0ebcdeba18243b080547e9b93b4760675607ad544477597cdc26,Databricks,SAP Functional SME,"Mountain View, California",unstated,ai_product,mba_unknown,https://databricks.com/company/careers/open-positions/job?gh_jid=8679970002,open
aad3cb473c422936573a1a8327d292fe51eaf411490df9425f09a2954d6fea38,Databricks,"Director, Field Engineering Emerging Enterprises & Startups ","San Francisco, California",unstated,ai_product,mba_unknown,https://databricks.com/company/careers/open-positions/job?gh_jid=8662803002,open
90c9521b6edfd02c2f77fcbeebe7561cf88b8aacfc17fa3ffa0455dacb1b4c4c,Databricks,Specialist Solutions Architect - Data Engineering & Warehousing (Financial Services) ,United States,unstated,ai_product,mba_unknown,https://databricks.com/company/careers/open-positions/job?gh_jid=8692962002,open
07352394998682f9b100acd5c23ea3b64090d71d545f6412e76f6d98cdbdee65,Databricks,Solutions Architect - Manufacturing,Remote - Illinois; Remote - Michigan; Remote - New York,unstated,other_mba_tech,mba_unknown,https://databricks.com/company/careers/open-positions/job?gh_jid=8661758002,open
858924869ace924ef61f540613263c7b87cb0f7cfb690264d3ed945951d3b1b4,Databricks,Sr. Forward Deployed Engineer (FDE) - Public Sector ,Alabama; Remote - Virginia; Remote - Washington D.C.,unstated,ai_product,mba_unknown,https://databricks.com/company/careers/open-positions/job?gh_jid=8657488002,open
3e9cd17610ef62edfb810d1cf08a238288cc0348812a077a0f8ac0cb23b6b4bc,Databricks,Sr. Forward Deployed Engineer (FDE) - Public Sector/National Security ,"Washington, D.C.",unstated,ai_product,mba_unknown,https://databricks.com/company/careers/open-positions/job?gh_jid=8657478002,open
c7e7572f23cd9c3d0250eb65776dd35cf47f03c1b1eb3f813207fa34aceb0efa,Databricks,Specialist Solutions Architect - Azure Infrastructure & Platform,United States,unstated,ai_product,mba_unknown,https://databricks.com/company/careers/open-positions/job?gh_jid=8739507002,open
22196b4bbeec1286258d7ab8807aaa4aa99cc2a40db37d7dcb1cd1add18e27ef,Databricks,Specialist Solutions Architect - AWS Infrastructure & Platform,United States,unstated,ai_product,mba_unknown,https://databricks.com/company/careers/open-positions/job?gh_jid=8739506002,open
e972f98b3ea8079d5c7afe7aef115d431bb931b6e1fa99317bed502a74e2035e,Databricks,Sr. Forward Deployed Engineer - National Security,United States,unstated,ai_product,mba_unknown,https://databricks.com/company/careers/open-positions/job?gh_jid=8657468002,open
87db2242adbabe6d54300151ad466f895858be69f8c343e3f3d999349643cd17,Databricks,Sr. Forward Deployed Engineer - National Security,"Boston, Massachusetts; Delaware; Maryland; Remote - California; Remote - New York; Remote - Washington D.C.; Virginia; West Virginia",unstated,ai_product,mba_unknown,https://databricks.com/company/careers/open-positions/job?gh_jid=8746374002,open
f9cf510074723f412e208707665d95559aa2df2c220c66bb553e4a2182111967,Databricks,Sr. Forward Deployed Engineer,"Austin, Texas",unstated,ai_product,mba_unknown,https://databricks.com/company/careers/open-positions/job?gh_jid=8657065002,open
dae4f851591043c9f8ff9da615918f87db804866ea918eaeb02ef1ed5f27a4a0,Databricks,Sr. Forward Deployed Engineer,"New York City, New York",unstated,ai_product,mba_unknown,https://databricks.com/company/careers/open-positions/job?gh_jid=8739462002,open
cb01b88694fad4fe08a4ed0a6272bc788c1347133bce64382c17798fff0f2e36,Databricks,Sr. Forward Deployed Engineer,Remote - Washington D.C.,unstated,ai_product,mba_unknown,https://databricks.com/company/careers/open-positions/job?gh_jid=8739465002,open
c7af33b7c52a8fe62e086b6b0e09e9d56286ef3a85c3cae39cd50131221210d2,Databricks,Sr. Forward Deployed Engineer,United States,unstated,ai_product,mba_unknown,https://databricks.com/company/careers/open-positions/job?gh_jid=8739484002,open
83b2f906fb29544f049630baf1241f6a927b9f01e655ff6d7eeecbbb272514ea,Databricks,Sr. Forward Deployed Engineer,"San Francisco, California",unstated,ai_product,mba_unknown,https://databricks.com/company/careers/open-positions/job?gh_jid=8739474002,open
6e98dcb3a5d7bd94b78f6b35a01ee6dd8bfbe3cd3fe5487d067a19abcc34ec94,Databricks,Sr. Forward Deployed Engineer,"Chicago, Illinois",unstated,ai_product,mba_unknown,https://databricks.com/company/careers/open-positions/job?gh_jid=8739458002,open
5cc89c680fa8cd1759280dc60b7c2153142154c7dbcdf54284f53dafe65115a6,Databricks,"Lead Engagement Manager, FDE - Communications, Media, Entertainment & Gaming","Dallas, Texas; New Jersey; New York",unstated,other_mba_tech,mba_unknown,https://databricks.com/company/careers/open-positions/job?gh_jid=8654148002,open
ecfb934c9d64726ba937a0b292ae63cff31012bbaed9beb03a792b2b4183b253,Databricks,"Strategic Enterprise Account Executive, Life Sciences","Chicago, Illinois; Indiana",unstated,ai_product,mba_unknown,https://databricks.com/company/careers/open-positions/job?gh_jid=8648999002,open
369d2e18c0a3999c8a8575ce3c2a1fa476430eeeb1c14b6a4b5dc798baee62c8,Databricks,"Strategic Enterprise Account Executive, Life Sciences","Mountain View, California; Remote - North Carolina; San Francisco, California",unstated,ai_product,mba_unknown,https://databricks.com/company/careers/open-positions/job?gh_jid=8645718002,open
c6110376e3613a3b4011ba07cac2ba63884634523dc116adf0188f580682d2b5,Databricks,"Sr. Counsel, Privacy Compliance","Bellevue, Washington; Boston, Massachusetts; Chicago, Illinois; Denver, Colorado; Seattle, Washington; Washington, D.C.",unstated,other_mba_tech,mba_unknown,https://databricks.com/company/careers/open-positions/job?gh_jid=8645429002,open
41d6d43d0d784b43f213a39ad69b3f753d0db0cb9e0975b82b7c68bd0c8e470e,Databricks,"Director, Global Delivery Excellence",United States,unstated,other_mba_tech,mba_unknown,https://databricks.com/company/careers/open-positions/job?gh_jid=8644002002,open
ec0a4cffba37357ca96aba686e50c4a5804ca66af00c1a72873fc81091910b43,Databricks,Sr. Forward Deployed Engineer (FDE) - Retail,Remote - California,unstated,ai_product,mba_unknown,https://databricks.com/company/careers/open-positions/job?gh_jid=8647677002,open
e43bd0fc8ebf9668c64410f69cbcb7edf782c7b306ffb63b26891a63097a604d,Databricks,Sr. Forward Deployed Engineer (FDE) - Retail,Northeast - United States; Southeast - United States,unstated,ai_product,mba_unknown,https://databricks.com/company/careers/open-positions/job?gh_jid=8643895002,open
84aa68e19b338361c1cbb1308dfeccd72f2918953929966c08b0ab694c877acb,Databricks,Sr. Forward Deployed Engineer (FDE) - Retail,"Dallas, Texas",unstated,ai_product,mba_unknown,https://databricks.com/company/careers/open-positions/job?gh_jid=8647670002,open
7f86a7ddb9917427954749f4e52110ef31704c8791e34b5eb849ba408bb4eb39,Databricks,Sr. Forward Deployed Engineer (FDE) - Retail,Central - United States,unstated,ai_product,mba_unknown,https://databricks.com/company/careers/open-positions/job?gh_jid=8647667002,open
41e400a32eff9817801f4c99bece781bf4c49120d6f3fe4f66bd0ea832b737ea,Databricks,Sr. Forward Deployed Engineer (FDE) - Retail,"Chicago, Illinois",unstated,ai_product,mba_unknown,https://databricks.com/company/careers/open-positions/job?gh_jid=8647669002,open
28d68c442e0428fea050b0f7fbba32c54f0c1651b9866e2d3c50c8e02249a1c7,Databricks,Sr. Forward Deployed Engineer (FDE) - Retail,"Denver, Colorado",unstated,ai_product,mba_unknown,https://databricks.com/company/careers/open-positions/job?gh_jid=8647675002,open
0c0d580acf83f0d0016a7844b754a6c23d1a690bce1e3bfdbe2fa70423cfcc51,Databricks,Sr. Forward Deployed Engineer (FDE) - Retail,"Austin, Texas",unstated,ai_product,mba_unknown,https://databricks.com/company/careers/open-positions/job?gh_jid=8647668002,open
3dfc5b130fa3591fa8d07cab96b6f76976ff95f9c93c83d541f12a0d5ef1babc,Databricks,"Partner Engineer: Partner Intelligence, AI & Apps","San Francisco, California",unstated,ai_product,mba_unknown,https://databricks.com/company/careers/open-positions/job?gh_jid=8643542002,open
046c8c14c53878d33d09532005ab1fc21453a0f66388c2070b9bb0bfe9b55972,Databricks,"Staff Partner Engineer, AI Partnerships","New York City, New York; San Francisco, California",unstated,ai_product,mba_unknown,https://databricks.com/company/careers/open-positions/job?gh_jid=8643452002,open
ba92dbfff5066784fe0c843ad42cdccbfa2050058667234c2ab504fb179addab,Databricks,Enterprise Account Executive - QSR,Remote - North Carolina,unstated,ai_product,mba_unknown,https://databricks.com/company/careers/open-positions/job?gh_jid=8641388002,open
5eb8e2ed2f15308edd3daaeba5a65e845aea3644c1b295910770bff3a717d7c5,Databricks,"Partner Sales Director, Manufacturing & Energy",United States,unstated,other_mba_tech,mba_unknown,https://databricks.com/company/careers/open-positions/job?gh_jid=8639997002,open
a0eae5cbf68fa46010402bb9b8d1d0eb5525b4ecff83d68fe077b9d1a1c04ffe,Databricks,"Sr. Industry Marketing Manager, Startups",United States,unstated,ai_product,mba_unknown,https://databricks.com/company/careers/open-positions/job?gh_jid=8638650002,open
e8917d306fcd6563ca39c842738e6e76143728371063771ee4ecaca527664b36,Databricks,"Sr. Event Marketing Manager, Field Programming",United States,unstated,ai_product,mba_unknown,https://databricks.com/company/careers/open-positions/job?gh_jid=8638648002,open
0ad9b87cb247cc12924d3317692bef2cc0ae866027c27ba428febd96aa100570,Databricks,"Director, Web Marketing",United States,unstated,ai_product,mba_unknown,https://databricks.com/company/careers/open-positions/job?gh_jid=8638642002,open
8e5d68e0e6890a1a68d1cd6edf4ac9502c765918d5689dfe0a398d29682cdcb2,Databricks,"Event Marketing Manager, 3P & Partner",United States,unstated,ai_product,mba_unknown,https://databricks.com/company/careers/open-positions/job?gh_jid=8638637002,open
9cbf87749ae12ee6069e8ea9c57b9bc4b39968af20a7a3d10a7edc04b9a37735,Databricks,Sr. Video Editor (short-form),"San Francisco, California",unstated,ai_product,mba_unknown,https://databricks.com/company/careers/open-positions/job?gh_jid=8638635002,open
cc36a8bc2fef0eac861374aa73431a5af5302ad41ab1d92683ed75b79c891ccb,Databricks,"Director, Paid Media",United States,unstated,ai_product,mba_unknown,https://databricks.com/company/careers/open-positions/job?gh_jid=8638631002,open
f4c6dcef31c953ef35e65c7dfed1d1e45518c1616b5af74628384475d456c804,Databricks,Solutions Architect - Financial Services (Banking and Payments) ,"Atlanta, Georgia; Chicago, Illinois; Dallas, Texas; Denver, Colorado; New York City, New York",unstated,ai_product,mba_unknown,https://databricks.com/company/careers/open-positions/job?gh_jid=8637768002,open
a0f5fdc85ffbce62fe4b8c56a8b12bc63cde0e40e39c2bf24e19724fac49da1a,Databricks,Solutions Architect - Public Sector ,"Maryland; Virginia; Washington, D.C.",unstated,ai_product,mba_unknown,https://databricks.com/company/careers/open-positions/job?gh_jid=8637758002,open
436b70e2d78c72e9e8a5b4902965123f09841b6a2520d8162fed9be2f0dbf248,Databricks,"Director, People M&A","San Francisco, California",unstated,other_mba_tech,mba_unknown,https://databricks.com/company/careers/open-positions/job?gh_jid=8637368002,open
11e60373c9a558b2674503d8818ce98da906ef8d0ddc8e3860cbb6f36e812e0c,Databricks,"Director, Americas Field Marketing at Databricks",United States,unstated,other_mba_tech,mba_unknown,https://databricks.com/company/careers/open-positions/job?gh_jid=8636157002,open
a2c2d30e608b1665ace82544eae9c28d99290479f204da6a97180e6fe97419f1,Databricks,Solutions Architect - Public Sector (SLED),Remote - Texas,unstated,ai_product,mba_unknown,https://databricks.com/company/careers/open-positions/job?gh_jid=8633741002,open
cedcf9e5ca52757eed654d02e3515a594eab56912f13d21c131962d4b4e2af62,Databricks,Solutions Architect,Central - United States,unstated,other_mba_tech,mba_unknown,https://databricks.com/company/careers/open-positions/job?gh_jid=8633227002,open
54ba64c6a45620edb6af0ebd54ec0e6e396b9a086558d1ebb24b0b99b288cf10,Databricks,Strategic Enterprise Account Executive - CMEG ,Remote - California,unstated,ai_product,mba_unknown,https://databricks.com/company/careers/open-positions/job?gh_jid=8633152002,open
1e09f4959617732e6cd70ae33dbd71bd1e531a7c5c3d50e4faf363362e367398,Databricks,P2P Data & Automation Lead,"San Francisco, California",unstated,other_mba_tech,mba_unknown,https://databricks.com/company/careers/open-positions/job?gh_jid=8633071002,open
2a836018f16166d007bded781b308d765e8c050d8a2955127b761a19dae58d21,Databricks,"Alliance RVP, McKinsey","Atlanta, Georgia; Boston, Massachusetts; Chicago, Illinois; Dallas, Texas; New York City, New York; San Francisco, California; Seattle, Washington",unstated,other_mba_tech,mba_unknown,https://databricks.com/company/careers/open-positions/job?gh_jid=8632403002,open
1a7d764b8bb051d8f92a77ef30e2e391ef64bd400f2d3076e073504d09008f37,Databricks,"Alliance RVP, Boston Consulting Group (BCG)","Atlanta, Georgia; Boston, Massachusetts; Chicago, Illinois; Dallas, Texas; New York City, New York; San Francisco, California; Seattle, Washington",unstated,other_mba_tech,mba_unknown,https://databricks.com/company/careers/open-positions/job?gh_jid=8632401002,open
49be8742bf9ff10d684c871058a36da40dd68fc2a857fc9af9efec4619327105,Databricks,"Sr. Director, Procure to Pay","San Francisco, California",unstated,other_mba_tech,mba_required,https://databricks.com/company/careers/open-positions/job?gh_jid=8632399002,open
6fd4057154d6f47d414fb0dc28c1d44bc3ec57151fb62a89470018e6a9f23a81,Databricks,Sr. Solutions Architect,Northeast - United States,unstated,other_mba_tech,mba_unknown,https://databricks.com/company/careers/open-positions/job?gh_jid=8632383002,open
0f78750e3083a4636e5fe060ba497e0156034cdcad83a6ac29d19c0dceed8087,Databricks,Sr. Forward Deployed Engineer - Public Sector ,"Berkeley, California; California; Connecticut; Los Angeles, California; Massachusetts; New Hampshire; New Jersey; New York; Pennsylvania; Rhode Island; San Diego, California; Washington",unstated,ai_product,mba_unknown,https://databricks.com/company/careers/open-positions/job?gh_jid=8632188002,open
12a1edf335d62d192f09bc15a8ff6c3b61f34b715d4f7614e23ca4886e90dfd7,Databricks,"Enterprise Account Executive, State and Local","Maryland; Philadelphia, Pennsylvania",unstated,ai_product,mba_unknown,https://databricks.com/company/careers/open-positions/job?gh_jid=8631661002,open
d6f1dd38eb3b1aef67d6ee34d01809ebeebd733c56d542f546d77deb8f58f38d,Databricks,"Director, Field Engineering - Financial Services ","Georgia; Illinois; New York; Texas; Washington, D.C.",unstated,other_mba_tech,mba_unknown,https://databricks.com/company/careers/open-positions/job?gh_jid=8628960002,open
11f6c12f72b679b79fa2a0455d4ef3b8d3829a8aad1cbef636aed5e4e13169b3,Databricks,"Sr. Manager, Compensation Analytics & Intelligence ",United States,unstated,other_mba_tech,mba_unknown,https://databricks.com/company/careers/open-positions/job?gh_jid=8627551002,open
ee7780246838a766dee4ab76a8c73eb80a7773225a9a0b84a98711d03637f692,Databricks,Sr. Compensation Manager GTM,United States,unstated,other_mba_tech,mba_unknown,https://databricks.com/company/careers/open-positions/job?gh_jid=8627549002,open
1ca08f6779c4e1970ae3f793dc23d757e180dcf444959a2332fe478ce2c1e34b,Databricks,"Sr. Solutions Architect - Digital Native Business, Strategics",Nevada; Remote - California; Remote - Colorado; Remote - Washington,unstated,ai_product,mba_unknown,https://databricks.com/company/careers/open-positions/job?gh_jid=8615045002,open
f5a458e601813501c80296822fe3b0c4c27fd6947b0899a1a16de150db8ce7c0,Databricks,Sr. Solutions Architect,"New York City, New York",unstated,other_mba_tech,mba_unknown,https://databricks.com/company/careers/open-positions/job?gh_jid=8769750002,open
da5e66dcd626fe461212753d9528b8baac6f20d1a590e8153f2449b56faa821c,Databricks,Sr. Solutions Architect,"Denver, Colorado",unstated,other_mba_tech,mba_unknown,https://databricks.com/company/careers/open-positions/job?gh_jid=8769768002,open
20523bc7d042a4e4081b2f33162725542c285ad4e6e31e62a5e57314a4aab42a,Databricks,Sr. Solutions Architect,"San Francisco, California",unstated,other_mba_tech,mba_unknown,https://databricks.com/company/careers/open-positions/job?gh_jid=8614977002,open
0dbd73237335145e9d535bac3b67c5e73f4864ae13e82a696c87bb330c62eaa4,Databricks,Sr. Solutions Architect,"Chicago, Illinois",unstated,other_mba_tech,mba_unknown,https://databricks.com/company/careers/open-positions/job?gh_jid=8769764002,open
2d5b3d990d1f785b045749f9f6c8cd9b2e6f99a97ade2e43b99ce89b2f723583,Databricks,"Staff Machine Learning Engineer, CustomerLake (ML/LLM)","New York City, New York",unstated,ai_product,mba_unknown,https://databricks.com/company/careers/open-positions/job?gh_jid=8614863002,open
c594201e78cdcaa243394be19c711f9991f861054e64988f28569427ebbaeed4,Databricks,"Sales Leader, Hunter VC-Backed Startups","San Francisco, California",unstated,ai_product,mba_required,https://databricks.com/company/careers/open-positions/job?gh_jid=8614178002,open
5f39a290cdd17f56c168703794850aa803096e0810c0ad4b222bc7b794940c60,Databricks,"Manager, Field Engineering - MFG","Chicago, Illinois",unstated,ai_product,mba_unknown,https://databricks.com/company/careers/open-positions/job?gh_jid=8612964002,open
284b56e3b7a37faaa96f18d5c91c4a0ba316995b2b8e984e5c23a7868e667401,Databricks,Staff Security Field Engineer,Remote - California,unstated,ai_product,mba_unknown,https://databricks.com/company/careers/open-positions/job?gh_jid=8612870002,open
817e80e563a81eee7d70246ccf0789b5c6a604265d9810586f521e82ac955fba,Databricks,Principal Security Field Engineer,Remote - California,unstated,ai_product,mba_unknown,https://databricks.com/company/careers/open-positions/job?gh_jid=8612863002,open
947d200cb33571aaa99085bfc9dd466f1d008ae262b941f6f37bbc719ecd62fe,Databricks,Forward Deployed Engineer (FDE) - Public Sector,United States,unstated,ai_product,mba_unknown,https://databricks.com/company/careers/open-positions/job?gh_jid=8611108002,open
e8fa6577bb7a71446e50aaef74120f4fcbd817c2bd64a8aaff996db494f8f066,Databricks,"Sr. Delivery Partner Manager, FDE",Central - United States; Northeast - United States; Southeast - United States,unstated,other_mba_tech,mba_unknown,https://databricks.com/company/careers/open-positions/job?gh_jid=8611106002,open
e8e3f0f8a2abc7a8acacd91f7c10efde91164babf60b5ce598eb1f234b394cc9,Databricks,Enterprise Account Executive - Financial Services,"Boston, Massachusetts; New Jersey; New York City, New York",unstated,ai_product,mba_unknown,https://databricks.com/company/careers/open-positions/job?gh_jid=8610933002,open
84cf033d577901d2af37e9ed5adb52505cb986f63dc5876cde29136f6c5ac38f,Databricks,Sr. Alliance Director,"San Francisco, California",unstated,ai_product,mba_unknown,https://databricks.com/company/careers/open-positions/job?gh_jid=8610773002,open
8328d2848b881943480dcaf1313d7b7b28515fb1629abd4d582b6954bc042cdb,Databricks,"Sr. Solutions Architect - Retail, Travel & Hospitality ","Charlotte, North Carolina; Raleigh, North Carolina; Remote - North Carolina",unstated,other_mba_tech,mba_unknown,https://databricks.com/company/careers/open-positions/job?gh_jid=8607059002,open
e5224696e57afb1c1c415d576cc25d5c24b073fc1338c81323cb85c08f678bf7,Databricks,Solutions Architect,Arizona; California; Utah,unstated,other_mba_tech,mba_unknown,https://databricks.com/company/careers/open-positions/job?gh_jid=8605160002,open
352d242ff9413ff9b60d66464437e258a3d4c6637c49f74704ef8a7bad57412a,Databricks,Sr. Solutions Architect - Financial Services (Asset and Wealth Management),"Chicago, Illinois; Massachusetts; New Jersey; New York",unstated,ai_product,mba_unknown,https://databricks.com/company/careers/open-positions/job?gh_jid=8605158002,open
af5ed77d523a04570a92a7cd6d9259e135e1d25ff7cbef666a579da4d8b08cb5,Databricks,Sr. Accounting Manager,"San Francisco, California",unstated,other_mba_tech,mba_unknown,https://databricks.com/company/careers/open-positions/job?gh_jid=8604603002,open
ee3ba027ae449a5859cd1e3577908cd3c5f2ba31b85ab531ada95957e81eeaee,Databricks,"Sr. Manager, Finance PMO & Operations (Procure-To-Pay)",West Coast - United States,unstated,other_mba_tech,mba_unknown,https://databricks.com/company/careers/open-positions/job?gh_jid=8604596002,open
f165cbf522df5b0e7a697e13f1d9c9d9c90654bc97c43c14734eb6b7efe97137,Databricks,Payroll Tax Manager,"Mountain View, California; San Francisco, California",unstated,other_mba_tech,mba_unknown,https://databricks.com/company/careers/open-positions/job?gh_jid=8604587002,open
acbe3560f3939d367cfecbaf4968ccfeb082e1775c71286524daa10ac72c3ca9,Databricks,"Director, Order to Revenue Compliance",Central - United States; West Coast - United States,unstated,ai_product,mba_unknown,https://databricks.com/company/careers/open-positions/job?gh_jid=8604585002,open
829dec81ad8bfd1a52962ca10148c19e359a0e80392c0670b71b6fe0e9dbf44f,Databricks,"Global Senior Workplace Manager, Food and Beverage","San Francisco, California",unstated,other_mba_tech,mba_unknown,https://databricks.com/company/careers/open-positions/job?gh_jid=8603394002,open
636f2e240db5ff8716eaf751ce3029f950aa83da9a9895788d8ad8308edfd8c7,Databricks,"Global Workplace Services Manager, Events & Experiences","San Francisco, California",unstated,ai_product,mba_unknown,https://databricks.com/company/careers/open-positions/job?gh_jid=8603392002,open
a19c95a75eb3c67edfe6370c57c3f992d8bb58a65bc06856949ddea31cafce78,Databricks,"Engineering Manager, Serverless Compute Platform","Bellevue, Washington",unstated,ai_product,mba_unknown,https://databricks.com/company/careers/open-positions/job?gh_jid=8603361002,open
f90530a88b162ee7a03502e59c3feabd4fe5135e27fc071bb77a7fff5f9bfde6,Databricks,Customer Enablement Architect,United States,unstated,other_mba_tech,mba_unknown,https://databricks.com/company/careers/open-positions/job?gh_jid=8593373002,open
72ca571db704f76c96a878aa133702de18014e33b48dadfa453240edbdaedb6c,Databricks,Enterprise Account Executive - Gaming ,Nevada,unstated,ai_product,mba_unknown,https://databricks.com/company/careers/open-positions/job?gh_jid=8588516002,open
3dc5d7c837a204c35ba6edc26630d01097b6610c092c094f3acb9b2a71cd0d74,Databricks,"Sr. Field Technical Program Manager, FDE",United States,unstated,other_mba_tech,mba_unknown,https://databricks.com/company/careers/open-positions/job?gh_jid=8586857002,open
e697d392e1d7073d1bef9791a415604f3d4441c3e47a86e801cf8ac4df24d9cd,Databricks,"Manager, Forward Deployed Engineering - CMEG",Remote - Washington D.C.,unstated,ai_product,mba_unknown,https://databricks.com/company/careers/open-positions/job?gh_jid=8585019002,open
2e75b68062d94acff10fc1d1fabe5d3bc63944a38983487d57e2aa789891da44,Databricks,Sr. Solutions Engineer - Public Sector (Defense Industrial Base),"Maryland; McLean, Virginia; Washington, D.C.",unstated,ai_product,mba_unknown,https://databricks.com/company/careers/open-positions/job?gh_jid=8584983002,open
f1057445c67704de2a27dab2165f827c2e63e309ef4588d7104b35232144a78c,Databricks,"Staff Product Designer, AI Products ","New York City, New York",unstated,ai_product,mba_unknown,https://databricks.com/company/careers/open-positions/job?gh_jid=8584704002,open
ffce88a4222557d1c62a50756f149f8555c04efa3a1b71187fd0a94d9fc328b0,Databricks,Sr. Solutions Architect - Manufacturing,Central - United States,unstated,other_mba_tech,mba_unknown,https://databricks.com/company/careers/open-positions/job?gh_jid=8583085002,open
ed85ac5ee49ac26de994c4e79b742bf7d8ae98f03e456b2920c63d3066a8ad99,Databricks,Field CTO - Public Sector,"Maryland; Virginia; Washington, D.C.",unstated,ai_product,mba_unknown,https://databricks.com/company/careers/open-positions/job?gh_jid=8583083002,open
e22660bbcf0ac5f9c8c5556d4c87eb5d49a6f21572aba66dc982469556cb7147,Databricks,Strategy & Execution Manager — Retail,United States,unstated,other_mba_tech,mba_unknown,https://databricks.com/company/careers/open-positions/job?gh_jid=8582991002,open
51277ffed311f8484b78c899c0189c1b08136bca47f5aa5753d643753e69a564,MongoDB,"Senior Manager, AI and People Transformation",United States,unstated,ai_product,mba_unknown,https://www.mongodb.com/careers/job/?gh_jid=8227250,open
f2d2832bd1a13c2bf9e4928bdbddd1928ebd451ae5df5d99c3d54056936d2b01,Databricks,"Director, Travel & Expense","San Francisco, California; United States",unstated,other_mba_tech,mba_required,https://databricks.com/company/careers/open-positions/job?gh_jid=8582308002,open
550191d2007d231bc2f36eaaef8fc159a444a8d98fb7af82ec16365716203f9f,Databricks,Lakebase Associate Director- Financial Services,United States,unstated,ai_product,mba_unknown,https://databricks.com/company/careers/open-positions/job?gh_jid=8571578002,open
b8fb0c9cd97a4f0194f2040639d3983fa640f6e361f6cb9308cd6169c5acbe07,Databricks,"Sr. Counsel, Commercial","Bellevue, Washington; Chicago, Illinois; Denver, Colorado; Mountain View, California; New York City, New York; San Francisco, California; Seattle, Washington; Washington, D.C.",unstated,ai_product,mba_unknown,https://databricks.com/company/careers/open-positions/job?gh_jid=8570007002,open
0f08ac1b03a46334aff8e4886a500a92596b8298c0221cfcff8cc0ca005c0b44,Databricks,"Sr. Counsel, Product","Bellevue, Washington; Mountain View, California; New York City, New York; San Francisco, California; Seattle, Washington; Washington, D.C.",unstated,ai_product,mba_unknown,https://databricks.com/company/careers/open-positions/job?gh_jid=8570003002,open
bb5790861eec069ae07414385298b8c0015c05b4ccda72c9143fd67f0ae6103c,Databricks,"Sr. Counsel, Corporate","Bellevue, Washington; Boston, Massachusetts; Chicago, Illinois; Denver, Colorado; Seattle, Washington",unstated,other_mba_tech,mba_unknown,https://databricks.com/company/careers/open-positions/job?gh_jid=8569997002,open
375d20b1141096c9baeecf4138d25e9e2e7a265f4904d3b758eef4ce76897e62,Databricks,"Program Manager, Product Legal","Bellevue, Washington; Boston, Massachusetts; Seattle, Washington; Washington, D.C.",unstated,ai_product,mba_unknown,https://databricks.com/company/careers/open-positions/job?gh_jid=8569993002,open
5fe1a34e8abdd6a6f1aa1fe55872f3f1926780f73e905054d5ea093ce4d2fd00,Databricks,"Solutions Architect - Digital Native Business, Named Accounts",Nevada; Remote - California; Remote - Colorado; Remote - Oregon; Remote - Washington,unstated,ai_product,mba_unknown,https://databricks.com/company/careers/open-positions/job?gh_jid=8569640002,open
8eb388f875b8d9032c6ca9f1c08355bcfba04cba5a021e0ec04a23e59c83c80a,Databricks,Sr. Solutions Architect - Travel and Hospitality,"Remote - Washington; Seattle, Washington",unstated,other_mba_tech,mba_unknown,https://databricks.com/company/careers/open-positions/job?gh_jid=8569637002,open
564e8c38efe4f8740e0ccf10f4aea50741f29f9f032a2cf6c372034bae8abc4f,Databricks,"Solutions Architect - Communications, Media, Entertainment and Games","Colorado; Denver, Colorado; Remote - Colorado",unstated,other_mba_tech,mba_unknown,https://databricks.com/company/careers/open-positions/job?gh_jid=8569633002,open
bfeb8949e9f8f892c923e8d3739b154e09572cf3bbd5483fece889f0d64ca749,Databricks,"Director, Lakebase Sales Specialist- Financial Services","New York City, New York",unstated,ai_product,mba_unknown,https://databricks.com/company/careers/open-positions/job?gh_jid=8569608002,open
cbca632d0effefbc377d0e5f064f8e7166d7b3080db18f8ebfd755e2287ddfb1,Databricks, Lakebase Associate Director Specialist-MFG,"Remote - Georgia; Remote - Texas; San Francisco, California",unstated,ai_product,mba_unknown,https://databricks.com/company/careers/open-positions/job?gh_jid=8569506002,open
9617b4dc91452f512efc74dd3c8c0abcbffddc761479f199c0c0f19adfbb3d30,Databricks,Lakebase Associate Director Specialist-MFG,United States,unstated,ai_product,mba_unknown,https://databricks.com/company/careers/open-positions/job?gh_jid=8569498002,open
fce5528d917367e50d686c239b2000721e4f2939d7e22ce54fcaa62ec942ea42,Databricks,"Lakebase Associate Director, Healthcare & Life Sciences",Central - United States; Northeast - United States; Southeast - United States; United States; West Coast - United States,unstated,ai_product,mba_unknown,https://databricks.com/company/careers/open-positions/job?gh_jid=8569461002,open
89451d5b2018a80d7678c4ad987938f6e4868600172acbf34d3eed3e7e757b80,Databricks,Lakebase Associate Director - Retail,United States,unstated,ai_product,mba_unknown,https://databricks.com/company/careers/open-positions/job?gh_jid=8569436002,open
fbe65440806fac497c03e16910b04e7855d2ca721e36dd2cd8c175fc32a0095c,Databricks,Lakebase Sales Specialist,United States,unstated,ai_product,mba_unknown,https://databricks.com/company/careers/open-positions/job?gh_jid=8569410002,open
b0ef1daab568a62219da53cc87531525867a25baadaa40e15854e50d51a2e669,Databricks,"Sr. Director, Enterprise - Retail Vertical - Strategic Accounts ",Remote - New York,unstated,other_mba_tech,mba_unknown,https://databricks.com/company/careers/open-positions/job?gh_jid=8568151002,open
46532d26bacccf370abf4c763516924df633664655945927a368b93755db8572,Databricks,Sr. Solutions Architect - Financial Services (Strategic Banking),Georgia; Massachusetts; New York; North Carolina,unstated,ai_product,mba_unknown,https://databricks.com/company/careers/open-positions/job?gh_jid=8568013002,open
50892361b854947124b0382f44273bf2975985419a94f441036e9c95e78d8629,Databricks,Sr. Solutions Architect - Digital Native Business (Strategic Accounts),"Remote - California; San Francisco, California",unstated,ai_product,mba_unknown,https://databricks.com/company/careers/open-positions/job?gh_jid=8567963002,open
0e9573ac60801e624545c4b4ff4a16c935507027d88f28389b7878fc169f7e3b,Databricks,Sr. Solutions Architect - Financial Services (Hunter),"Georgia; Illinois; Massachusetts; New York; North Carolina; Texas; Virginia; Washington, D.C.",unstated,ai_product,mba_unknown,https://databricks.com/company/careers/open-positions/job?gh_jid=8567961002,open
76001ed9a74c7ce12aa2fd1cc6828818335da1922355788e616380606d3ce483,Databricks,Senior Solutions Architect,Central - United States; Northeast - United States; Southeast - United States,unstated,other_mba_tech,mba_unknown,https://databricks.com/company/careers/open-positions/job?gh_jid=8567957002,open
fb5d51b907bc283f4ef48d72c78c9023d7da8c5f7cf3eaecbc0c28504a54a52a,Databricks,"Sr. Manager, Engineering  Configuration Platform Team","Bellevue, Washington",unstated,ai_product,mba_unknown,https://databricks.com/company/careers/open-positions/job?gh_jid=8567602002,open
0d1dfc5f2496407ecb77fcacfd68f29593a84e209f4edd607cfdae94b6cd79ac,Databricks,Solutions Architect - Strategic High Tech,"Remote - California; San Francisco, California",unstated,ai_product,mba_unknown,https://databricks.com/company/careers/open-positions/job?gh_jid=8563159002,open
97e69bc24217bf73608957e3ef07fc1aa8190ac843406be25d030fa8f464995e,Databricks,"Staff Software Engineer, AI Native Web Platform","Mountain View, California",unstated,other_mba_tech,mba_unknown,https://databricks.com/company/careers/open-positions/job?gh_jid=8560783002,open
32749a5897e615d44c4581253a493970466a735d5737c711fd8f9707a9fd5712,Databricks,"Software Engineer, Web Products","Mountain View, California",unstated,other_mba_tech,mba_unknown,https://databricks.com/company/careers/open-positions/job?gh_jid=8560779002,open
982934a50af0c2f001d24401589c303f42491455632bce49d6d69df94ba6e9f6,Databricks,"Staff Product Manager, Agentic AI Applications","Mountain View, California; San Francisco, California",unstated,ai_product,mba_unknown,https://databricks.com/company/careers/open-positions/job?gh_jid=8560772002,open
c1a38cbb71fcef53679510db2ac06c16c10b5755a65f58ec410d23808d5426bc,Databricks,"Sr. Staff, Technical Program Management","Mountain View, California",unstated,ai_product,mba_unknown,https://databricks.com/company/careers/open-positions/job?gh_jid=8661359002,open
86f931d6c4b4cf86c5e69581a4b78c9a3663755756681f6f013d010040dfaa7a,Databricks,"Sr. Field Technical Program Manager, FDE - Public Sector","Washington, D.C.",unstated,other_mba_tech,mba_unknown,https://databricks.com/company/careers/open-positions/job?gh_jid=8549259002,open
9ee4a18b546341f2b32293fed6568ce9a29b898f0edc4b45bfc49c39f19da7d9,Databricks,Delivery Solutions Architect - Startups & Emerging Enterprise,Remote - California; Remote - Colorado; Remote - Illinois; Remote - Massachusetts; Remote - New York; Remote - Oregon; Remote - Texas; Remote - Washington,unstated,ai_product,mba_unknown,https://databricks.com/company/careers/open-positions/job?gh_jid=8549248002,open
28b0db1df38ac937f363f8cae722ab3f7e58683080201c6a6ba645ae2d047876,Databricks,Delivery Solutions Architect - Oil & Gas,Remote - Texas,unstated,ai_product,mba_unknown,https://databricks.com/company/careers/open-positions/job?gh_jid=8687483002,open
111b074beb102cf8ae99e971e3b7ddb7a2c273f544848853b3728bbd33f778a2,Databricks,Delivery Solutions Architect - High-Tech & Manufacturing,United States,unstated,ai_product,mba_unknown,https://databricks.com/company/careers/open-positions/job?gh_jid=8549046002,open
47a625b45e9e7a186f84995e6d3da35d232fc586ea2aea9f5d922807516efe56,Databricks,Delivery Solutions Architect - Digital Native Business,Remote - California; Remote - Oregon; Remote - Washington,unstated,ai_product,mba_unknown,https://databricks.com/company/careers/open-positions/job?gh_jid=8548986002,open
ed22ef4bb9f8c5e4102b01c32f6317a68e207c28af08e8dc4b1046e77817528a,Databricks,AI Engineer – Forward Deployed Engineering (AI FDE),United States,unstated,ai_product,mba_unknown,https://databricks.com/company/careers/open-positions/job?gh_jid=8546367002,open
cd5d2004503f8454dfbaf2beb76127a4363e7d2889bb9f14ab3fc37034af187a,Databricks,"AI Engineer – Forward Deployed Engineering (AI FDE), U.S. Public Sector (Federal Focus)","Maryland; Virginia; Washington, D.C.",unstated,ai_product,mba_unknown,https://databricks.com/company/careers/open-positions/job?gh_jid=8760167002,open
7ea1d006abf42c7f668dcdc77ed260e4c8ddca3306c726a0deb65d52ece5d784,Databricks,"Lead Field Technical Program Manager, FDE - Retail, Consumer Goods, Travel, Transportation & Hospitality",United States,unstated,other_mba_tech,mba_unknown,https://databricks.com/company/careers/open-positions/job?gh_jid=8538884002,open
fd54352cd74f2b69a4d2de89d2ad0f7ca36030b268f59e5e09029b34a7ca902c,Databricks,Delivery Solutions Architect - Public Sector,United States,unstated,ai_product,mba_unknown,https://databricks.com/company/careers/open-positions/job?gh_jid=8559315002,open
1a5a30772c17cff0313b4e9224e14661a67646c2b81286c74802bb1e054b64fe,Databricks,Sr. Executive Assistant,"Mountain View, California; San Francisco, California",unstated,ai_product,mba_unknown,https://databricks.com/company/careers/open-positions/job?gh_jid=8523677002,open
7d6cf778f82e6f91ba6f8739884ebb6f5548c9b3330666a6ee61517fbc2b39b6,Databricks,Delivery Solutions Architect - Retail,"Denver, Colorado; West Coast - United States",unstated,ai_product,mba_unknown,https://databricks.com/company/careers/open-positions/job?gh_jid=8511491002,open
e507cc8ce284570d31c2251df2f8553c8fb17f4aadf1f4e66f7fccafc59e16ab,Databricks,Sr. Engineering Manager - Agentic Service Platform ,"Mountain View, California",unstated,ai_product,mba_unknown,https://databricks.com/company/careers/open-positions/job?gh_jid=8510921002,open
977bd0acb4c9e04f1d2d6a3628a5ffc451fc8131e76442e786d5bc28addbe85a,Databricks,"Staff Partner Engineer, Azure ","New York City, New York; San Francisco, California; Seattle, Washington",unstated,ai_product,mba_unknown,https://databricks.com/company/careers/open-positions/job?gh_jid=8508943002,open
6cbf972ca959552d7d64c7806bdcaab33fc7d81dcf23ff5ef7ca2e13dc99771f,Databricks,Solutions Architect - Financial Services (Professional Services) ,"Illinois; Massachusetts; New Jersey; New York; Washington, D.C.",unstated,ai_product,mba_unknown,https://databricks.com/company/careers/open-positions/job?gh_jid=8502991002,open
0239c9f8a91bd20fb01a0fafdf5e15ce5ea906f029e364330983a9edbb53f4a6,Databricks,"Sr. Manager, Field Engineering - Digital Native Business",Colorado; Remote - California; Remote - Oregon; Remote - Washington,unstated,ai_product,mba_unknown,https://databricks.com/company/careers/open-positions/job?gh_jid=8496009002,open
746f1aa9d1d1fa747011fa395dfe28ec432c114bade84538876ca75e54074ab1,Databricks,"Sr. Product Marketing Manager, Lakewatch & Agentic Apps",West Coast - United States,unstated,ai_product,mba_unknown,https://databricks.com/company/careers/open-positions/job?gh_jid=8493857002,open
729ec8f401427d9b5d05f765b560f5e58f2a37c6d7bd8f1ec5e78023183b30ba,Databricks,"Sr Software Engineer, Infrastructure","San Francisco, California",unstated,ai_product,mba_unknown,https://databricks.com/company/careers/open-positions/job?gh_jid=8493170002,open
b454d91d1be5b27864d61284dfdff38ea77cf9ad96da7e9e42b08f434c3e829b,Databricks,Staff Technical Program Manager - Cleared/Security ,"McLean, Virginia; Washington, D.C.",unstated,ai_product,mba_unknown,https://databricks.com/company/careers/open-positions/job?gh_jid=8493148002,open
673f76183d3e39d9ecd3a4f17b60b0f3746f2b0432d14ac704b035b6a7cf0990,Databricks,"Sr. Engagement Manager, Forward Deployed Engineering - Public Sector",Remote - Virginia; Remote - Washington D.C.,unstated,other_mba_tech,mba_unknown,https://databricks.com/company/careers/open-positions/job?gh_jid=8490644002,open
bade3ee8185b0ef217b7565e715bfd8e0896162126ef7f5557fc4612f7c5f62e,Databricks,Sr. Forward Deployed Engineer (FDE) - Digital Native Business ,Remote - California,unstated,ai_product,mba_unknown,https://databricks.com/company/careers/open-positions/job?gh_jid=8807033002,open
b9c3ffe975f8a5f6a41b3ad67e5675dafe400172a5e688764a0674c0dbb6152a,Databricks,Sr. Forward Deployed Engineer (FDE) - Digital Native Business ,Remote - New York,unstated,ai_product,mba_unknown,https://databricks.com/company/careers/open-positions/job?gh_jid=8807049002,open
74b239082e993c39425585d8da5c53b70303f2565ee70fecea9557045ff94da3,Databricks,Sr. Forward Deployed Engineer (FDE) - Digital Native Business ,"Mountain View, California",unstated,ai_product,mba_unknown,https://databricks.com/company/careers/open-positions/job?gh_jid=8647743002,open
50e3b6a19171f20a88411741d6bc16b44895010f10867807ada51820be1c116f,Databricks,Sr. Forward Deployed Engineer (FDE) - Digital Native Business ,"Seattle, Washington",unstated,ai_product,mba_unknown,https://databricks.com/company/careers/open-positions/job?gh_jid=8807063002,open
4972eaf8ccb868199192783e202fe7f466bd29be8e81a8f2150bd25a1e8b0349,Databricks,Sr. Forward Deployed Engineer (FDE) - Digital Native Business ,West Coast - United States,unstated,ai_product,mba_unknown,https://databricks.com/company/careers/open-positions/job?gh_jid=8807081002,open
256731fe246c730c549d8d056cd80ac01a193356d1f899fe32e1a7e96fb303b3,Databricks,Sr. Forward Deployed Engineer (FDE) - Digital Native Business ,"San Francisco, California",unstated,ai_product,mba_unknown,https://databricks.com/company/careers/open-positions/job?gh_jid=8488399002,open
f939eb784cfa9ab29bec26b1cf5f1dc8d890382bf6925d4c66ea63ea77a0a2ee,Databricks,"Solutions Architect - Communications, Media, Entertainment and Games","Philadelphia, Pennsylvania",unstated,ai_product,mba_unknown,https://databricks.com/company/careers/open-positions/job?gh_jid=8487768002,open
b1dfdb3704e95bd6b75c5acd17691d0388e12af8d59db1e2d3dadc670e5b2aaf,Databricks,"Solutions Architect - Communications, Media, Entertainment and Games",Remote - Pennsylvania,unstated,ai_product,mba_unknown,https://databricks.com/company/careers/open-positions/job?gh_jid=8755482002,open
745f1413498416527715b2fa0e8cb8c5c85771d2928e76595661c60cb29175ee,Databricks,"Solutions Architect - Communications, Media, Entertainment and Games",New Jersey,unstated,ai_product,mba_unknown,https://databricks.com/company/careers/open-positions/job?gh_jid=8755492002,open
27680da3d114255a02c0925cb27f3d31c5407539caa2c3691dec97d1e068ca27,Databricks,"Solutions Architect - Communications, Media, Entertainment and Games",Remote - New York,unstated,ai_product,mba_unknown,https://databricks.com/company/careers/open-positions/job?gh_jid=8755476002,open
1a378cb3b8eede20e28b592bd264b7bcb9ecad4c7352e7af218596ba8d3f3445,Databricks,"Solutions Architect - Communications, Media, Entertainment and Games",Northeast - United States,unstated,ai_product,mba_unknown,https://databricks.com/company/careers/open-positions/job?gh_jid=8755474002,open
dbf8c31dadec61fc6f4fb12ba9a9b1a16de65ab71a6f7db09c6107f0ee8d5552,Databricks,Sr. Executive Assistant,"Mountain View, California; San Francisco, California",unstated,ai_product,mba_unknown,https://databricks.com/company/careers/open-positions/job?gh_jid=8487325002,open
a9827c52cbbeabaa61a69fae46103515018b4ff71162adb71bbc85bb1f4c1f92,Databricks,"Director, Product Marketing, AI ","San Francisco, California",unstated,ai_product,mba_required,https://databricks.com/company/careers/open-positions/job?gh_jid=8487145002,open
232e775ac3a7d6ab42deb48aed89773c2e1603717a8560e6482344e19f760d59,Databricks,Sr. Solutions Architect - Financial Services (Banking and Payments) ,"Connecticut; Massachusetts; New York; North Carolina; St. Louis, Missouri; Washington, D.C.",unstated,ai_product,mba_unknown,https://databricks.com/company/careers/open-positions/job?gh_jid=8480642002,open
038cf7f32f916d5c0e7a9409b7be80829f695c59472ad9815bae07f41c075007,Databricks,Staff Enterprise Security Engineer,Remote - California,unstated,ai_product,mba_unknown,https://databricks.com/company/careers/open-positions/job?gh_jid=8479031002,open
f47b933f7a634c2c492c3f831fd5b6e68f57936444bcf067f3410721fea0a146,Databricks,"Manager, Field Engineering - Global Telecommunications ",Remote - Georgia,unstated,ai_product,mba_unknown,https://databricks.com/company/careers/open-positions/job?gh_jid=8476403002,open
865a5c5b540e05facdd66fdb61c05b1b816a5b5b79dfac9453b04b6ad96d0af1,Databricks,"Manager, Field Engineering - Global Telecommunications ",Remote - Texas,unstated,ai_product,mba_unknown,https://databricks.com/company/careers/open-positions/job?gh_jid=8755470002,open
58da33ffac528f08cf9a215486e9845cc1ffb1f268dbdfa33958d71716b3bc5e,Databricks,Engineering Manager - Databricks SQL Control Plane,"Mountain View, California",unstated,ai_product,mba_unknown,https://databricks.com/company/careers/open-positions/job?gh_jid=8472398002,open
2752aede116a53cd152454df688828f4de4a7d32d855dc88b4501bfde544cdbc,Databricks,"Sr. Manager, Security — Continuous Monitoring v 2.0 ",Remote - California,unstated,ai_product,mba_unknown,https://databricks.com/company/careers/open-positions/job?gh_jid=8470847002,open
21ea15baafb8c7598d3766d9a98fd594c4a2fdd26648971904a1c37830fe7f76,Databricks,Deployment Strategist,United States,unstated,ai_product,mba_unknown,https://databricks.com/company/careers/open-positions/job?gh_jid=8463063002,open
aab2845d9581bf283f5110a69ec12d1a01f8e49aa7adea995b733822b2707cc5,Databricks,"Sr. Counsel, Regulatory","Bellevue, Washington; Seattle, Washington; Washington, D.C.",unstated,ai_product,mba_unknown,https://databricks.com/company/careers/open-positions/job?gh_jid=8459031002,open
578be55fd8af7cc51c254d4734b5db90b154829e032aa0cc226c0610c659e1d1,Databricks,"Manager, Field Engineering - Strategic Digital Native Business",Remote - California; Remote - Colorado; Remote - Oregon; Remote - Washington,unstated,ai_product,mba_unknown,https://databricks.com/company/careers/open-positions/job?gh_jid=8458032002,open
1bf718bf63f0cf90d6bd050c62eb870516eb7488204132a716a047c4acd9cab1,Databricks,Sr. Solutions Architect - Public Sector (Defense Industrial Base),"Delaware; Maryland; Virginia; Washington, D.C.",unstated,ai_product,mba_unknown,https://databricks.com/company/careers/open-positions/job?gh_jid=8453645002,open
d29922b8c9cadd61b658d31dac930e8e221f126c00dcd1695ca64de842e67318,Databricks,"Sr. Strategy & Operations Program Lead, Accenture Business Group",United States,unstated,ai_product,mba_unknown,https://databricks.com/company/careers/open-positions/job?gh_jid=8439170002,open
838ba1d1889fd4aaa165bf9b978d7958b6ae4939dd0cef6a4d610bb27545039f,Databricks,"Lead Engagement Manager, FDE - Healthcare & Life Sciences",Central - United States; Northeast - United States; Southeast - United States,unstated,other_mba_tech,mba_unknown,https://databricks.com/company/careers/open-positions/job?gh_jid=8438803002,open
cffb4a965cc87cc826208dbd1d3b8e8312a4dbf7f27d6a20a8363ab4a2ff070f,Databricks,Sr. Forward Deployed Engineer (FDE) - Financial Services,"Washington, D.C.",unstated,ai_product,mba_unknown,https://databricks.com/company/careers/open-positions/job?gh_jid=8592952002,open
0f2a33d0d3eb6264cc6cdbb0501ea424093ab1031252c097542499d0e2f92876,Databricks,Sr. Forward Deployed Engineer (FDE) - Financial Services,"Charlotte, North Carolina",unstated,ai_product,mba_unknown,https://databricks.com/company/careers/open-positions/job?gh_jid=8592951002,open
e4c8e4545f5d22741729467aca3891737b3e7c027d119f72d402223b62361f2c,Databricks,Sr. Forward Deployed Engineer (FDE) - Financial Services,"Atlanta, Georgia",unstated,ai_product,mba_unknown,https://databricks.com/company/careers/open-positions/job?gh_jid=8592908002,open
d747fb59efb3e8c314d0afdb19724263e708bd2c1b6f583a6931fe386b78bfee,Databricks,Sr. Forward Deployed Engineer (FDE) - Financial Services,"Dallas, Texas",unstated,ai_product,mba_unknown,https://databricks.com/company/careers/open-positions/job?gh_jid=8592928002,open
ba756f6f3df956e79a43ae9d20afa20f408771213ca16d688deef0f573656424,Databricks,Sr. Forward Deployed Engineer (FDE) - Financial Services,"Philadelphia, Pennsylvania",unstated,ai_product,mba_unknown,https://databricks.com/company/careers/open-positions/job?gh_jid=8592939002,open
ac3c79e0bd1867eab7cd037e9655c9302e39cc9a0a6b147da123e0dcf3bd44d0,Databricks,Sr. Forward Deployed Engineer (FDE) - Financial Services,"Chicago, Illinois",unstated,ai_product,mba_unknown,https://databricks.com/company/careers/open-positions/job?gh_jid=8592938002,open
ab67914426f884f4eb8aaa4aacb05124e1e51981335266c6689dbfaffa9bc108,Databricks,Sr. Forward Deployed Engineer (FDE) - Financial Services,Central - United States,unstated,ai_product,mba_unknown,https://databricks.com/company/careers/open-positions/job?gh_jid=8438791002,open
8052949282e69b0c2fc77488322939012acec4745f3b3336e3cd1beed886e362,Databricks,Sr. Forward Deployed Engineer (FDE) - Financial Services,"Boston, Massachusetts",unstated,ai_product,mba_unknown,https://databricks.com/company/careers/open-positions/job?gh_jid=8592937002,open
3fd87f649acb5891aedd2569899f2d5d74eebe248c59edffba33ba68f33e7630,Databricks,Sr. Forward Deployed Engineer (FDE) - Financial Services,"New York City, New York",unstated,ai_product,mba_unknown,https://databricks.com/company/careers/open-positions/job?gh_jid=8592942002,open
bd13b99efe6d5b2911c37ad629c5d99893057bcd56174cde19dafa9437b3b303,Databricks,"Sr. Manager, Field Engineering - Public Sector (Intel, Navy, Air Force)","Maryland; Virginia; Washington, D.C.",unstated,ai_product,mba_unknown,https://databricks.com/company/careers/open-positions/job?gh_jid=8431931002,open
9d42e9149a153926ac23b446c2e290b2b2dc1eae827ee60915346c8d997c9846,Databricks,Strategic Core Account Executive - CMEG - Telco ,Remote - Georgia; Remote - Texas,unstated,ai_product,mba_unknown,https://databricks.com/company/careers/open-positions/job?gh_jid=8431459002,open
f0b3d3840e7675c48b7ce079e3bdc0106cbf004dd6f012dfee4696a1734cc7d3,Databricks,Strategic Account Executive-TELCO,"Atlanta, Georgia; Denver, Colorado",unstated,ai_product,mba_unknown,https://databricks.com/company/careers/open-positions/job?gh_jid=8431457002,open
b8dcb8c5439904212b991215723d5666df5d5006f15e3f13157b7b9cac383486,Databricks,"Sr. Product Designer, AI/BI","Mountain View, California; San Francisco, California; Seattle, Washington",unstated,ai_product,mba_unknown,https://databricks.com/company/careers/open-positions/job?gh_jid=8429978002,open
bd5a0aaaa146bd230170563d4f765a9af6d6fe1b2a4d3d582a1701beb74d33ac,Databricks,Sr. Developer Advocate - Neon,"San Francisco, California",unstated,ai_product,mba_unknown,https://databricks.com/company/careers/open-positions/job?gh_jid=8428818002,open
d989e2a63f650f3ee16b9621893331f1bcdecfac93094d6ae397f2d27cc28948,Databricks,"Lead Engagement Manager, FDE - DNB","San Francisco, California",unstated,other_mba_tech,mba_unknown,https://databricks.com/company/careers/open-positions/job?gh_jid=8423291002,open
14bf20a51348f8af2cb1c3eda534e2e2f2e9fcf7b69d9423c8974db6db7afe70,Databricks,"Senior Manager, Global Premier Support","Mountain View, California; Plano, Texas; San Francisco, California",unstated,ai_product,mba_unknown,https://databricks.com/company/careers/open-positions/job?gh_jid=8422798002,open
f3076ad19d972730dfde3b9e0893cdf31af8a182d5c11f578c2e7c08ae7ac64e,Databricks,"Staff Product Manager, Serverless Workspaces","San Francisco, California",unstated,ai_product,mba_unknown,https://databricks.com/company/careers/open-positions/job?gh_jid=8420607002,open
85e263aee03ca2390570b7c1e1a7d12040b2e4f33a0f113423427c5e49739927,Databricks,"Staff Product Manager, Serverless Workspaces","Seattle, Washington",unstated,ai_product,mba_unknown,https://databricks.com/company/careers/open-positions/job?gh_jid=8427954002,open
c73fbacdea1cb9192e4a74ba008a3c92f5a7445ab83b3e4cd361472ae9ba4045,Databricks,Sr. Solutions Engineer - Public Sector (DoW - 4th Estate),"Maryland; Virginia; Washington, D.C.",unstated,ai_product,mba_unknown,https://databricks.com/company/careers/open-positions/job?gh_jid=8415025002,open
7ccb1c6187520cc647a9b832f62cc9a0601bbf6699704f446fccf332c442725c,Databricks,"Principal Demand Generation Manager, Campaign Development",United States,unstated,other_mba_tech,mba_unknown,https://databricks.com/company/careers/open-positions/job?gh_jid=8407917002,open
5070df8ad9cd59d9f9e6790c2d4d0422507ad06c053daa4c0a37bac661c5ef19,Databricks,Sr Platform Monitoring Engineer,United States,unstated,other_mba_tech,mba_unknown,https://databricks.com/company/careers/open-positions/job?gh_jid=8407913002,open
e095a16817649129002c99592e26f5e512236a8bfe9ae79744f4ddc2d1a87468,Databricks,Incident Manager,United States,unstated,other_mba_tech,mba_unknown,https://databricks.com/company/careers/open-positions/job?gh_jid=8407869002,open
8ef3715175cfac9221f8620bfae640e40eee23022a0a4247622baee799383ac3,Databricks,"Solutions Architect Opportunities - Lakebase (Solutions Architect, Sr. Solutions Architect) ",Northeast - United States,unstated,ai_product,mba_unknown,https://databricks.com/company/careers/open-positions/job?gh_jid=8407197002,open
a7b1dbf702607f343970c4d47c193f14e6ab879c7e6841e05d08d0694a9569f3,Databricks,Senior Solutions Architect - Consumer Product Goods,"Dallas, Texas; Missouri; Remote - Missouri; Remote - Texas; St. Louis, Missouri; Texas; United States",unstated,ai_product,mba_unknown,https://databricks.com/company/careers/open-positions/job?gh_jid=8407186002,open
95c999bb179e2f97c8173041bb960692d43c5f1ecbcf3418c3dc4c7d7823ee92,Databricks,Sr. Solutions Architect - Public Sector (SLED) ,Illinois; Michigan; Minnesota,unstated,ai_product,mba_unknown,https://databricks.com/company/careers/open-positions/job?gh_jid=8397493002,open
c0d20ebcf46a152e951b2dda717b1b3d395436697c4651cdcd2c783fc7927515,Databricks,"Sr. Engagement Manager, FDE - Financial Services",Northeast - United States,unstated,other_mba_tech,mba_unknown,https://databricks.com/company/careers/open-positions/job?gh_jid=8395108002,open
77556e98211ebe4560fa5ee2c73d084c5f406634ee60fce47dffc2e23fb03d36,Databricks,Sr. Product Manager - Technical,"New York City, New York",unstated,ai_product,mba_unknown,https://databricks.com/company/careers/open-positions/job?gh_jid=8387085002,open
32b0744e0c3ce1968930c9936269dfd9542f1348fb26520632082695fbcc7b6b,Databricks,"Sr. Compensation Manager, R&D","Mountain View, California; San Francisco, California",unstated,ai_product,mba_unknown,https://databricks.com/company/careers/open-positions/job?gh_jid=8384388002,open
8894d83787cc5f8a931a57929d7255fc17951a7e439d3085ce28c544bf3986a6,Databricks,Sr. Forward Deployed Engineer (FDE) - Healthcare & Life Sciences,"Atlanta, Georgia",unstated,ai_product,mba_unknown,https://databricks.com/company/careers/open-positions/job?gh_jid=8494146002,open
866c7e3e2797b19743eead793f89fce3dc94809007398e45aa0916e0785a476a,Databricks,Sr. Forward Deployed Engineer (FDE) - Healthcare & Life Sciences,"Chicago, Illinois",unstated,ai_product,mba_unknown,https://databricks.com/company/careers/open-positions/job?gh_jid=8494143002,open
6ae68bc417b5de3b22650d5ee493a7a835267966456c698323e20a4c9b5f08e9,Databricks,Sr. Forward Deployed Engineer (FDE) - Healthcare & Life Sciences,"Austin, Texas",unstated,ai_product,mba_unknown,https://databricks.com/company/careers/open-positions/job?gh_jid=8494145002,open
48422e89d3ef98bfa0330675b630bbc0c470dc8a0f1cf73fe600b97815f84d72,Databricks,Sr. Forward Deployed Engineer (FDE) - Healthcare & Life Sciences,"Philadelphia, Pennsylvania",unstated,ai_product,mba_unknown,https://databricks.com/company/careers/open-positions/job?gh_jid=8494148002,open
42f2c92ec0a778721133d91b15e1cac37423f22ee23fdf193fc95be63ce8ff59,Databricks,Sr. Forward Deployed Engineer (FDE) - Healthcare & Life Sciences,"New York City, New York",unstated,ai_product,mba_unknown,https://databricks.com/company/careers/open-positions/job?gh_jid=8371312002,open
16726c9ac26cddb79a351942c94bd934decca10f41e2061e5880ff2c7158ac44,Databricks,Sr. Forward Deployed Engineer (FDE) - Healthcare & Life Sciences,"Boston, Massachusetts",unstated,ai_product,mba_unknown,https://databricks.com/company/careers/open-positions/job?gh_jid=8494142002,open
1480c1112fe22a1b939f1fec72a2b95a5c4b6f630d372915a84b7e23da1081af,Databricks,Sr. Forward Deployed Engineer (FDE) - Healthcare & Life Sciences,"Dallas, Texas",unstated,ai_product,mba_unknown,https://databricks.com/company/careers/open-positions/job?gh_jid=8494144002,open
7f83aba0a98db8befa7c1e2d563e8449f6f51c29e693b90f44a0a226a42a340b,Databricks,Go-To-Market (GTM) Digital Natives Program Leader,"San Francisco, California; United States",unstated,ai_product,mba_unknown,https://databricks.com/company/careers/open-positions/job?gh_jid=8356420002,open
94723f2080ad07d7c8f12abd9791189f84c7ace5e9eedf4e6342d0b069f34a4e,Databricks,Sr. Forward Deployed Engineer (FDE) - Manufacturing,"Seattle, Washington",unstated,ai_product,mba_unknown,https://databricks.com/company/careers/open-positions/job?gh_jid=8494156002,open
4552393fa2c3fa465988b4b20047f6970afb01b85cb2f33efe57b98d9c9bbf5c,Databricks,Sr. Forward Deployed Engineer (FDE) - Manufacturing,"Boston, Massachusetts",unstated,ai_product,mba_unknown,https://databricks.com/company/careers/open-positions/job?gh_jid=8494154002,open
1bfec6490279ad7120c00d9c5e98d4c05a79563d775bee38bb4c1b3a8e9a804e,Databricks,Sr. Forward Deployed Engineer (FDE) - Manufacturing,"Philadelphia, Pennsylvania",unstated,ai_product,mba_unknown,https://databricks.com/company/careers/open-positions/job?gh_jid=8494155002,open
0611c90bb082263cb43e40e624c206d1c81fae2b910e59dd041d1395aaf195d1,Databricks,Sr. Forward Deployed Engineer (FDE) - Manufacturing,"New York City, New York",unstated,ai_product,mba_unknown,https://databricks.com/company/careers/open-positions/job?gh_jid=8341313002,open
fb1ff0a07ab781e7365ddd544299593aea6d3df8fea27985a457deac25716b0e,Databricks,"Sr. Forward Deployed Engineer (FDE) - Communications, Media, Entertainment & Games","Philadelphia, Pennsylvania",unstated,ai_product,mba_unknown,https://databricks.com/company/careers/open-positions/job?gh_jid=8494153002,open
e49276f80fb3cd91daef05d0b287f51a54132708da5ac7240dd0d9c47984aaff,Databricks,"Sr. Forward Deployed Engineer (FDE) - Communications, Media, Entertainment & Games","Boston, Massachusetts",unstated,ai_product,mba_unknown,https://databricks.com/company/careers/open-positions/job?gh_jid=8461222002,open
b309e643419d45f67fcd6c272400fccd71e3b3c24ce221b264e62e128978abca,Databricks,"Sr. Forward Deployed Engineer (FDE) - Communications, Media, Entertainment & Games","New York City, New York",unstated,ai_product,mba_unknown,https://databricks.com/company/careers/open-positions/job?gh_jid=8461226002,open
b0b4c5d6470ded37e77b05a23349295a90c486f123100ab011aaaaa1844f53ab,Databricks,"Sr. Forward Deployed Engineer (FDE) - Communications, Media, Entertainment & Games","Raleigh, North Carolina",unstated,ai_product,mba_unknown,https://databricks.com/company/careers/open-positions/job?gh_jid=8461258002,open
ad45100d4b8bb7544fb70e94f97b2d7217dbd5ec25ccd38d77ccb6c3cb48280d,Databricks,"Sr. Forward Deployed Engineer (FDE) - Communications, Media, Entertainment & Games","Atlanta, Georgia",unstated,ai_product,mba_unknown,https://databricks.com/company/careers/open-positions/job?gh_jid=8461239002,open
ac71433b391a041ee47fe62edd40be92a97c167ece52c2e7c533ece8883679dc,Databricks,"Sr. Forward Deployed Engineer (FDE) - Communications, Media, Entertainment & Games","Austin, Texas",unstated,ai_product,mba_unknown,https://databricks.com/company/careers/open-positions/job?gh_jid=8461219002,open
9bd55dd97d1d524a72a849a13053e0303d7c896228e7e38283413e036ec3f798,Databricks,"Sr. Forward Deployed Engineer (FDE) - Communications, Media, Entertainment & Games","Dallas, Texas",unstated,ai_product,mba_unknown,https://databricks.com/company/careers/open-positions/job?gh_jid=8461218002,open
5d85057e7746db1f12f50771b90c1cae0e65b90bb6703d836e6fa3263b6799e0,Databricks,"Sr. Forward Deployed Engineer (FDE) - Communications, Media, Entertainment & Games","Denver, Colorado",unstated,ai_product,mba_unknown,https://databricks.com/company/careers/open-positions/job?gh_jid=8461243002,open
4fe342f7d681f9d61fe47606305d2fa27b170e2202814b83663946dcbbd31bef,Databricks,"Sr. Forward Deployed Engineer (FDE) - Communications, Media, Entertainment & Games","Washington, D.C.",unstated,ai_product,mba_unknown,https://databricks.com/company/careers/open-positions/job?gh_jid=8461241002,open
4f3d418999f53b02ef9f6a326f85fee2b46056f961891721e4460e189d62e9ab,Databricks,"Sr. Forward Deployed Engineer (FDE) - Communications, Media, Entertainment & Games","Los Angeles, California",unstated,ai_product,mba_unknown,https://databricks.com/company/careers/open-positions/job?gh_jid=8461168002,open
421a6a3657149ea89c7aec92a7a4ce8264082cd83b8e78152016f2b64f51547f,Databricks,"Sr. Forward Deployed Engineer (FDE) - Communications, Media, Entertainment & Games","Seattle, Washington",unstated,ai_product,mba_unknown,https://databricks.com/company/careers/open-positions/job?gh_jid=8461193002,open
362ac7e19deaa7b8b0cc291ade2057f32ce892a95d0e70153300126c678ed88e,Databricks,"Sr. Forward Deployed Engineer (FDE) - Communications, Media, Entertainment & Games","Mountain View, California",unstated,ai_product,mba_unknown,https://databricks.com/company/careers/open-positions/job?gh_jid=8461251002,open
34b52adff4eb4621eb5e4ef4e6257017690ea45d199953f065804196e4e17c27,Databricks,"Sr. Forward Deployed Engineer (FDE) - Communications, Media, Entertainment & Games","Chicago, Illinois",unstated,ai_product,mba_unknown,https://databricks.com/company/careers/open-positions/job?gh_jid=8461220002,open
026922b085aab198d06ab93a1985569b6b2066e2a98fec356a847dd04a0f1939,Databricks,"Sr. Forward Deployed Engineer (FDE) - Communications, Media, Entertainment & Games","San Francisco, California",unstated,ai_product,mba_unknown,https://databricks.com/company/careers/open-positions/job?gh_jid=8461163002,open
14f46b4a8ac21a892b78f032e95a21aafe5d7860a1b47b81e8c460d17b41127a,Databricks,"Director, Agent & AI Search",United States,unstated,ai_product,mba_unknown,https://databricks.com/company/careers/open-positions/job?gh_jid=8337361002,open
66dd3d54a0a1457e853b296c6580f61adf51632ea52d403e7abc9f76daa22df9,Databricks,"Sr. Product Manager, Databricks Repos","Seattle, Washington",unstated,ai_product,mba_unknown,https://databricks.com/company/careers/open-positions/job?gh_jid=8326570002,open
66a96eddd94897c0b2a7e595d63221afe2299848f7a482e6a03b7c4e6b568c53,Databricks,"Sr. Product Manager, Databricks Repos","San Francisco, California",unstated,ai_product,mba_unknown,https://databricks.com/company/careers/open-positions/job?gh_jid=8326513002,open
2992a9af3cf7a96921981884b91c7e9e804012e1d075e4dbf824ecf29d9bf89e,Databricks,Field CTO - America Industries,United States,unstated,ai_product,mba_unknown,https://databricks.com/company/careers/open-positions/job?gh_jid=8306218002,open
4a03eb77d7224454e449bbc78fe2eabc3a9d8c4fa89ee0afd5deae0abf2e9ab4,Databricks,Sr. Staff Software Engineer - Money Team,"Bellevue, Washington",unstated,ai_product,mba_unknown,https://databricks.com/company/careers/open-positions/job?gh_jid=8285949002,open
699378b1ddeb371d26be604aee6542e743bc1574617adc31e8a5147555eb4565,Databricks,"Sr Product Manager, Employee Experience","Mountain View, California; San Francisco, California",unstated,ai_product,mba_unknown,https://databricks.com/company/careers/open-positions/job?gh_jid=8203285002,open
e82fffdc4c30fe2044dc9ea8730b7afcb195dce85283b61ee9581caa8808a706,Databricks,"Sr. Product Manager, Compute Platform","San Francisco, California",unstated,ai_product,mba_unknown,https://databricks.com/company/careers/open-positions/job?gh_jid=8200462002,open
93cd2eadf3d031ccef8e3c6cadcfa7d99f0ef2834333e52470cb30cd667a91de,Databricks,"Sr. Product Manager, Compute Platform","Seattle, Washington",unstated,ai_product,mba_unknown,https://databricks.com/company/careers/open-positions/job?gh_jid=8200284002,open
6a991540f29caf82c3c2770e4683b00b695eea031a71adf6bac46a794e6827c9,Databricks,"Program Analyst, Legal Ops","Bellevue, Washington; Denver, Colorado; Seattle, Washington; Washington, D.C.",unstated,ai_product,mba_unknown,https://databricks.com/company/careers/open-positions/job?gh_jid=8199399002,open
44d8ac6625de847d1a10d5deb1a5bfbaa05449b400825667ba84345a9cb95e88,Databricks,Senior Customer Enablement AI Programs Manager,United States,unstated,ai_product,mba_unknown,https://databricks.com/company/careers/open-positions/job?gh_jid=8194599002,open
7688b7839a85aed7c9ae5f573a82252add03bf035907e99ae777bb6862f7eb76,Databricks,"Strategic Core Account Executive, Federal System Integrators",Remote - Washington D.C.,unstated,ai_product,mba_unknown,https://databricks.com/company/careers/open-positions/job?gh_jid=8193165002,open
d160e80d0e76705b418c5e74bc2216c3eb92879f3b88f2cc941966a1ca02e00b,Databricks,Sr. Engineering Manager - Notebook Dataplane,"San Francisco, California",unstated,ai_product,mba_unknown,https://databricks.com/company/careers/open-positions/job?gh_jid=8190108002,open
219ccabae72f86edb923c8b0af27f2c732cb598459c90e36919e5b9f5cfa2b15,Databricks,"Sr. Product Manager, Databricks AI","Seattle, Washington",unstated,ai_product,mba_unknown,https://databricks.com/company/careers/open-positions/job?gh_jid=8136204002,open
1d61b8cf90d64a123de47ee4c69c397b9920ced86c6a5a97250350c843baf2d6,Databricks,"Sr. Product Manager, Databricks AI","San Francisco, California",unstated,ai_product,mba_unknown,https://databricks.com/company/careers/open-positions/job?gh_jid=8136071002,open
be5d9e743627d1ab52892b810ea1935f3fba64923e91a837cdd94f98044543e9,Databricks,Senior Engineering Manager for Self-Serve (Learning),"Mountain View, California",unstated,ai_product,mba_unknown,https://databricks.com/company/careers/open-positions/job?gh_jid=7987657002,open
32f406a2c7785dc80b288ee635680ac80806549427d69dec9a2d26ecea13948c,Databricks,Senior Engineering Manager for Workspace Platform,"San Francisco, California",unstated,ai_product,mba_unknown,https://databricks.com/company/careers/open-positions/job?gh_jid=7987658002,open
45fe94335e6336474746f102b551d5e226d7c9d2ef3c2d617092e0f0cf0e4b06,Databricks,"Sr. Manager, Engineering - Search","Mountain View, California",unstated,ai_product,mba_unknown,https://databricks.com/company/careers/open-positions/job?gh_jid=7959180002,open
7117b2dca780bd16fde76231421febf6d6224e18db2cb80213412e01edf0ccb7,Databricks,"Staff Security Software Engineer, Agentic Security Engineering ",Remote - California,unstated,ai_product,mba_unknown,https://databricks.com/company/careers/open-positions/job?gh_jid=7882009002,open
c34aad09bd16f7698778761779c22ce589f34376257cb0f7932a19a6ba64d500,Databricks,"Sr. Product Manager, Data Governance","Seattle, Washington",unstated,ai_product,mba_unknown,https://databricks.com/company/careers/open-positions/job?gh_jid=7863522002,open
59642965ea5c8435e91b55f04b213976b2a2e7b65ec4c03cc1783451d93c99db,Databricks,"Sr. Product Manager, Data Governance","San Francisco, California",unstated,ai_product,mba_unknown,https://databricks.com/company/careers/open-positions/job?gh_jid=7863365002,open
e3616b82644394a0c6c3d291ea45f7ec66233b922607ed1028479fc8e0aa092c,Databricks,Senior Staff Software Engineer - App and Partner Ecosystem,"Seattle, Washington",unstated,ai_product,mba_unknown,https://databricks.com/company/careers/open-positions/job?gh_jid=7807722002,open
da83a1d17745779a4300eafa0c68647a7cb46dba12125937e574003757b5485d,Databricks,"Sr. Staff Software Engineer — Observability, Insights & Governance","Bellevue, Washington; Seattle, Washington",unstated,ai_product,mba_unknown,https://databricks.com/company/careers/open-positions/job?gh_jid=8575251002,open
9e0a938beb495c4010aecad5fe9e53048eeefc2fbdc3076a078fb2bb378c9210,Databricks,"Sr. Staff Software Engineer — Observability, Insights & Governance","Mountain View, California; San Francisco, California",unstated,ai_product,mba_unknown,https://databricks.com/company/careers/open-positions/job?gh_jid=8575248002,open
74efbd1d2ad07f4f3484fff8e0e376b3408affd3d1aed937ff8444330da5334f,Databricks,"Sr. Product Manager, Databricks Free Edition","Seattle, Washington",unstated,ai_product,mba_unknown,https://databricks.com/company/careers/open-positions/job?gh_jid=8235785002,open
34f371dc25bfc2b0bbf76e1afa9d0ce6d6c1def5f35d7d6ffc707d61805dc4ca,Databricks,"Sr. Product Manager, Databricks Free Edition","San Francisco, California",unstated,ai_product,mba_unknown,https://databricks.com/company/careers/open-positions/job?gh_jid=7680573002,open
e53716ca8266079fb67092ab310b124b8f71a581e1f10fb15eee2e2d557f7162,Databricks,"Senior Manager, Infrastructure Data Science","Mountain View, California",unstated,ai_product,mba_unknown,https://databricks.com/company/careers/open-positions/job?gh_jid=7641390002,open
5d267facdb113af6b41c2badcf8a2ca1bb75bae7c38dcd4232f67cf3a4ed9d17,Databricks,"Senior Manager, Infrastructure Data Science","San Francisco, California",unstated,ai_product,mba_unknown,https://databricks.com/company/careers/open-positions/job?gh_jid=7734812002,open
e585fd80835ce5e057420003b6e46c461d7ac9b52213dd275528c1b2fc887622,Databricks,Head of Corporate Engineering,"San Francisco, California",unstated,other_mba_tech,mba_unknown,https://databricks.com/company/careers/open-positions/job?gh_jid=7293607002,open
ad43b2f271246453830e05f9444bc5413531f5f7c0aa4eb42542119f6928b1c1,Roblox,"Principal Software Engineer - Network Transport (45976) San Mateo, CA","San Mateo, CA, United States",unstated,other_mba_tech,mba_unknown,https://careers.roblox.com/jobs/8247322?gh_jid=8247322,open
d7214ee7d8a01f7b7b3722400ccd2498b981874a690b4a6751e15e7b03aecdb2,Roblox,"Senior Software Engineer, Avatar Animation ","San Mateo, CA, United States",unstated,other_mba_tech,mba_unknown,https://careers.roblox.com/jobs/7540219?gh_jid=7540219,open
845bd555d7eca7a6b88a49ac0e9fbc3067dc3a7e0c323bf9f1763a98574817ca,Roblox,Principal Software Engineer,"San Mateo, CA, United States",unstated,ai_product,mba_unknown,https://careers.roblox.com/jobs/8017415?gh_jid=8017415,open
6848c20e8a8f4fc045040b7d657595fb01cb3a82f2b5d2d46162cb3671948ad3,Roblox,Director of Product - Ads Performance,"San Mateo, CA, United States",unstated,product,mba_unknown,https://careers.roblox.com/jobs/7528249?gh_jid=7528249,open
ba04f7f23d4791ccb6431fe873eaef16d514b7a10df7ae04d9d920ceacdb5df4,Roblox,"Distinguished Engineer, Machine Learning Systems – Economy","San Mateo, CA, United States",unstated,ai_product,mba_unknown,https://careers.roblox.com/jobs/7332473?gh_jid=7332473,open
7d47fe3408c59882ea4533ab80a8edc06d12201c3f4bf57a3aea6981a4d331c3,Roblox,"Principal Machine Learning Infrastructure Engineer, Ads & Discovery","San Mateo, CA, United States",unstated,ai_product,mba_unknown,https://careers.roblox.com/jobs/7351202?gh_jid=7351202,open
e316406753e1e353b959deafb8974736e245e1d7f52d8fda8c3f76a2793fa4cf,Roblox,"Senior Software Engineer, Creator Core Systems","San Mateo, CA, United States",unstated,other_mba_tech,mba_unknown,https://careers.roblox.com/jobs/8159886?gh_jid=8159886,open
fc42e2083b54f67fbb93266e62368fd7ad514c7ff261a3495c68647dbeab5f0c,Roblox,"Senior Software Engineer - Data Infrastructure, Safety","San Mateo, CA, United States",unstated,ai_product,mba_unknown,https://careers.roblox.com/jobs/7852258?gh_jid=7852258,open
a65b0936171ec744ce66b312e8a9875ecdaa196ae3ae1ab08f9ad6878fef3b37,Roblox,International Operations Manager,"San Mateo, CA, United States",unstated,product_strategy,mba_unknown,https://careers.roblox.com/jobs/8048000?gh_jid=8048000,open
889afe92403579d393c3ae5b6aac7a8921c0a17b7a795f04aaa9f091dfdd99c2,Roblox,Senior Software Engineer - Network Transport (C++),"San Mateo, CA, United States",unstated,other_mba_tech,mba_unknown,https://careers.roblox.com/jobs/7561743?gh_jid=7561743,open
27b51b1c6fe36f8a92aa669da05a70c9fe66c109ff3426bcf2001e04a616e6ba,Roblox,Senior Software Engineer - Game Engine Systems (C++) ,"San Mateo, CA, United States",unstated,other_mba_tech,mba_unknown,https://careers.roblox.com/jobs/7449585?gh_jid=7449585,open
cb28035aacfa8d1c257b1516fce9fafa2bc107c800b93d38de20563d1f23c236,Roblox,Senior Hardware Engineer - GPU & AI Infrastructure,"San Mateo, CA, United States",unstated,other_mba_tech,mba_unknown,https://careers.roblox.com/jobs/7463674?gh_jid=7463674,open
5dc390e20fa26cc425dcf71eff2f288f0733eb562d53cc4e8f38d8acbd92de7a,Roblox,Senior Hardware Engineer - Infrastructure,"San Mateo, CA, United States",unstated,other_mba_tech,mba_unknown,https://careers.roblox.com/jobs/7947153?gh_jid=7947153,open
af2ebd2bd5390930c38ed969511784b090e0a4ca4b083547a57dec4764e9780e,Roblox,"Senior Machine Learning Engineer, Ads","San Mateo, CA, United States",unstated,ai_product,mba_unknown,https://careers.roblox.com/jobs/7351220?gh_jid=7351220,open
9bcb0ccaa3e023592a965883a6b965cec60d1b9680a55362df4d32cf031a3193,Roblox,"Software Engineering Manager, Engine UI","San Mateo, CA, United States",unstated,other_mba_tech,mba_unknown,https://careers.roblox.com/jobs/7482015?gh_jid=7482015,open
336248ba940a1bb9582923f4ae5d1a6ed62c086c0f08c818ae5b89e188440778,Roblox,Senior Software Engineer - Avatar Personalization,"San Mateo, CA, United States",unstated,other_mba_tech,mba_unknown,https://careers.roblox.com/jobs/7545202?gh_jid=7545202,open
66127d5056264d2678bf0a8cbf400606e1cf13a2ac42c734f3476621a6dda602,Roblox,Principal Data Engineer - Economy ,"San Mateo, CA, United States",unstated,ai_product,mba_unknown,https://careers.roblox.com/jobs/7629489?gh_jid=7629489,open
b1b214e635b8e817234e90fd9c948a15f311650cd37af15adcab72e299aae524,Roblox,Principal Software Engineer - Content Lifecycle,"San Mateo, CA, United States",unstated,ai_product,mba_unknown,https://careers.roblox.com/jobs/7650307?gh_jid=7650307,open
aee7651b97353a595091b3cbc64757afa3ef43e35d9e3212d6d7de6fac50af58,Roblox,"Director of Business Development, Payments","San Mateo, CA, United States",unstated,ai_product,mba_unknown,https://careers.roblox.com/jobs/7604271?gh_jid=7604271,open
f64a54058d59092e5c97e094d1d7b7d52c098c1c54e25b3ff6fbe3a0fbf80c6d,Roblox,"Principal Network Engineer, Backbone/Edge Network","Ashburn, Virginia, United States; Washington, District of Columbia, United States",unstated,other_mba_tech,mba_unknown,https://careers.roblox.com/jobs/8192327?gh_jid=8192327,open
e8d287035894ec26f9e5f91d21a173017b0be696a3129fc793e970e55d6338f0,Roblox,Principal Network Engineer,"San Mateo, CA, United States",unstated,other_mba_tech,mba_unknown,https://careers.roblox.com/jobs/7645403?gh_jid=7645403,open
fb9ec847d3bd261807711d6ac1d7c69f8b2903ade6c37f5447a2b17a7ae3730c,Roblox,Principal Software Engineer - Roblox Database,"San Mateo, CA, United States",unstated,other_mba_tech,mba_unknown,https://careers.roblox.com/jobs/8036892?gh_jid=8036892,open
f3503ae2481e909869c5607c96b7876dbeab5ed2bbd2cc1fbefaf916b6f44447,Roblox,"Engineering Manager, Ads Experience","San Mateo, CA, United States",unstated,ai_product,mba_unknown,https://careers.roblox.com/jobs/7655813?gh_jid=7655813,open
81ec879b0d78423e53a2a7f1fe11c29ac65472a7a71034d3b59917e8b3b97aa9,Roblox,Principal Software Engineer,"San Mateo, CA, United States",unstated,other_mba_tech,mba_unknown,https://careers.roblox.com/jobs/7744272?gh_jid=7744272,open
2161ac7488031daac8d8523776fd74306f2026cf910454b24198a26b2a80478f,Roblox,"Engineering Manager, Enterprise Security","San Mateo, CA, United States",unstated,ai_product,mba_unknown,https://careers.roblox.com/jobs/8036430?gh_jid=8036430,open
7f6e16d9e90f47787f8a22dcf79ceaaf85dbac197f71202604011ba8c7037ccf,Roblox,"Senior Software Engineer, Ads Experience (C++) ","San Mateo, CA, United States",unstated,other_mba_tech,mba_unknown,https://careers.roblox.com/jobs/7655780?gh_jid=7655780,open
034bc89303523e541fa51f328e6748dcadf948b3eb5723ae69ac5b72883c0656,Roblox,Senior/Principal Software Engineer - Creator Data,"San Mateo, CA, United States",unstated,ai_product,mba_unknown,https://careers.roblox.com/jobs/7740153?gh_jid=7740153,open
95417358a603fec206b1e8b65d1c5e9510312da218e7e7aedc3c5a8dd670961a,Roblox,"Senior Product Manager, Compute Platform ","San Mateo, CA, United States",unstated,ai_product,mba_unknown,https://careers.roblox.com/jobs/7994532?gh_jid=7994532,open
a02055b74237c0d20b55e849489f376d270ed08579cc0eb4b2adf54d825a29ab,Roblox,"Senior Software Engineer, UGC Validation","San Mateo, CA, United States",unstated,ai_product,mba_unknown,https://careers.roblox.com/jobs/7997637?gh_jid=7997637,open
724cff68bfd0f00a0bf4b8f3a4aebaf8e615ec34e36831f15a536be8cf025953,Roblox,Director of Engineering – Studio Systems,"San Mateo, CA, United States",unstated,ai_product,mba_unknown,https://careers.roblox.com/jobs/7719455?gh_jid=7719455,open
88f32ec358d0cd0fba8a343c86dcb846d87bbef49a1e4091a266ed2035c15108,Roblox,"Sr. Director, Executive Search","San Mateo, CA, United States",unstated,ai_product,mba_unknown,https://careers.roblox.com/jobs/8047881?gh_jid=8047881,open
d105a4893025a30cd08ba28d41ba0aa42a024e13f557eeb5ef29047c98124373,Roblox,"Principal Fullstack/Backend Software Engineer, User Connections ","San Mateo, CA, United States",unstated,product,mba_unknown,https://careers.roblox.com/jobs/7752066?gh_jid=7752066,open
e91e2143df41c95f430e6a21e28f26cb07a8f9f5488feb5faeb8afb9a333c857,Roblox,"Senior Frontend/Fullstack Software Engineer, Social Graph","San Mateo, CA, United States",unstated,product,mba_unknown,https://careers.roblox.com/jobs/7760129?gh_jid=7760129,open
5f9bee2bf7de83fa8ac1d3ed615af25e022b4b5bc0bd1b0f6a355940a10a75bb,Roblox,"Senior Software Engineer, Data Infrastructure","San Mateo, CA, United States",unstated,ai_product,mba_unknown,https://careers.roblox.com/jobs/8014486?gh_jid=8014486,open
f7d08bcbef45bbafd7d5d90268295689526ac816d3e3c2f2ebfc189e3e0b3341,Roblox,"Principal Security Software Engineer, Enterprise Security","San Mateo, CA, United States",unstated,ai_product,mba_unknown,https://careers.roblox.com/jobs/7983905?gh_jid=7983905,open
6a555eeca86089427ceb2ef56f3121e11bc715c217be1d18e57b2e2dbbc67e8c,Roblox,"Safety Threat Investigator, Safety Investigations","San Mateo, CA, United States; Washington, District of Columbia, United States",unstated,other_mba_tech,mba_unknown,https://careers.roblox.com/jobs/7807813?gh_jid=7807813,open
fb12c414e05ab71ebd10ae0710deac345740936d5d52ce764abaaf770572b932,Roblox,"Distinguished Engineer, Content Platform","San Mateo, CA, United States",unstated,other_mba_tech,mba_unknown,https://careers.roblox.com/jobs/7754152?gh_jid=7754152,open
a7c9234d3ca9ca5b83437ace9287ac0bda1dbe3a205818cbb1bb13fb9f7252e9,Roblox,"Senior Security Software Engineer, Infrastructure Security","San Mateo, CA, United States",unstated,other_mba_tech,mba_unknown,https://careers.roblox.com/jobs/7896061?gh_jid=7896061,open
08359bc58260cb19b918ac7a02b8073115bfac828514ca0764d661756ddb1c14,Roblox,"Executive Business Partner, Strategy and Operations","San Mateo, CA, United States",unstated,product_strategy,mba_unknown,https://careers.roblox.com/jobs/7778939?gh_jid=7778939,open
9c4645dc6919c9eb3f151c1ce8a4f82f72f1994aa48c506deb8e9354cacfc377,Roblox,"Senior Product Manager, App Performance & Architecture","San Mateo, CA, United States",unstated,product,mba_unknown,https://careers.roblox.com/jobs/7839534?gh_jid=7839534,open
0bca44efc245c22beec7a2e19b716aa0aef9bafafd25a9051ab015a9717a0205,Roblox,Senior Software Engineer - Safety Experience,"San Mateo, CA, United States",unstated,ai_product,mba_unknown,https://careers.roblox.com/jobs/7985997?gh_jid=7985997,open
af7ea672c8a44f1435285b156d9f4ffabb38cd4907b41634a23abf3896ee9c60,Roblox,"Principal Security Software Engineer, Application Security","San Mateo, CA, United States",unstated,ai_product,mba_unknown,https://careers.roblox.com/jobs/7789332?gh_jid=7789332,open
0ea1a501018ab1c707f6810f84ec21929b696ddd3f55c28549480d7589e7f363,Roblox,Localization Program Manager,"San Mateo, CA, United States",unstated,product,mba_unknown,https://careers.roblox.com/jobs/7813041?gh_jid=7813041,open
e0e052c11209c94dc68787adb3cc3dbf3e272c6985840b893cf7ae36bd7453cc,Roblox,"Principal Engineer, Studio Builder Tools ","San Mateo, CA, United States",unstated,product,mba_unknown,https://careers.roblox.com/jobs/7834163?gh_jid=7834163,open
fc027152ac0e2069a84e157a3518afc9779148fc0d8b4c22f4dbed7aa7534898,Roblox,"Senior Software Engineer, Frontend (App Foundations)","San Mateo, CA, United States",unstated,other_mba_tech,mba_unknown,https://careers.roblox.com/jobs/8036943?gh_jid=8036943,open
f6b4521c5cd1ecda43ee2bcc82d5e2e2f41925280b6f751efafc203b8a7d37b6,Roblox,"Senior Software Engineer, Client Systems (C++)","San Mateo, CA, United States",unstated,other_mba_tech,mba_unknown,https://careers.roblox.com/jobs/8036535?gh_jid=8036535,open
645d5d65d49f42b507afe6a2926d26777425433a061b52a791125b56343629cf,Roblox,Design Engineer,"San Mateo, CA, United States",unstated,ai_product,mba_unknown,https://careers.roblox.com/jobs/7826363?gh_jid=7826363,open
29ecb971615dccf2a4f7b93afd13f8a42279e08cd1e628634fe49744a7b0c096,Roblox,"Senior Software Engineer (Full Stack), Global Actions","San Mateo, CA, United States",unstated,other_mba_tech,mba_unknown,https://careers.roblox.com/jobs/8036757?gh_jid=8036757,open
5b0133c5f214108c4437488c2744421cd1f5823adc470722b7e68aeef3b19cfc,Roblox,"Engineering Manager, Observability Infrastructure","San Mateo, CA, United States",unstated,ai_product,mba_unknown,https://careers.roblox.com/jobs/7901793?gh_jid=7901793,open
9c934da24621a5ca5025a06ad7eb9b97d26befa53a402d025c02ea55f0aabd1b,Roblox,"Senior Security Software Engineer, Application Security","San Mateo, CA, United States",unstated,ai_product,mba_unknown,https://careers.roblox.com/jobs/7896293?gh_jid=7896293,open
6eb2ca53ad12166af3df8408b05afba26ea257cf9772625a200bbd2dea33f541,Roblox,"Engineering Manager, Application Security","San Mateo, CA, United States",unstated,other_mba_tech,mba_unknown,https://careers.roblox.com/jobs/7887896?gh_jid=7887896,open
d9e7776512320f5a371c9fbea097340e883e7f9c2f1d15409e2abf860afbcecb,Roblox,"Engineering Manager, Home Infrastructure (Recommendation Systems)","San Mateo, CA, United States",unstated,ai_product,mba_unknown,https://careers.roblox.com/jobs/7905464?gh_jid=7905464,open
35839eef8caeff4506b61befae505114ea210faa5f75b5061b4516397c282d1b,Roblox,TLM (Tech Lead Manager) - Recommendation Systems (Homepage),"San Mateo, CA, United States",unstated,ai_product,mba_unknown,https://careers.roblox.com/jobs/8123084?gh_jid=8123084,open
e41e8c899bf033dc8f32c3e0079ab23fbbbfa8783a2c112d96f57a858f52d3a2,Roblox,"Director, Product Management, Consumer Frontend","San Mateo, CA, United States",unstated,ai_product,mba_unknown,https://careers.roblox.com/jobs/7913665?gh_jid=7913665,open
7b9ff8fe10b13db178ffc10f558bf632047877b68332a0bfb6d73a55105b34b5,Roblox,Global Mobility Lead,"San Mateo, CA, United States",unstated,other_mba_tech,mba_unknown,https://careers.roblox.com/jobs/7944233?gh_jid=7944233,open
469b622ad09340c26a159b7d2b52c932af6d7a2e0b503f2eb75670077bf7ac18,Roblox,Engineering Manager - Account Security,"San Mateo, CA, United States",unstated,other_mba_tech,mba_unknown,https://careers.roblox.com/jobs/7940279?gh_jid=7940279,open
1318aee7914649d61cefd0a28a58dbdd47f1cef620e6f36d023da00561eb5f94,Roblox,"Senior Security Software Engineer, Vulnerability Management","San Mateo, CA, United States",unstated,other_mba_tech,mba_unknown,https://careers.roblox.com/jobs/7922649?gh_jid=7922649,open
5053d35254691faf2a0d96ac10ee2ee3c3b8daceb4334cb8d13979f48add52dd,Roblox,"Senior Product Manager, Inference Platform ","San Mateo, CA, United States",unstated,ai_product,mba_unknown,https://careers.roblox.com/jobs/7997195?gh_jid=7997195,open
587573e0e4f0f4d1c3db395c9d3388c15ced29a6573ebc0e84deb510999f62ab,Roblox,Principal Software Engineer - Roblox Economy Platform,"San Mateo, CA, United States",unstated,other_mba_tech,mba_unknown,https://careers.roblox.com/jobs/7545955?gh_jid=7545955,open
12f06c47ceecdcebc4dfcca5616c500e2698484428a7200a0b3693fc1efd03a5,Roblox,"Finance Business Partner, Trust & Safety (6319)","San Mateo, CA, United States",unstated,other_mba_tech,mba_unknown,https://careers.roblox.com/jobs/7977161?gh_jid=7977161,open
94593ce70e2b970ae5f47591ec6faa068dd603694ae97beee720095fda94188b,Roblox,Technical Director - AI Roblox Studio,"San Mateo, CA, United States",unstated,ai_product,mba_unknown,https://careers.roblox.com/jobs/8046794?gh_jid=8046794,open
f8ffe5f46faf3ec823090aaf411fd720c090589301d52243b81c47243a9d0d6b,Roblox,"Principal Software Engineer, Engineering Acceleration","San Mateo, CA, United States",unstated,other_mba_tech,mba_unknown,https://careers.roblox.com/jobs/7991993?gh_jid=7991993,open
cdac3fa724ee09713bf4a0a27f8b95b47080504f373c9dade77fd030748fe498,Roblox,Principal Rendering Engineer,"San Mateo, CA, United States",unstated,other_mba_tech,mba_unknown,https://careers.roblox.com/jobs/8036287?gh_jid=8036287,open
4ad421313ec34c09a319c1bbb4147c8755fe7c4f8d3d4ccc1461e353cd9190eb,Roblox,Senior Data Scientist - Consumer Frontend,"San Mateo, CA, United States",unstated,ai_product,mba_unknown,https://careers.roblox.com/jobs/7977682?gh_jid=7977682,open
20563258724bd862bcff674eebf7aef3435b54ba845712cd87249167840016d3,Roblox,"Principal Software Engineer, Backend - Sharing","San Mateo, CA, United States",unstated,other_mba_tech,mba_unknown,https://careers.roblox.com/jobs/8013437?gh_jid=8013437,open
baf87b176881b8c595fdd2fe10971507b6c3ec0fb57a57ef14ad4dce5a3f411f,Roblox,Data Center Asset Management Specialist,"Goodyear, Arizona, United States",unstated,other_mba_tech,mba_unknown,https://careers.roblox.com/jobs/8047847?gh_jid=8047847,open
98a39d9023585fe3d05639109475165a20dbe25c1e76aa2dc9dda983a23ec8a1,Roblox,Principal Software Engineer - Compute (Kubernetes),"San Mateo, CA, United States",unstated,other_mba_tech,mba_unknown,https://careers.roblox.com/jobs/8024627?gh_jid=8024627,open
52c601565bb2c4b14a25687b95d2d90846911c1c17bceccea9e1c6fc73aae060,Roblox,"Principal Software Engineer, GPU Compute","San Mateo, CA, United States",unstated,other_mba_tech,mba_unknown,https://careers.roblox.com/jobs/7978492?gh_jid=7978492,open
b76a5be8051f922d0876e89c3652b2cd53644c261f3349f148290bdf43b4b02e,Roblox,Senior Software Engineer - Storage Cache,"San Mateo, CA, United States",unstated,other_mba_tech,mba_unknown,https://careers.roblox.com/jobs/7862605?gh_jid=7862605,open
8e6b581a558a18c96d0246be131b07ca657394cd8185c787bc4aea0cefe4ecbe,Roblox,Senior Software Engineer - Storage,"San Mateo, CA, United States",unstated,other_mba_tech,mba_unknown,https://careers.roblox.com/jobs/8148394?gh_jid=8148394,open
09b54359309a2d4280d090cf720bc4d7c0c350ca0cae99a91505ace1a594aa71,Roblox,"Principal Software Engineer, Data Infrastructure","San Mateo, CA, United States",unstated,ai_product,mba_unknown,https://careers.roblox.com/jobs/8029695?gh_jid=8029695,open
05a971c27ccabe22dbf34351389fce02820b786dabeda3142d464876ed61d656,Roblox,"Senior Software Engineer, Service Mesh","San Mateo, CA, United States",unstated,other_mba_tech,mba_unknown,https://careers.roblox.com/jobs/8015824?gh_jid=8015824,open
1975a6e8321369e7d0d17864c12140a066f407cabf25ec83a6f8abcef3c0500b,Roblox,Strategic Sourcing Manager - Technology,"San Mateo, CA, United States",unstated,other_mba_tech,mba_unknown,https://careers.roblox.com/jobs/8047841?gh_jid=8047841,open
b7f8c75797561f43787ba37fb4ea843f33c938273746986e31895dfe15f3a72c,Roblox,Senior Cloud Security Engineer ,"San Mateo, CA, United States",unstated,other_mba_tech,mba_unknown,https://careers.roblox.com/jobs/7997039?gh_jid=7997039,open
a2c4e1bafb7e61ba7b51535b93aa27de3926b985d3a6def9e7e4298bf1fd1424,Roblox,"Senior Product Manager, Engineering Acceleration","San Mateo, CA, United States",unstated,ai_product,mba_unknown,https://careers.roblox.com/jobs/7701911?gh_jid=7701911,open
009151bd745d4233da52d037ef2873a976ced6326eeeca482cc76a9c6b4976b0,Roblox,"Senior Software Engineer, Engineering Acceleration Foundations ","San Mateo, CA, United States",unstated,other_mba_tech,mba_unknown,https://careers.roblox.com/jobs/7998339?gh_jid=7998339,open
a086d200a87f534731fbae3e3e7a4269041795206c829b0fae5c69e6cd4056c0,Roblox,"Senior Software Engineer, Safety Foundation","San Mateo, CA, United States",unstated,ai_product,mba_unknown,https://careers.roblox.com/jobs/8017352?gh_jid=8017352,open
f2fa4d860b1f42fd454797e98382cab8ee5edaf619bf5f99d93bb63b612b4da5,Roblox,"Director, Engineering — Engineering Acceleration","San Mateo, CA, United States",unstated,other_mba_tech,mba_unknown,https://careers.roblox.com/jobs/8029414?gh_jid=8029414,open
3cdaf7fd6756e1882e735a124bfd6769880e0b0306cf7cb7cf5e6e9fb062442f,Roblox,"Senior Security Software Engineer, IAM","San Mateo, CA, United States",unstated,other_mba_tech,mba_unknown,https://careers.roblox.com/jobs/8016408?gh_jid=8016408,open
e84e9f71e6248d1f04b0a25a70f9976cf3d62fec363d8b5ba3fbc7e7c00c563b,Roblox,"Senior Software Engineer, Build","San Mateo, CA, United States",unstated,ai_product,mba_unknown,https://careers.roblox.com/jobs/8047823?gh_jid=8047823,open
ab53098eba6da82a45fcccd5b268709fdf21d26ba34b922c422208901cedd81b,Roblox,"Software Engineer, Economy Platform","San Mateo, CA, United States",unstated,other_mba_tech,mba_unknown,https://careers.roblox.com/jobs/8060254?gh_jid=8060254,open
9393335554b977f5d40099e180c0e40f3b1d12a67294603076fc544ed3799e82,Roblox,"Senior Site Reliability Engineer, Compute","San Mateo, CA, United States",unstated,other_mba_tech,mba_unknown,https://careers.roblox.com/jobs/8042554?gh_jid=8042554,open
c2ce964ed98df85b46ff0397f85881e39c566dc03808798af919f5971461a4bb,Roblox,Growth Marketing Manager Lead ,"San Mateo, CA, United States",unstated,ai_product,mba_unknown,https://careers.roblox.com/jobs/8077671?gh_jid=8077671,open
1a574abc58e0cc8bd02f1f659d30ff5eb043205cd3f7d4362e02b871d5df5830,Roblox,Senior Data Scientist - Growth Measurement,"San Mateo, CA, United States",unstated,ai_product,mba_unknown,https://careers.roblox.com/jobs/7477577?gh_jid=7477577,open
61c9f60f3edbe181da009f9a04610ecd0159f9b97df9a90188aa56c10a6de2c2,Roblox,"Senior Data Engineer, Growth Acquisition (Growth & Marketing Data)","San Mateo, CA, United States",unstated,ai_product,mba_unknown,https://careers.roblox.com/jobs/8231390?gh_jid=8231390,open
424c645eaa7335a0e25fda28ef3c27993f426291086c97f68deb613b317153b1,Roblox,Senior Software Engineer - Data Access,"San Mateo, CA, United States",unstated,other_mba_tech,mba_unknown,https://careers.roblox.com/jobs/7437922?gh_jid=7437922,open
ed6d45bf76a56fe7d408f3d3b954ddc34bd50209eee886529ab7d1a39e4f289e,Roblox,"Engineering Manager, Data Tooling","San Mateo, CA, United States",unstated,ai_product,mba_unknown,https://careers.roblox.com/jobs/8052237?gh_jid=8052237,open
baab0eebc38e0a0ce64f366caa44170963d19d1a46e2897d1f0d2307b02fa658,Roblox,Principal Frontend Software Engineer - Discovery,"San Mateo, CA, United States",unstated,other_mba_tech,mba_unknown,https://careers.roblox.com/jobs/8052466?gh_jid=8052466,open
1a23971acca49cd10e81e94303098c5388bbc17467d3f9694f9635ff3c71ed0d,Roblox,"Senior Engineering Manager, AI Roblox Studio","San Mateo, CA, United States",unstated,ai_product,mba_unknown,https://careers.roblox.com/jobs/8055512?gh_jid=8055512,open
aa21c0e5784d755e78bfd3afc99562416705b5d456408670b8caa00abd8a1a0c,Roblox,Principal Security GRC Analyst,"San Mateo, CA, United States",unstated,other_mba_tech,mba_unknown,https://careers.roblox.com/jobs/8056346?gh_jid=8056346,open
e5a046e2ece589f5d78d477fa7143a298bbad4d12aeb9a04954f1fe0d37a86e2,Roblox,"Senior Software Engineer, Compute Cell Platform","San Mateo, CA, United States",unstated,other_mba_tech,mba_unknown,https://careers.roblox.com/jobs/8056362?gh_jid=8056362,open
84ae9cf18130ce985bc6474de270360edd1e3a496fbebb75fac708ada1fada3c,Roblox,"[2027] Software Engineer, Early Career","San Mateo, CA, United States",unstated,ai_product,mba_unknown,https://careers.roblox.com/jobs/8072244?gh_jid=8072244,open
4ca7fe945607f7ec9936a25609f61e846eaeccee4e214cf7866060194044b939,Roblox,User Researcher,"San Mateo, CA, United States",unstated,other_mba_tech,mba_unknown,https://careers.roblox.com/jobs/8070133?gh_jid=8070133,open
f90f5774edfcbd1d4c5e058ad3d57fb731f414872b0fc1af2077ddc17231a069,Roblox,"Senior Product Designer, Safety","San Mateo, CA, United States",unstated,other_mba_tech,mba_unknown,https://careers.roblox.com/jobs/8068678?gh_jid=8068678,open
8f0119c875d6a436a665054bb8a0cea1dcaa201efd2c7e50afc48d8867e98d9b,Roblox,Principal Software Engineer- Account Authentication,"San Mateo, CA, United States",unstated,ai_product,mba_unknown,https://careers.roblox.com/jobs/8092905?gh_jid=8092905,open
84245cf03fcb82f9c609fd27839f53644fd5d2707fdb1751d41839095dbf2a15,Roblox,Senior Detection and Response Engineer,"San Mateo, CA, United States",unstated,other_mba_tech,mba_unknown,https://careers.roblox.com/jobs/8070890?gh_jid=8070890,open
5277e83643cc1d0a412f8a648d6fc8b82a4b3ba8a75d1ca9f4994c5a72e157e7,Roblox,Senior Offensive Security Engineer,"San Mateo, CA, United States",unstated,other_mba_tech,mba_unknown,https://careers.roblox.com/jobs/8070888?gh_jid=8070888,open
4e6853d693610197ec39c7097357fff316a9891e0afca6671c84aa220ee83524,Roblox,"Senior Engineering Manager, Communications","San Mateo, CA, United States",unstated,ai_product,mba_unknown,https://careers.roblox.com/jobs/8077261?gh_jid=8077261,open
9e3b1427a7ca93f130204c1066e589877d19709097eb58518cbb42bc93c1e458,Roblox,Senior Software Engineer - Core UX Studio ,"San Mateo, CA, United States",unstated,other_mba_tech,mba_unknown,https://careers.roblox.com/jobs/8079799?gh_jid=8079799,open
631fb5eb9d99a744fd2c7401002eb898d181cf7937a2b2dc1d4dea27813ffdb0,Roblox,Senior Software Engineer - Core Platform and Systems,"San Mateo, CA, United States",unstated,other_mba_tech,mba_unknown,https://careers.roblox.com/jobs/8079797?gh_jid=8079797,open
4061842cb3edaa52085629c544a23b3cb137f9230c6cfd960559f4094ee0b49a,Roblox,"Senior/Principal Product Manager, Engine Networking","San Mateo, CA, United States",unstated,ai_product,mba_unknown,https://careers.roblox.com/jobs/8079846?gh_jid=8079846,open
59e2271733519fbffa414be237f2201c1b4faaf69ec68f128d79d75a9159e1cd,Roblox,"Senior Director, Policy Communications","San Mateo, CA, United States; Washington, District of Columbia, United States",unstated,other_mba_tech,mba_unknown,https://careers.roblox.com/jobs/8082263?gh_jid=8082263,open
ac17b4c5cad7520d4840565825a2f86cea3456fa5418ddd8fac9ea7be2213948,Roblox,"Senior Machine Learning Engineer, 3D Data","San Mateo, CA, United States",unstated,other_mba_tech,mba_unknown,https://careers.roblox.com/jobs/8084095?gh_jid=8084095,open
c0d68e07589caeea16efb97b4e85cca1587041f8335611027ca212f100887970,Roblox,Senior Software Engineer - Consoles,"San Mateo, CA, United States",unstated,other_mba_tech,mba_unknown,https://careers.roblox.com/jobs/8089039?gh_jid=8089039,open
f93ca7d2f5bf183d905ea185cfc34a9c15f6dd6a21095a8509d8e024cd46b0f6,Roblox,"Engineering Manager, Machine Learning Infrastructure, Ads","San Mateo, CA, United States",unstated,ai_product,mba_unknown,https://careers.roblox.com/jobs/8090079?gh_jid=8090079,open
c7ccae91cf10101d9816ee1c1b16de455af990feff08e2c3e7c216906b1ee5c6,Roblox,"Software Engineer, Account Authentication","San Mateo, CA, United States",unstated,ai_product,mba_unknown,https://careers.roblox.com/jobs/8097701?gh_jid=8097701,open
30c3e888eb8d1b82caa5933123d1467154b412b1ece56fb4784f4456592f3db2,Roblox,Senior Software Engineer - Content Understanding,"San Mateo, CA, United States",unstated,ai_product,mba_unknown,https://careers.roblox.com/jobs/8094470?gh_jid=8094470,open
c8ce7e6fff95ce5e3abdd9eaa4cc666890c901c30af65b40cf19a5332c933450,Roblox,"Senior Product Designer, Monetization","San Mateo, CA, United States",unstated,ai_product,mba_unknown,https://careers.roblox.com/jobs/8094661?gh_jid=8094661,open
4f73804f25cefcbae2d8f3ac7cb091e8e647a6609b57a0835f1ed2e46924350a,Roblox,Senior Privacy Engineer,"San Mateo, CA, United States",unstated,other_mba_tech,mba_unknown,https://careers.roblox.com/jobs/8094717?gh_jid=8094717,open
d2d23ae6a3aef8a0921425d88d02f8ab66475183b1599ab6675b9374a481ee7e,Roblox,"Senior Software Engineer, Creator Experience","San Mateo, CA, United States",unstated,other_mba_tech,mba_unknown,https://careers.roblox.com/jobs/8120054?gh_jid=8120054,open
67ce5407fec6d64509f3a2a93d91ffd6cb997d5c6efb173b70c8040c74cbdba8,Roblox,"Software Engineer, Creator","San Mateo, CA, United States",unstated,other_mba_tech,mba_unknown,https://careers.roblox.com/jobs/8115917?gh_jid=8115917,open
37fee84303822e7ddd8bd5fe7ff092699544844e8aa9fa11b1c48c71d41db229,Roblox,"Senior Software Engineer, Core Engine","San Mateo, CA, United States",unstated,other_mba_tech,mba_unknown,https://careers.roblox.com/jobs/8160843?gh_jid=8160843,open
1c451669af019cb40e25f6f5a620cb478e9fa4f67dc6c4c470290547d30860fb,Roblox,"Senior Software Engineer, Runtime","San Mateo, CA, United States",unstated,other_mba_tech,mba_unknown,https://careers.roblox.com/jobs/8097810?gh_jid=8097810,open
722d0ac6a7065ca58aa1f77c1d0ccc14754172246988397ab9350eb51aa44d9c,Roblox,"Principal Security Software Engineer, IAM","San Mateo, CA, United States",unstated,other_mba_tech,mba_unknown,https://careers.roblox.com/jobs/8099958?gh_jid=8099958,open
e4f8c862ba993c5e61c7c21a6302036d8d90d6062bf16b0ee3ab046aa9d36b55,Roblox,Engineering Manager - Subscriptions,"San Mateo, CA, United States",unstated,product,mba_unknown,https://careers.roblox.com/jobs/8099956?gh_jid=8099956,open
6d63627ee8a6eb899aebb2640b01c85b00cc2e6933f8888f4c5a3f43deeb70d3,Roblox,"Senior Machine Learning Engineering Manager, Communication Safety ","San Mateo, CA, United States",unstated,ai_product,mba_unknown,https://careers.roblox.com/jobs/8103714?gh_jid=8103714,open
a1bf224985989efa02051ecaaadc6b9f8bbfec6018b5b332ab0e16307b1c63de,Roblox,Senior Payments Compliance Manager,"San Mateo, CA, United States",unstated,other_mba_tech,mba_unknown,https://careers.roblox.com/jobs/8107208?gh_jid=8107208,open
f0d14aa4beb8222e5451216fd0ef79d0c4990366e2c3b74c85f5ba3b98914b86,Roblox,"Senior Product Manager, Content Sharing","San Mateo, CA, United States",unstated,product,mba_unknown,https://careers.roblox.com/jobs/8127058?gh_jid=8127058,open
e2ac5b73c74bb90e774497f2f50f624375f78f5bad2d6e052d16c0214c1adf87,Roblox,"Distinguished Engineer, Machine Learning - Discovery","San Mateo, CA, United States",unstated,ai_product,mba_unknown,https://careers.roblox.com/jobs/8104808?gh_jid=8104808,open
da3cf879821a00357d055d2a5d5985747cbcd1a1c4eb71d8175df00262013c8b,Roblox,"Principal Product Marketing Manager, Foundation AI","San Mateo, CA, United States",unstated,ai_product,mba_unknown,https://careers.roblox.com/jobs/8106059?gh_jid=8106059,open
980c37c6c91f59b926a2b57ee5f5981a27d6f4df4587de02014028a2ffc10bae,Roblox,"Software Engineer, Creator Business ","San Mateo, CA, United States",unstated,other_mba_tech,mba_unknown,https://careers.roblox.com/jobs/8113334?gh_jid=8113334,open
85d4e689bc994ec16abed8dee229114849bb09c5ea1d0d8707ed761a1bf70cc9,Roblox,Business Operations Associate,"San Mateo, CA, United States",unstated,product_strategy,mba_unknown,https://careers.roblox.com/jobs/8120368?gh_jid=8120368,open
ce4f03a8e2b90bd701763314b9057dd40bbcb4a5b353d303f51e92dce95e57e0,Roblox,Senior Software Engineer - Consumer Apps Desktop,"San Mateo, CA, United States",unstated,other_mba_tech,mba_unknown,https://careers.roblox.com/jobs/8127056?gh_jid=8127056,open
407880e30ce07971106ef0b37c6b07f3f4b1b7d9a666f6c25e229f8047d5bbd2,Roblox,"Senior Data Scientist, Consumer Apps","San Mateo, CA, United States",unstated,ai_product,mba_unknown,https://careers.roblox.com/jobs/8127054?gh_jid=8127054,open
aa50d95defec7fd2e4f1e2fd728d2f5ef6ec286ce30abfc40bf4b175925f9f9f,Roblox,"Senior Software Engineer, Privacy Infrastructure","San Mateo, CA, United States",unstated,other_mba_tech,mba_unknown,https://careers.roblox.com/jobs/8127033?gh_jid=8127033,open
0ac8f2967faec5da00f6a02776671a6aa092584d44ed64574848e94096a7b7ab,Roblox,Principal Software Engineer - Roblox Database,"San Mateo, CA, United States",unstated,other_mba_tech,mba_unknown,https://careers.roblox.com/jobs/8129410?gh_jid=8129410,open
4ef7e47fa5877953f64ad3c2417fe1fbc8cdcda303feb8259386b8f545ab7f2b,Roblox,Senior Software Engineer - Roblox Database,"San Mateo, CA, United States",unstated,other_mba_tech,mba_unknown,https://careers.roblox.com/jobs/8129408?gh_jid=8129408,open
ce34c3e29dc6f6484730adacbaac7a43e9542aed02959e3c4f0bbf7ca9d82f1f,Roblox,"Senior Software Engineer, Game Engine","San Mateo, CA, United States",unstated,other_mba_tech,mba_unknown,https://careers.roblox.com/jobs/8204799?gh_jid=8204799,open
cb2d00447702424efc34a93da1bc3098f674a3dbd05445e83f19822a7abce5d4,Roblox,"Senior Software Engineer, 3D Systems","San Mateo, CA, United States",unstated,other_mba_tech,mba_unknown,https://careers.roblox.com/jobs/8204801?gh_jid=8204801,open
bac314747006ca8f3921f2697054f9b277a6f30389fd271c84150dc941f990c0,Roblox,"Senior C++ Engineer, Real-time Engine","San Mateo, CA, United States",unstated,other_mba_tech,mba_unknown,https://careers.roblox.com/jobs/8204785?gh_jid=8204785,open
82e3c1244ace619e0c58ce5d297c2958165842cd74ba0d9256d9cca2b0fb316d,Roblox,"Senior Software Engineer, 3D Engine Scalability","San Mateo, CA, United States",unstated,other_mba_tech,mba_unknown,https://careers.roblox.com/jobs/8131354?gh_jid=8131354,open
75a5afc02b762d8065758ae853d1b9bf72a80d80dd91680baeb5b5bd707c20be,Roblox,"Senior Software Engineer, Geometry Systems","San Mateo, CA, United States",unstated,other_mba_tech,mba_unknown,https://careers.roblox.com/jobs/8205219?gh_jid=8205219,open
4d774b72db563594c477fc7e3686e87a2f8fc1b72ed7bbb9d95676af624776ab,Roblox,"Senior Director of Engineering, Generative AI ","San Mateo, CA, United States",unstated,ai_product,mba_unknown,https://careers.roblox.com/jobs/8131695?gh_jid=8131695,open
69abd094c4aa05f2aa0aa7bd43021421f5dc17156e89f26b15fc17b2e8e2c97a,Roblox,"Product Marketing Manager, Marketplace ","San Mateo, CA, United States",unstated,product,mba_unknown,https://careers.roblox.com/jobs/8139492?gh_jid=8139492,open
dcb53a983d79720ecf1878b1556f222532c30359c3b73d02134bc1c552054e3e,Roblox,"Senior Software Engineer, iOS","San Mateo, CA, United States",unstated,other_mba_tech,mba_unknown,https://careers.roblox.com/jobs/8140563?gh_jid=8140563,open
3d1fe94886f6e62bdd1a806371bc6a6a19a95fd06e14bd8653c6c731d862341d,Roblox,"Principal Software Engineer, Creator Collaboration","San Mateo, CA, United States",unstated,ai_product,mba_unknown,https://careers.roblox.com/jobs/8154393?gh_jid=8154393,open
680d4d4f9b096a974de0ced177b2f48d61576d283402039d9b08f863e8afac4e,Roblox,"[2027] Associate Product Designer, Early Career","San Mateo, CA, United States",unstated,product,mba_unknown,https://careers.roblox.com/jobs/8143982?gh_jid=8143982,open
eb2679f685056263a01398513836712a70d1f08ecfbc4142cf1c22e4a18fff41,Roblox,"[2027] Associate Product Manager, Early Career","San Mateo, CA, United States",unstated,product,mba_unknown,https://careers.roblox.com/jobs/8143976?gh_jid=8143976,open
2229c5bbe840aabd61a8ca6b960530310c3d787ab2f2e0f8cb8724f51e1adb70,Roblox,Senior Software Engineer - Marketplace Foundation,"San Mateo, CA, United States",unstated,other_mba_tech,mba_unknown,https://careers.roblox.com/jobs/8142712?gh_jid=8142712,open
a53bdd1a8daf3ecb27be48386fe8f99fc267caba31c26d962caaeb42b3a0bf04,Roblox,"Manager, Public Policy and US State Strategy","Washington, District of Columbia, United States",unstated,product_strategy,mba_unknown,https://careers.roblox.com/jobs/8143149?gh_jid=8143149,open
e154aae921142b37b6c010bae3e7fdc5543639fc7a4ccf8b300f980e777e60d2,Roblox,"Software Engineer, Engine Infrastructure","San Mateo, CA, United States",unstated,other_mba_tech,mba_unknown,https://careers.roblox.com/jobs/8171506?gh_jid=8171506,open
fb35930fb5df5df3041d0804e6058205e7c038fe76892fb52f3e594b01afe919,Roblox,"Senior Site Reliability Engineer, Compute","San Mateo, CA, United States",unstated,other_mba_tech,mba_unknown,https://careers.roblox.com/jobs/8148679?gh_jid=8148679,open
17f8295f8a995f5369216502763236649c497c8899adb701d061f4944d3524ff,Roblox,"Senior Software Engineer, Service Mesh","San Mateo, CA, United States",unstated,other_mba_tech,mba_unknown,https://careers.roblox.com/jobs/8148698?gh_jid=8148698,open
e79747962d382c913eebb9b7ef79e7690858732a4419044c96c8a37b4e327094,Roblox,Senior Software Engineer - Machine Bootstrap,"San Mateo, CA, United States",unstated,other_mba_tech,mba_unknown,https://careers.roblox.com/jobs/8148696?gh_jid=8148696,open
a149b2a4f890ec59815f95fa23245fa1e907276ed3adf26e83905e1b710403f2,Roblox,"Senior Frontend/Fullstack Software Engineer, Sharing","San Mateo, CA, United States",unstated,other_mba_tech,mba_unknown,https://careers.roblox.com/jobs/8164933?gh_jid=8164933,open
0436040b7f9344439d52d133ce221a9b13fb64894bd2ec11f575da161deeb750,Roblox,"Senior Software Engineer (Backend), Co-Experience","San Mateo, CA, United States",unstated,ai_product,mba_unknown,https://careers.roblox.com/jobs/8186640?gh_jid=8186640,open
18702390d46ba9ac323dd77021e7f8f2d637069ebc3846e329fd73775b7dffbc,Roblox,"Senior Software Engineer, Computer Graphics","San Mateo, CA, United States",unstated,other_mba_tech,mba_unknown,https://careers.roblox.com/jobs/8154929?gh_jid=8154929,open
9f09b27ca0311027f99121adf2a583973c9d8c7d911ed2875d521d0ab1d44fd2,Roblox,"Software Engineer, Data Access","San Mateo, CA, United States",unstated,other_mba_tech,mba_unknown,https://careers.roblox.com/jobs/8168881?gh_jid=8168881,open
11b41cdc516152999d7ba1791a91212e58f9a08664be888a8082857a80bb66ff,Roblox,"Senior Engineering Manager, Ads Data Platform","San Mateo, CA, United States",unstated,ai_product,mba_unknown,https://careers.roblox.com/jobs/8161954?gh_jid=8161954,open
25fb9deade49d81949cc736d7acbf53c937c4abbaf0449acad925e00782a436b,Roblox,"Software Engineer, Discovery UX","San Mateo, CA, United States",unstated,other_mba_tech,mba_unknown,https://careers.roblox.com/jobs/8168383?gh_jid=8168383,open
ddb58f78b7c9d75332d9c72d0f7bb2a24775abb79ad07f941ee3742afae85026,Roblox,Revenue Operations Manager,"San Mateo, CA, United States",unstated,other_mba_tech,mba_unknown,https://careers.roblox.com/jobs/8171039?gh_jid=8171039,open
1c9294e0395458ada4fbf81924f48f535326ede669f16620bdd36e5a8bed5392,Roblox,"Senior Frontend Engineer, Discovery UX","San Mateo, CA, United States",unstated,other_mba_tech,mba_unknown,https://careers.roblox.com/jobs/8168346?gh_jid=8168346,open
c7cab518d6f28bfcf49518831ef3b7974a918f8d419f9369897c855d2ff4f9ab,Roblox,"Manager, Editorial","San Mateo, CA, United States",unstated,ai_product,mba_unknown,https://careers.roblox.com/jobs/8177555?gh_jid=8177555,open
645fb0fe9a4e41029d082950890ff97098275cf0122013a75ef428681a8171ad,Roblox,"Senior Software Engineer, Productivity","San Mateo, CA, United States",unstated,other_mba_tech,mba_unknown,https://careers.roblox.com/jobs/8168917?gh_jid=8168917,open
1dc3a2b8583b7e5016d80a8980585d3db837f080ea59c12b7a472d67b458fec2,Roblox,"Senior Software Engineer, Systems","San Mateo, CA, United States",unstated,other_mba_tech,mba_unknown,https://careers.roblox.com/jobs/8168916?gh_jid=8168916,open
fd97aebad78509dbc47ddefd0186d5138a16f2abea372bd6420633a738255e2b,Roblox,Creative Director,"San Mateo, CA, United States",unstated,ai_product,mba_unknown,https://careers.roblox.com/jobs/8167425?gh_jid=8167425,open
d2e2edd9a05f5ba2e07d520f1b498adada0a2cdd1dec2bfda2b3a10a5418b65a,Roblox,IT Support Technician,"San Mateo, CA, United States",unstated,other_mba_tech,mba_unknown,https://careers.roblox.com/jobs/8171128?gh_jid=8171128,open
94c0e57ba548c3c981e2aec5d3b46c45a8d1c91e8f92f71648cb6088cea51196,Roblox,Senior Software Engineer- User Behavior,"San Mateo, CA, United States",unstated,ai_product,mba_unknown,https://careers.roblox.com/jobs/8174643?gh_jid=8174643,open
8e23d337820e113e489e905eb1eecf7a70b44b5fcd43425d4031fd9d4868ff2b,Roblox," Senior Director, Privacy, Product and Platform Security ","San Mateo, CA, United States",unstated,other_mba_tech,mba_unknown,https://careers.roblox.com/jobs/8168155?gh_jid=8168155,open
cb4c5db99fc79b97c3c392d39af1b5b91d2efac2075269d44c966416ccd0a0b2,Roblox,"Software Engineer, GenAI Platform","San Mateo, CA, United States",unstated,ai_product,mba_unknown,https://careers.roblox.com/jobs/8171283?gh_jid=8171283,open
c45d968d9ffd61d323081bef93d034279c7b39f121d4293faf4206b4195037ee,Roblox,"Engineering Manager, App Performance  ","San Mateo, CA, United States",unstated,product,mba_unknown,https://careers.roblox.com/jobs/8174830?gh_jid=8174830,open
db917f4d9bca720ce7c52eba20ff0da8187cd8d81a4769380159e0b0dbd1e230,Roblox,Privacy & Security Counsel,"San Mateo, CA, United States",unstated,ai_product,mba_unknown,https://careers.roblox.com/jobs/8172233?gh_jid=8172233,open
4995269ee9b6d39db352a119f253b9759bb4304ed67073ac421fc5dc65311da1,Roblox,"Senior Data Engineer, Economy ","San Mateo, CA, United States",unstated,ai_product,mba_unknown,https://careers.roblox.com/jobs/8172297?gh_jid=8172297,open
1cc57a722191beba2f9c5e1f8ec022c8eb25aa830e27bce3360c6da9a0104ad7,Roblox,"Vendor Operations, Automation","San Mateo, CA, United States",unstated,other_mba_tech,mba_unknown,https://careers.roblox.com/jobs/8174264?gh_jid=8174264,open
07f3c7b67ef652b84d8bc78d28f2cca0633f9beb529e4f39f502b53494bfbabc,Roblox,"Senior/Principal Product Manager, Video Generation (Roblox Reality) ","San Mateo, CA, United States",unstated,ai_product,mba_unknown,https://careers.roblox.com/jobs/8180420?gh_jid=8180420,open
93220dae1857029c40fa20aec4bebd99ee53718daa8bd7fb51e582e0b10ca9a0,Roblox,"Director, Capacity Planning & Engineering","San Mateo, CA, United States",unstated,ai_product,mba_unknown,https://careers.roblox.com/jobs/8186634?gh_jid=8186634,open
246e64e47891bded65b6e4be292827613f46270ad5df74d5fc80b47cdfe9b684,Roblox,Senior Litigation Counsel,"San Mateo, CA, United States",unstated,other_mba_tech,mba_unknown,https://careers.roblox.com/jobs/8180852?gh_jid=8180852,open
5a7916201c85eb60dc9f3d9dc71152db64f4055a3adfbbe4fbda5fe14c3954a4,Roblox,"Operations Manager, Influencer Marketing","San Mateo, CA, United States",unstated,other_mba_tech,mba_unknown,https://careers.roblox.com/jobs/8187226?gh_jid=8187226,open
372032724028a941c5820c30ff902657b6e0c856d1cbd5cfb1eefa0df83e97a6,Roblox,Influencer Marketing Specialist,"San Mateo, CA, United States",unstated,other_mba_tech,mba_unknown,https://careers.roblox.com/jobs/8187220?gh_jid=8187220,open
b716909057ea613bdc6b3dab95d5ee067aee8398c4047845c93b457a7934641f,Roblox,"Principal Software Engineer, Creator Game Operations","San Mateo, CA, United States",unstated,other_mba_tech,mba_unknown,https://careers.roblox.com/jobs/8186482?gh_jid=8186482,open
0495c50270afb426e8d54d99c4caac59e6247b7eef70e629dded692dd6ff98d9,Roblox,"Principal Machine Learning Engineer, Alt Defense","San Mateo, CA, United States",unstated,ai_product,mba_unknown,https://careers.roblox.com/jobs/8187377?gh_jid=8187377,open
a092884a4d7d31f2ac82ce2b7884402e818c4625fd821bab405c411f801aa76c,Roblox,"Senior Data Scientist, Engine Infra","San Mateo, CA, United States",unstated,ai_product,mba_unknown,https://careers.roblox.com/jobs/8193712?gh_jid=8193712,open
5bae144f31a9fc62a824d8017d096994fac2b500d5a15717ae72b6c573103233,Roblox,"Senior Software Engineer, Automation Tools","San Mateo, CA, United States",unstated,other_mba_tech,mba_unknown,https://careers.roblox.com/jobs/8187491?gh_jid=8187491,open
a1cecd90456c0d4ef438b7de98ecfd05630925631397e60a472c50f23ea6f690,Roblox,"Engineering Director, Storage","San Mateo, CA, United States",unstated,ai_product,mba_unknown,https://careers.roblox.com/jobs/8204659?gh_jid=8204659,open
b72ddc44437d9bd1da0b69a6dc610b46becfff6b7926c260394361d2293f8cc2,Roblox,"Senior Software Engineer, Application Gateway","San Mateo, CA, United States",unstated,other_mba_tech,mba_unknown,https://careers.roblox.com/jobs/8197260?gh_jid=8197260,open
efbd3ff19a2bf3b5eff2178344804292eba2fb53e6b928a5faba6377f77b402e,Roblox,"Senior Software Engineer, Compute Cell Platform","San Mateo, CA, United States",unstated,other_mba_tech,mba_unknown,https://careers.roblox.com/jobs/8197586?gh_jid=8197586,open
2385e4b4e8efa508533561f8a610df592bc603a33c581ab238b945a649cc0713,Roblox,Senior Software Engineer - Traffic Proxy ,"San Mateo, CA, United States",unstated,other_mba_tech,mba_unknown,https://careers.roblox.com/jobs/8202168?gh_jid=8202168,open
6144f7de99e579a72f858b06fef289b3544bef126d64ea6af1085e5b62c94895,Roblox,"Senior Security Software Engineer, Sandbox Platforms","San Mateo, CA, United States",unstated,other_mba_tech,mba_unknown,https://careers.roblox.com/jobs/8198167?gh_jid=8198167,open
5a8f316502bf1219bca85d91dc01606f7d45cee3ca7e7da07d99831d7b1efb31,Roblox,"Principal Software Engineer, Ads User Experience","San Mateo, CA, United States",unstated,other_mba_tech,mba_unknown,https://careers.roblox.com/jobs/8201883?gh_jid=8201883,open
7de2c8d2a252bfafcbd16fec6a75420918594a75c6ad9b34184ffe83f11ec7b4,Roblox,Senior Software Engineer -  Account Infrastructure,"San Mateo, CA, United States",unstated,ai_product,mba_unknown,https://careers.roblox.com/jobs/8209010?gh_jid=8209010,open
23f5005b8ac2e508cb63091ab217f143dc576aff478a5106bf09e702460ae6f5,Roblox,Compensation Programs Senior Analyst,"San Mateo, CA, United States",unstated,other_mba_tech,mba_unknown,https://careers.roblox.com/jobs/8211789?gh_jid=8211789,open
3bd92f81124596d4dbf01ddea21c5615e0ac167f323985e67b28f125bd0dc588,Roblox,"Executive Business Partner, Creator Ecosystem","San Mateo, CA, United States",unstated,ai_product,mba_unknown,https://careers.roblox.com/jobs/8211305?gh_jid=8211305,open
2ce79eb7aa04c22060fa85d3d990a8cfeaf3feb4ab246c489c824fc39a0eb5d4,Roblox,"Senior Software Engineer, Developer Tools","San Mateo, CA, United States",unstated,other_mba_tech,mba_unknown,https://careers.roblox.com/jobs/8211271?gh_jid=8211271,open
5d76e69f116ca44a0ffb9c8c13006a640775a78048204792db84ec6e48de621e,Roblox,Software Engineering Manager - Network Transport,"San Mateo, CA, United States",unstated,other_mba_tech,mba_unknown,https://careers.roblox.com/jobs/8222106?gh_jid=8222106,open
40aa2c138d4474c858777030a495d52535aff08cf7f33bab6a2e0705efe1b41b,Roblox,"Safety Threat Investigator, Safety Investigations","San Mateo, CA, United States",unstated,other_mba_tech,mba_unknown,https://careers.roblox.com/jobs/8211694?gh_jid=8211694,open
6b6246151aea8dbca3a3eafb8563f668e923ff3dabb1dbe552ca9208486c38c0,Roblox,"Senior Software Engineer, Creator Services Translation ","San Mateo, CA, United States",unstated,ai_product,mba_unknown,https://careers.roblox.com/jobs/8213903?gh_jid=8213903,open
82bceed038eb33fb7c622520d84e8ab90a5f86799aa80a43970f55c7ae5893ca,Roblox,Product Designer,"San Mateo, CA, United States",unstated,ai_product,mba_unknown,https://careers.roblox.com/jobs/8214317?gh_jid=8214317,open
233bd2c3a66e676c4c5aa2df152dbe8d9b31e1f2d655e53d7b6a7a3a2d7e0812,Roblox,"Senior Product Manager, Developer Monetization and Wallets","San Mateo, CA, United States",unstated,product,mba_unknown,https://careers.roblox.com/jobs/8219437?gh_jid=8219437,open
149acedfeddde6f55cb0e632003378b360ee1c2ef023ac8d53238e9c20ca32e7,Roblox,"Principal Product Manager, Subscriptions and Revenue Growth","San Mateo, CA, United States",unstated,product,mba_unknown,https://careers.roblox.com/jobs/8219433?gh_jid=8219433,open
66d6088f7259e718154a298fc1bb114d7451f9eca7b2cbae1a2bf26185be252b,Roblox,"Senior Software Engineer, ML Infra - Asset Safety","San Mateo, CA, United States",unstated,ai_product,mba_unknown,https://careers.roblox.com/jobs/8224452?gh_jid=8224452,open
2825cb44692a3c336b6db555d3ecb6ae7ba5aa70406e8b03ae4779938eb2cf92,Roblox,Principal Software Engineer- Safety Experience,"San Mateo, CA, United States",unstated,ai_product,mba_unknown,https://careers.roblox.com/jobs/8214965?gh_jid=8214965,open
d6ac287153e25e8b8f61dcf8a6e666d3181e1a117b364093e655db1ec1d341a3,Roblox,"Principal Software Engineer, Build","San Mateo, CA, United States",unstated,ai_product,mba_unknown,https://careers.roblox.com/jobs/8221564?gh_jid=8221564,open
0fac0d6c3a6bb4f8b05b85d493e19442b7927219ffdf0e92ef130cac320f5917,Roblox,Design Engineer,"San Mateo, CA, United States",unstated,ai_product,mba_unknown,https://careers.roblox.com/jobs/8221835?gh_jid=8221835,open
52b719971888b29740bdbe601d4f127d36d795fb266a1d17dc727a3e785e82bd,Roblox,"Senior Software Engineer, Creator Collaboration","San Mateo, CA, United States",unstated,ai_product,mba_unknown,https://careers.roblox.com/jobs/8223523?gh_jid=8223523,open
b2fd13e652374b42bfa9d53d6d999bb689aed8075f40ed9295122e9a01448619,Roblox,Principal Software Engineer - Object Store,"San Mateo, CA, United States",unstated,ai_product,mba_unknown,https://careers.roblox.com/jobs/8224135?gh_jid=8224135,open
548a91ac8c5a4bc5d448dd7acf17029dc1d73da123ccf7dcc8d2a1001c7eb3ba,Roblox,"Principal Software Engineer, App Performance","San Mateo, CA, United States",unstated,other_mba_tech,mba_unknown,https://careers.roblox.com/jobs/8233354?gh_jid=8233354,open
59802fe8f93ee65d60f00b68d61e0945e96235b8c1a6141e70a63c3f2836a8c4,Roblox,"Software Engineer, Engine Scalability","San Mateo, CA, United States",unstated,other_mba_tech,mba_unknown,https://careers.roblox.com/jobs/8226958?gh_jid=8226958,open
3138c5a802e9d3302f2b10885c19a13cbde240ac0bcea15983972672258b0e18,Roblox,"Principal Software Engineer, Engine Systems","San Mateo, CA, United States",unstated,other_mba_tech,mba_unknown,https://careers.roblox.com/jobs/8227830?gh_jid=8227830,open
34a17101576dc174d732647ceda4ea4a7feb691d6a2b33d301c1a11d2bc9bcde,Roblox,"Principal Software Engineer, Core Services","San Mateo, CA, United States",unstated,other_mba_tech,mba_unknown,https://careers.roblox.com/jobs/8227778?gh_jid=8227778,open
10a11cc28fe878848e6efaeef60a120deb825599c9c4e79dc11e4c4ce0f98f7b,Roblox,"Senior Software Engineer, Reliability","San Mateo, CA, United States",unstated,other_mba_tech,mba_unknown,https://careers.roblox.com/jobs/8227776?gh_jid=8227776,open
cd5e1cf9ae1d66ae0b9880f7b49572303a1ee4786f15df8e6701e02ae20298ab,Roblox,Senior Software Engineer - Engineering Acceleration,"San Mateo, CA, United States",unstated,other_mba_tech,mba_unknown,https://careers.roblox.com/jobs/8229707?gh_jid=8229707,open
9716ed9c25752d91e0f74e5dbe50715d6aa8641021648573fc5935f020dde069,Roblox,"Senior Software Engineer (Backend/Product focus, AIaaS)","San Mateo, CA, United States",unstated,ai_product,mba_unknown,https://careers.roblox.com/jobs/8231343?gh_jid=8231343,open
4dc5652cf7efec9f2810770ad9bdd457238fae09b7e4e291ed5a1f550293dadd,Roblox,"Director of Product, Payments and Wallet","San Mateo, CA, United States",unstated,product,mba_unknown,https://careers.roblox.com/jobs/8231864?gh_jid=8231864,open
54bdc0b9164ac394b637934d79096d979cbc5a58b5c2bc241a79bfe49f76311f,Roblox,Principal Data Scientist - Safety,"San Mateo, CA, United States",unstated,ai_product,mba_unknown,https://careers.roblox.com/jobs/8247229?gh_jid=8247229,open
480d23224622ce2bfb673dae52fafef21c59fe113a684815dc6bf7a450b678a5,Gusto,"Staff Software Engineer, Retirement Money Planning","Burlingame, CA - Hybrid; Denver, CO - Hybrid; New York, NY - Hybrid; San Francisco, CA - Hybrid",unstated,ai_product,mba_unknown,https://job-boards.greenhouse.io/gusto/jobs/8205624,open
89df7fa715be1ca50d96f81ae3c0f954121b960c44d74e65931c9e4a36712bf3,Robinhood,Senior Sourcing Manager,"Chicago, IL; Menlo Park, CA; New York, NY",unstated,other_mba_tech,mba_unknown,https://boards.greenhouse.io/robinhood/jobs/8211219?t=gh_src=&gh_jid=8211219,open
94a6c65adcbf2232d85cb92f3f5019a62180fb4e787a70b0885a3fe1ba3f2ae3,Airbnb,"Senior Manager, Platform Product Management (Payments)",United States ,unstated,product,mba_unknown,https://careers.airbnb.com/positions/8175521?gh_jid=8175521,open
6d251faaf01d81139b763e4c2aa244f81e8ccc08b3ebcc3d48939ad35eecb121,Gusto,"Gusto Pro Core, Junior Account Manager","Atlanta, GA - Hybrid; Denver, CO - Hybrid; Phoenix, AZ - Hybrid",unstated,ai_product,mba_unknown,https://job-boards.greenhouse.io/gusto/jobs/8233276,open
b8e30fce4373c7c77928f4d43b2919f7466ca5f035b0d361649345ee944d48d1,Scale AI,"Communications Senior Manager, Corporate & Product (Enterprise) ","San Francisco, CA; New York, NY",unstated,ai_product,mba_unknown,https://job-boards.greenhouse.io/scaleai/jobs/4718940005,open
0061185eee936bbf9e51bc2406b8b9deeee2105ef8e5a79aa553990210dd5552,Airbnb,"Staff Software Engineer, Cloud Infrastructure ","Remote, USA",unstated,other_mba_tech,mba_unknown,https://careers.airbnb.com/positions/8257909?gh_jid=8257909,open
a790ff4dfe77dba24666865917a4ff4d2abcb41a9100093b67937d45cf66086b,Coinbase,"Senior Software Engineer, Core Infra Systems",Remote - USA,unstated,ai_product,mba_unknown,https://www.coinbase.com/careers/positions/8172100?gh_jid=8172100,open
fa1c8a6daeafb3f0ca5b037bc44c5285657a99f392b95f72b212e0bd52cbccf5,Nextdoor,"Client Partner, Auto","Detroit, MI",unstated,ai_product,mba_unknown,https://about.nextdoor.com/careers-list/?gh_jid=8164899,open
c4697f56e757671cfa75dc192ab3a9d021ada2c880c1f2d3971fb0716e747f5f,Peloton,Lead Expert - Chicago Woodfield Mall,"Schaumburg, Illinois",unstated,ai_product,mba_unknown,https://careers.onepeloton.com/en/all-jobs/?gh_jid=8249923,open
6bc44f8ad7fe2c7795512d7ff43e443c7a252beee2b8433038ae8499a916abe1,Pinterest,"Staff Data Scientist, Notifications","San Francisco, CA, US; Remote, US",unstated,ai_product,mba_unknown,https://www.pinterestcareers.com/jobs/?gh_jid=8095343,open
2057d3ff4eb0f5c3c13597b608d041088d1f0df63f4e6a922706cf1eb08d1e02,Pinterest,"Machine Learning Engineer II, Responsible AI","San Francisco, CA, US; Remote, US",unstated,ai_product,mba_unknown,https://www.pinterestcareers.com/jobs/?gh_jid=8162046,open
305ad48fef5a40dfbff9c5905571f2543928b89ba9d8610ee8ec4e337f679ec0,Pinterest,"Sr. Systems Engineer, Sales & Marketing","San Francisco, CA, US; Remote, US",unstated,ai_product,mba_unknown,https://www.pinterestcareers.com/jobs/?gh_jid=8011573,open
40bf3209906c6ad203eefa1f2d4ffa449a179cacb42eea769d221f340c9665eb,Pinterest,"Principal Engineer, Indexing & Retrieval Infrastructure","San Francisco, CA, US; Palo Alto, CA, US; Seattle, WA,US",unstated,ai_product,mba_unknown,https://www.pinterestcareers.com/jobs/?gh_jid=8011719,open
c8c0fb8ad3bda5d9b80d07d7a0a1072e04764744b744200fe5c7421ce2f0a283,Pinterest,"Staff Data Scientist, Forecasting","San Francisco, CA, US; Remote, US",unstated,ai_product,mba_unknown,https://www.pinterestcareers.com/jobs/?gh_jid=8001932,open
2af94ec9353c90c78289ee886ffe1d38ede704719db01c6411ec053b6472fbab,Pinterest,"Staff Technical Program Manager, Security","San Francisco, CA, US; Remote, US",unstated,ai_product,mba_unknown,https://www.pinterestcareers.com/jobs/?gh_jid=7494650,open
07522cdbb9f07caf1a56ef553d0b5a5c047ee4161bad1d75ba02b14b64f4952e,Pinterest,"Senior Staff Technical Program Manager, Search Signals","San Francisco, CA, US; Remote, US",unstated,ai_product,mba_unknown,https://www.pinterestcareers.com/jobs/?gh_jid=7494636,open
f58583ce40641f954a6ae3ac0b376681720fb994847cb40f014caa7a61a72e5b,Okta,Senior Creative Operations Manager,"Bellevue, Washington; San Francisco, California",unstated,other_mba_tech,mba_unknown,https://www.okta.com/company/careers/opportunity/8247018?gh_jid=8247018,open
952bf4ae9ecfc44e9e5cc59eaad27dd08850caa54ac2bf785f06753117e333bc,Waymo,Sr. Supply & Demand Manager,"Mountain View, CA, USA",unstated,ai_product,mba_required,https://careers.withwaymo.com/jobs?gh_jid=8248270,open
ca2f1c54154f96b19310734397354e40f3a690b4568a0eb2b93a53f964a13010,Waymo,Senior Safety Management System (SMS) Risk Integration Specialist   ,"San Francisco, CA, USA, Mountain View, CA, USA",unstated,ai_product,mba_unknown,https://careers.withwaymo.com/jobs?gh_jid=7890957,open
85721f28bdd4c270c38d113b2d5446b2b16255c3088fb1d3f8cf155acc363821,SoFi,Senior Staff AI Engineer,CA - San Francisco,unstated,other_mba_tech,mba_unknown,https://sofi.com/careers/job/7593403003?gh_jid=7593403003,open
ffa44ac5e44fbc5094676cc23e4cfa91b1608b3f7e4fe7b6e73fe7c382798de1,MongoDB,"Senior Manager, Recruiting Operations",Austin; Chicago; New York City; Palo Alto; San Francisco,unstated,ai_product,mba_unknown,https://www.mongodb.com/careers/job/?gh_jid=7782383,open
fc34d6bcfd8d9e7c544a39cd75cc3ba849a06debb54723f654585919f1f8df29,MongoDB,"Senior Manager, HR Compliance - Americas",United States,unstated,other_mba_tech,mba_unknown,https://www.mongodb.com/careers/job/?gh_jid=7835609,open
fa3b20ed64c1350aa61102f94ec42d4ddaad8aa9f60f662a638018933949498d,MongoDB,Senior Customer Success Manager - FSI,New York City,unstated,ai_product,mba_unknown,https://www.mongodb.com/careers/job/?gh_jid=7944023,open
f812a24d81b0750fe7bbc68d3b0e6c6a02b5c0d0c2d69096525d5a1e973eb53f,MongoDB,Senior Data Analyst,United States,unstated,other_mba_tech,mba_unknown,https://www.mongodb.com/careers/job/?gh_jid=7696633,open
f111e5da99a2702604e0dde5733bf3a0ff6a25b772b45d4ec942d344f4e5e35d,MongoDB,"Manager, Site Reliability Engineering - Storage Layer Service",New York City,unstated,other_mba_tech,mba_unknown,https://www.mongodb.com/careers/job/?gh_jid=7743304,open
ea49190515389450017d1e0b5e44152c5f2c73c07f279212e0d9866051a4fa18,MongoDB,Site Reliability Engineer 3,New York City,unstated,other_mba_tech,mba_unknown,https://www.mongodb.com/careers/job/?gh_jid=7821316,open
e8c29a8ff5ce9e633014f93f88c113136a7742f8f6459b15b818608f49ccb0d2,MongoDB,"Vice President, Global Communications",United States,unstated,ai_product,mba_unknown,https://www.mongodb.com/careers/job/?gh_jid=8205340,open
e7400ad835c8269439184a466690cc7726067b578fb2b504e90bab7947cbf0c5,MongoDB,"Senior Software Engineer, Identity & Access Management (FedRAMP)",New York City,unstated,ai_product,mba_unknown,https://www.mongodb.com/careers/job/?gh_jid=8140617,open
e552e31c8224c1cc28a06b55e5722f48b40d96f62cf6e0375d528d6c66131f42,MongoDB,"Senior Manager, M&A Integration",Austin; New York City; Palo Alto; United States,unstated,ai_product,mba_unknown,https://www.mongodb.com/careers/job/?gh_jid=8119799,open
d753bb4472159e9a2242595fde1ba205ca3abd749c0c2856376d49f84dc9face,MongoDB,Strategic Customer Success Manager,New York City; Philadelphia,unstated,ai_product,mba_unknown,https://www.mongodb.com/careers/job/?gh_jid=8129880,open
d6760ecae4b9f28c0f03bdf0ef27e6a7dde2bbbf81f169fbf0243e44ec2b139b,MongoDB,"Sr. Manager, Corporate Development & Ventures",Austin; New York City; Palo Alto; San Francisco,unstated,ai_product,mba_unknown,https://www.mongodb.com/careers/job/?gh_jid=8211464,open
d4ce53425ca5f852db3d333ce7fdd3d5e881a745db7ecf77a17a0564811ceae7,MongoDB,"Senior Software Engineer, SQL Engines",United States,unstated,ai_product,mba_unknown,https://www.mongodb.com/careers/job/?gh_jid=8161512,open
d1006f4edc996f63208697fab2b5120b22eac0fbe7325663cbb8a02b65dbf3e3,MongoDB,"Software Engineer 3, Storage Execution",New York City,unstated,ai_product,mba_unknown,https://www.mongodb.com/careers/job/?gh_jid=8107198,open
cd8ff7756e84c4e0f8649a957ff42793b27bba385c684d6e41a356afe2a11ad4,MongoDB,Strategic Finance Analyst,New York City,unstated,other_mba_tech,mba_unknown,https://www.mongodb.com/careers/job/?gh_jid=8192216,open
cc6bda54be7e9d8dc9268453ac43a8f1df085a65404365e790f0b95ff02d6dfd,MongoDB,Senior Solutions Architect (Pre-Sales),Cincinnati; Cleveland; Detroit; Minneapolis; Minnesota,unstated,ai_product,mba_unknown,https://www.mongodb.com/careers/job/?gh_jid=8128855,open
ca798555b9fdd26b4b3ac102111b79c51b507fa4de1d1a94a83f4a299da4d951,MongoDB,"Senior Engineering Manager, Storage Execution",United States,unstated,ai_product,mba_unknown,https://www.mongodb.com/careers/job/?gh_jid=8163000,open
c6b2dc33a1b9d3aa5773a9bdc062d3ce08df1d392b7c795c4def5b4b0f8c4bdb,MongoDB,"Software Engineer 3, Networking & Observability",New York City; United States,unstated,ai_product,mba_unknown,https://www.mongodb.com/careers/job/?gh_jid=8119841,open
c331e1e22bd9f0a4b5b06dbee2f70192f58ed401215e233ab5a42078e39b531a,MongoDB,"Site Reliability Engineer (Senior or Staff), Storage Layer Services (SLS)",Boston; Miami; New York City; Pittsburgh; Raleigh; United States,unstated,other_mba_tech,mba_unknown,https://www.mongodb.com/careers/job/?gh_jid=7743366,open
c1c6716473dd6d7582bc981ed3738567e6849726f62f220d8be7fc4cec06ad8c,MongoDB,"Senior Enterprise Account Executive, Growth",New York City,unstated,other_mba_tech,mba_unknown,https://www.mongodb.com/careers/job/?gh_jid=7967394,open
bf7734713ccb706d3fadc53d24cb3a8481a03f4ec750d4eabe0738e54991c5dd,MongoDB,"Site Reliability Engineer (Mid-Level, Senior or Staff), Infrastructure Security",Austin; New York City; United States,unstated,other_mba_tech,mba_unknown,https://www.mongodb.com/careers/job/?gh_jid=7758610,open
bc120abcd814bc7662e0362a00eb8544600b1c8da3c2f6e3e2507478b785e53e,MongoDB,"Senior Manager, Brand Design",United States,unstated,ai_product,mba_unknown,https://www.mongodb.com/careers/job/?gh_jid=8023944,open
bbcdf38d7160e5dbb48245460f24f202883646138f4db39a91c46154ed9fcb4b,MongoDB,Senior Forward Deployed Engineer,United States,unstated,ai_product,mba_unknown,https://www.mongodb.com/careers/job/?gh_jid=8094523,open
b4c660ac855f40866e4dc954dd1548812117c92a3198946a26dbeb1aa5b631c9,MongoDB,"Product Manager, Internal Financial Data",Austin; New York City; Palo Alto; San Francisco; United States,unstated,ai_product,mba_unknown,https://www.mongodb.com/careers/job/?gh_jid=7908293,open
b02275ae21b28688324cf92d5ca93179512d9b33a4e76222521b25c5205859d9,MongoDB,Customer Success Manager,New York City,unstated,ai_product,mba_unknown,https://www.mongodb.com/careers/job/?gh_jid=8060800,open
ad9602dec6d17121c6f4969e7ebd250b5c8fcbdaee06cd9018df253fdf0e67f1,MongoDB,"Enterprise Account Executive, Growth",Atlanta; Florida; North Carolina; South Carolina; Tennessee,unstated,other_mba_tech,mba_unknown,https://www.mongodb.com/careers/job/?gh_jid=7031396,open
a84ce846ebb86a59784d6fb73d174ce93b4653476006bee741fe413e41b8e8db,MongoDB,"Customer Advocate, Core Products, Office of the CPO",Austin; Chicago; New York City; United States; Washington DC,unstated,ai_product,mba_preferred,https://www.mongodb.com/careers/job/?gh_jid=8122664,open
a392ebb187b7f9b148f4d8eee3194857e635cdd9bd017613f0ca9fb26de81041,MongoDB,"Senior Manager, Financial Planning & Analysis",Austin; New York City,unstated,other_mba_tech,mba_required,https://www.mongodb.com/careers/job/?gh_jid=8154864,open
9efc322dc86273d44d584e09c6ddfc0c3fac3efae3acc22d28f62743bded1261,MongoDB,Software Engineer 3,New York City,unstated,ai_product,mba_unknown,https://www.mongodb.com/careers/job/?gh_jid=8083761,open
9d18a867835654c5bdd3809d06fa11b7d251aa1e62ee57599fbc97e88ca725a5,MongoDB,"Senior Data Product Manager, Product Telemetry",New York City; Palo Alto; San Francisco,unstated,ai_product,mba_unknown,https://www.mongodb.com/careers/job/?gh_jid=7428476,open
9b65ab0047334491d53c432850e9f0d140126ca1ac7767961c1a6dac3cd8df64,MongoDB,"Senior Manager, Financial Planning & Analysis",Austin; New York City,unstated,other_mba_tech,mba_required,https://www.mongodb.com/careers/job/?gh_jid=8072504,open
910da706e1e3d925fc8020844f8a26d64202b5c7d8cc97b3b72a40b7895d2363,MongoDB,"Staff Product Manager, AI Builder Experience",United States,unstated,ai_product,mba_unknown,https://www.mongodb.com/careers/job/?gh_jid=8129885,open
8ff20ec4332ff7c26a8be0b9e63c0857035c12334db7a7073a0b7f5a3d3cf42f,MongoDB,"Compensation Manager, Customer",Atlanta; Austin; Baltimore; Boston; Chicago; Conshohocken; Dallas; Houston; Minneapolis; New York City; Pittsburgh; Washington DC,unstated,other_mba_tech,mba_unknown,https://www.mongodb.com/careers/job/?gh_jid=8201245,open
8fd92b7fbee5220a8bcab6e1ed033a73d5fd28358993ff9e0cc2138ce466eabc,MongoDB,"Senior Site Reliability Engineer, Fabric",Austin; New York City; San Francisco; United States,unstated,other_mba_tech,mba_unknown,https://www.mongodb.com/careers/job/?gh_jid=7727920,open
8f26d9248da15661cb2514d4a3ac8b38e05524b05489f59203e1d79e2c091f26,MongoDB,"Senior Software Engineer, Identity & Access Management (FedRamp)",Austin; Boston; Chicago; New York City; Palo Alto; Philadelphia; San Francisco,unstated,ai_product,mba_unknown,https://www.mongodb.com/careers/job/?gh_jid=8140620,open
8d1a6cd23a68801c332c1fe11fabc9af6440800ba127b8053e06746617ce03c1,MongoDB,"Enterprise Account Executive, Growth",Boston; New York City; Pennsylvania,unstated,other_mba_tech,mba_unknown,https://www.mongodb.com/careers/job/?gh_jid=7362626,open
83a9cc79a29202c7105ff5f2a96dbf24c0ed51fb94b9f305d8e505c29cc29130,MongoDB,"Senior Director Product Management, Growth",United States,unstated,ai_product,mba_unknown,https://www.mongodb.com/careers/job/?gh_jid=8157328,open
8332d1cce1fd41245bb051e10ea66eb2f3779ecd0615bbe6640da9159c604a10,MongoDB,Inside Account Executive,San Francisco; Utah,unstated,ai_product,mba_unknown,https://www.mongodb.com/careers/job/?gh_jid=8126598,open
812ace0ee806da8f1ef780bbdaa7529ad5d5894a0e7ceb1f5b9084a6b9962713,MongoDB,Staff Engineer - Business Systems,New York City; Palo Alto,unstated,other_mba_tech,mba_unknown,https://www.mongodb.com/careers/job/?gh_jid=8221355,open
7d6ec2a258644cfdf58faf6e59b93d211aa3248ceb86ed597b9814db128ed487,MongoDB,"Software Engineer 3, Atlas Clusters Platform",New York City,unstated,ai_product,mba_unknown,https://www.mongodb.com/careers/job/?gh_jid=8089859,open
7d1d679022be4b47719c4002ec9d5845cb262ef5dee70445a84d9850aeda8903,MongoDB,"Site Reliability Engineer (Senior or Staff), Deployments",Boston; Miami; New Jersey; New York City; Princeton; Raleigh; Washington DC,unstated,ai_product,mba_unknown,https://www.mongodb.com/careers/job/?gh_jid=7727910,open
7b61e440fd36c49068954b9147dc2d5ec3c37ff485de1d202d82c9c6ebe00734,MongoDB,Associate Third-Party Risk Management (TPRM) Risk Analyst,United States,unstated,other_mba_tech,mba_unknown,https://www.mongodb.com/careers/job/?gh_jid=8212146,open
79f170bcb4dc0a601173c6744164b5d3f2803a3e23526d0865e60afa47e9a94a,MongoDB,"Senior Recruiter, Corporate",United States,unstated,other_mba_tech,mba_unknown,https://www.mongodb.com/careers/job/?gh_jid=8231010,open
74d4a1ca58bfb5111bdc274795466d0822b13ffec04743fb794f8f11936fcc96,MongoDB,"Senior Enterprise Account Executive, Growth",New York City,unstated,other_mba_tech,mba_unknown,https://www.mongodb.com/careers/job/?gh_jid=8097302,open
6ed4c083b51de7c94bb9b5ede5ab014882ca19b8346e2e7c1fae97f871913a2a,MongoDB,"Software Engineer (Mid-Level, Senior or Staff), Infrastructure Security",Austin; New York City; United States,unstated,other_mba_tech,mba_unknown,https://www.mongodb.com/careers/job/?gh_jid=7727896,open
6d97406be7943a2d4de7793e7cead657aa5c1be431a1cf0f2f3e274bc89b81e1,MongoDB,Account Development Representative,New York City,unstated,ai_product,mba_unknown,https://www.mongodb.com/careers/job/?gh_jid=7310506,open
6d971de31321be60e9d502e036d8aa4807701ba2ec8809566e8d52c846b29732,MongoDB,"Salesforce Engineer III, FedRAMP",United States,unstated,ai_product,mba_unknown,https://www.mongodb.com/careers/job/?gh_jid=7948530,open
6584e73c5d8de2fb85c556f6971c7eb3fc653fcf4fc14940458dcab2616050e6,MongoDB,"Senior Manager, Solutions Architecture (Cloud Partnerships)",Seattle; United States,unstated,ai_product,mba_unknown,https://www.mongodb.com/careers/job/?gh_jid=8119328,open
62621490f118ad33efdcd129407e217853cbff8001f6fea4ccdb308e79aa4fc5,MongoDB,"Enterprise Account Executive, Growth",New York City,unstated,other_mba_tech,mba_unknown,https://www.mongodb.com/careers/job/?gh_jid=7032023,open
60e2dbd649af302a14034194e799fba5ebd52cfced97e0c0af0e1751a0351398,MongoDB,"Senior Compensation Manager, Sales",Atlanta; Austin; Baltimore; Boston; Chicago; Dallas; Denver; New York City; Philadelphia; United States; Washington DC,unstated,other_mba_tech,mba_unknown,https://www.mongodb.com/careers/job/?gh_jid=8208271,open
5df61f9a523e2597ca708865478af031eaf8fca894effa27b67865fb5282db2d,MongoDB,"Legal Counsel, Procurement ",Austin; New York City; United States,unstated,other_mba_tech,mba_unknown,https://www.mongodb.com/careers/job/?gh_jid=8229636,open
57349cfbbc8577816849b7c437a36405f20cf24d963c9eacfc6f791a7ac88479,MongoDB,"Senior Enterprise Account Executive, Pub Sector",Tysons; Washington DC,unstated,other_mba_tech,mba_unknown,https://www.mongodb.com/careers/job/?gh_jid=8155641,open
569c1e0e056fca95493f6f63b1fa5a8d21b07a0a9faf5fae85455bf9e10120b3,MongoDB,Product Pricing & Monetization Strategy - Associate,New York City,unstated,ai_product,mba_preferred,https://www.mongodb.com/careers/job/?gh_jid=7523751,open
4d601284afb4e451277d4bad80fc1aa9efa6cd716d0475ed983ef11908128981,MongoDB,"Corporate Legal Director - Securities, M&A",New York City; Palo Alto; United States,unstated,other_mba_tech,mba_unknown,https://www.mongodb.com/careers/job/?gh_jid=8234338,open
4a40704319f12eaec564ab4b5e0392390a8642bc95cff23c6fcfd450dfcc15d7,MongoDB,"Senior Manager, Technical Revenue",Austin; New York City; Palo Alto,unstated,ai_product,mba_unknown,https://www.mongodb.com/careers/job/?gh_jid=7736164,open
481e92df5205817bb73b86090e477efa36905186a0e3c7fa7067bac2bec84329,MongoDB,"Senior Staff Product Manager, Query",United States,unstated,ai_product,mba_required,https://www.mongodb.com/careers/job/?gh_jid=7993419,open
463aa7c3af65d8ba54270f91b131be5fc79b947c2e0877f921d1a2271cf86a66,MongoDB,Senior HR Business Partner,Austin; Boston; New York City; Philadelphia; Tysons; Washington DC,unstated,other_mba_tech,mba_unknown,https://www.mongodb.com/careers/job/?gh_jid=8169006,open
4627acca893f3ad982c24424b8426a35a9586693ab9db1415b9107fce980f38e,MongoDB,"Site Reliability Engineer (Senior or Staff), Atlas",Austin; Boston; Chicago; Miami; New York City; Philadelphia; Pittsburgh; Raleigh; United States; Washington DC,unstated,ai_product,mba_unknown,https://www.mongodb.com/careers/job/?gh_jid=7727964,open
4420bdfb27cf41c178c40d52656669fb16c4872bb9fb89878a9408ac616f0fd8,MongoDB,"Director, Strategic Events",United States,unstated,ai_product,mba_unknown,https://www.mongodb.com/careers/job/?gh_jid=8069976,open
439334d45b40056f2a54650797e6038c57f8917222b48451001c4597fc9792aa,MongoDB,"Senior Site Reliability Engineer,  Fleet Management",Austin; Boston; Chicago; Denver; Miami; New York City; San Francisco; Seattle; United States,unstated,ai_product,mba_unknown,https://www.mongodb.com/careers/job/?gh_jid=7727873,open
40fdf4b6bf1af5dcd4176373f4c6bd843da420fcbb0464342f8ff55a78d35945,MongoDB,"Senior Revenue Analyst, Technical Revenue",Austin; New York City; Palo Alto,unstated,other_mba_tech,mba_unknown,https://www.mongodb.com/careers/job/?gh_jid=7557741,open
3e56fbc20c2a871b7ead2ba2e12a42e66f6eb2fe2f9566d3e116376ba4584481,MongoDB,Staff Software Engineer - Query Execution,United States,unstated,other_mba_tech,mba_unknown,https://www.mongodb.com/careers/job/?gh_jid=7915330,open
3702f2c8d774979cf3e01e118a88a201664abb4e21c2392311c32147e94a60fd,MongoDB,"Senior Product Manager, Client Libraries",United States,unstated,ai_product,mba_unknown,https://www.mongodb.com/careers/job/?gh_jid=8143805,open
32559efb9c02d9479eabc5fbe48509b293ac413e81f88fd939d0df059405f155,MongoDB,"Technical Services Engineer, 1st shift (Weekend)",United States,unstated,ai_product,mba_unknown,https://www.mongodb.com/careers/job/?gh_jid=8030936,open
2d6be81db5dcb71652b2c7349a78564f5885ebed01c685c941ea4ff7e8a231a6,MongoDB,"Director, Partner Programs",United States,unstated,ai_product,mba_unknown,https://www.mongodb.com/careers/job/?gh_jid=8077491,open
2d63e51a598151bb940743098bd2bc2773d8a67f7d3166badae1828db8f71ee6,MongoDB,"Enterprise Account Executive, Growth",Ohio,unstated,other_mba_tech,mba_unknown,https://www.mongodb.com/careers/job/?gh_jid=7362411,open
289083151f668cb8a4a3ca290018c0ca1c19c68e9dd02f89ad39cb20ebab95a0,MongoDB,"Senior Director, Customer Health & Critical Accounts",Austin; Boston; Chicago; Denver; Los Angeles; New York City; United States,unstated,ai_product,mba_unknown,https://www.mongodb.com/careers/job/?gh_jid=8088171,open
26424a84142096c26623622bc2e02fd78048a52b464e7f87d81ac14eb9a4eed6,MongoDB,Software Engineer,United States,unstated,ai_product,mba_unknown,https://www.mongodb.com/careers/job/?gh_jid=8065483,open
25a19e838c1c2c0355037851cff21d217e84fa6f2787abbd12af297072bfa5c3,MongoDB,"Senior Software Engineer, Cluster Scalability",United States,unstated,other_mba_tech,mba_unknown,https://www.mongodb.com/careers/job/?gh_jid=8221182,open
22942292b6deb2e8ea5729337e31528d7dfa029fa376d617b6d68878e7b9281c,MongoDB,"Senior Product Manager, Post Sales",Austin; New York City; Palo Alto; Seattle,unstated,ai_product,mba_unknown,https://www.mongodb.com/careers/job/?gh_jid=7975695,open
1ce6a18046b3e7d62d759a0f516ec2027aac78424d1803cfb23aad0a3583191d,MongoDB,"Staff Engineer, Atlas Agent Engine",New York City,unstated,ai_product,mba_unknown,https://www.mongodb.com/careers/job/?gh_jid=8173735,open
1cd38c9071b9174c442f1b61bb8d42554b8062be516e4a5f606087dc7a077e6c,MongoDB,Senior Engagement Manager,Atlanta; New York City,unstated,other_mba_tech,mba_unknown,https://www.mongodb.com/careers/job/?gh_jid=8172986,open
1c40245d83e0378d9561bd4d8ee697fd453c80ec1c76fcde97d1479762dfdbf7,MongoDB,Senior Salesforce Engineer,New York City,unstated,other_mba_tech,mba_unknown,https://www.mongodb.com/careers/job/?gh_jid=7991447,open
1c29edccea9c0235a77c35699118c1121cf2406bc0a3e0ca6c2816c8cd79591b,MongoDB,Software Engineer 3,United States,unstated,ai_product,mba_unknown,https://www.mongodb.com/careers/job/?gh_jid=8089124,open
19c0489d86461a863698baf09977dea4aeaaf7635dc34da325baacf59a854bee,MongoDB,"Senior Software Engineer, Storage Layer Services",New York City; United States,unstated,other_mba_tech,mba_unknown,https://www.mongodb.com/careers/job/?gh_jid=7947560,open
0de931e0b3144a8b920de2e484822d0cf3446b7db530f8d2442bb7eb37f821e4,MongoDB,"Senior Software Engineer, Query Optimization",Austin; New York City; United States,unstated,ai_product,mba_unknown,https://www.mongodb.com/careers/job/?gh_jid=7870876,open
5f8f6fa47bfcedb03977e477ae958563f984deb88b2288ffbd189cc6e433a3a8,Affirm,"Staff Product Manager, Consumer Growth Loyalty",Remote US,unstated,ai_product,mba_unknown,https://job-boards.greenhouse.io/affirm/jobs/8011038003,open
6e000da48d930405091d023867216b7e9da4ed23d1fbe128a709ef1b2582172c,Brex,Senior Brand Producer,"New York, New York, United States; San Francisco, California, United States",unstated,ai_product,mba_unknown,https://www.brex.com/careers/8845851002?gh_jid=8845851002,open
6ac723bb3ffe3b60bad360ef96217688757354845968fa4830c7759660897bb5,Figma,"Researcher, Figma Design","San Francisco, CA • New York, NY • United States",unstated,ai_product,mba_unknown,https://boards.greenhouse.io/figma/jobs/6212642004?gh_jid=6212642004,open
e25e39ca222df0e24f00744f630dd54ce6fe5dfceeb69419600bc4a118958b2c,Pinterest,"Sr. Industry Manager, Fashion","San Francisco, CA, US; Los Angeles, CA, US; Seattle, WA, US",unstated,ai_product,mba_unknown,https://www.pinterestcareers.com/jobs/?gh_jid=8226882,open
d04d91b0babfa1b006d46f772b84114a9fbb69ce947403329a34c4bddbc10fd1,Pinterest,"Manager II, Engineering, Ads Serving Infrastructure","Palo Alto, CA, US; San Francisco, CA, US",unstated,ai_product,mba_unknown,https://www.pinterestcareers.com/jobs/?gh_jid=7957635,open
1b7d75ccfc5ab69f7d8b0e0e644a0c1c5c921859ea33bafe904661ac85937cce,Lyft,"Analytics Lead, Decisions & Insights","New York, NY",unstated,other_mba_tech,mba_unknown,https://app.careerpuck.com/job-board/lyft/job/8868958002?gh_jid=8868958002,open
4c3c9d64d4b26bc6419e2f9e038853594583581938f108973d1773aec6940d8f,Instacart,Bilingual CX Specialist (French),United States - Remote,unstated,ai_product,mba_unknown,https://instacart.careers/job/?gh_jid=8257641,open
6af37e45676a046a5d13a1d3c60515f50de4b39ca3c8fe81544d132fd5890d28,Robinhood,"Staff Machine Learning Engineer, AI Platform & Agentic Apps","Menlo Park, CA",unstated,ai_product,mba_unknown,https://boards.greenhouse.io/robinhood/jobs/8107212?t=gh_src=&gh_jid=8107212,open
77f959f205d0bfc167a1c878d8f2e454b0f7609d8cff77075f71c0c5d04d2977,Instacart,Account Manager,United States - Remote,unstated,other_mba_tech,mba_unknown,https://instacart.careers/job/?gh_jid=8250324,open
8325b2233d3f2d6b0112da24ad89e645999eb16f141cf1efd37aeab01ed2d2fb,Pinterest,"Sr. Staff Product Manager, Ads Quality Ranking","Palo Alto, CA, US; Seattle, WA, US",unstated,ai_product,mba_unknown,https://www.pinterestcareers.com/jobs/?gh_jid=7986197,open
5f705b01b1d115304c7549940f374ce24d232d4b957f06ee11b410525f579adf,Rubrik,Enterprise Account Executive - Dallas,"Dallas, TX",unstated,other_mba_tech,mba_unknown,https://www.rubrik.com/company/careers/departments/job.8236678?gh_jid=8236678,open
b8cdcfc0b10add81f3e4f7757fc9427414f4257fc4a130bc9ee421b0e7d390af,Okta,Staff Software Engineer - Federal,"Chicago, Illinois; New York, New York; Seattle, Washington; Washington, DC",unstated,ai_product,mba_unknown,https://www.okta.com/company/careers/opportunity/7571064?gh_jid=7571064,open
b62301d15803d17dfe1b7cd8e158dc45e084e8f8fda23cf2e1e43d8297dd3a29,Lyft,"Director, Product & Brand Communications","New York, NY; San Francisco, CA",unstated,other_mba_tech,mba_unknown,https://app.careerpuck.com/job-board/lyft/job/8861939002?gh_jid=8861939002,open
ed6885071bd835ccb48478bf41f41bddc2bccfeaa6d49bdae2b8ba0bbb860118,Robinhood,"Director of Partnerships, Robinhood Money","New York, NY",unstated,ai_product,mba_unknown,https://boards.greenhouse.io/robinhood/jobs/8244634?t=gh_src=&gh_jid=8244634,open
45fec196bff86575581728ccf286d00268d1133c101cfed88a111bcb855841fe,SoFi,"Senior Manager, Enterprise Learning & Development","San Francisco, CA",unstated,other_mba_tech,mba_unknown,https://sofi.com/careers/job/7982474003?gh_jid=7982474003,open
5bb5617677a9a4fcad9bcefd627760b05f454a8a42aace5ac203599dd2bb9fe0,Stripe,SaaS Platform and AI Partner Marketing Lead,"San Francisco, New York, Seattle, Chicago, Atlanta, Remote in the US",unstated,ai_product,mba_unknown,https://stripe.com/jobs/search?gh_jid=8248507,open
296df25f821c8c6b75783d240c0b813181b12ecf9b037df290280a57b3cb754d,Waymo,Senior Safety Management System (SMS) Analytics Specialist,"San Francisco, CA, USA, Mountain View, CA, USA",unstated,ai_product,mba_unknown,https://careers.withwaymo.com/jobs?gh_jid=8257145,open
f7edf30860e81068916782d48d07aa80107bc1978324c9b47020043a9e6006ff,Braze,"Sr. Solution Consultant, Financial Services",New York City,unstated,ai_product,mba_unknown,https://job-boards.greenhouse.io/braze/jobs/8257562,open
c688e4a58324984f18079613abfc4daf4e60653ebe8be12b06a3f6995aa49aad,Pinterest,"Staff Product Manager, Ads Measurement & Optimization ","Chicago, IL, US",unstated,ai_product,mba_unknown,https://www.pinterestcareers.com/jobs/?gh_jid=8234538,open
ee288a4409e8823ab779e22fcb2d15e2ab13f365e83c7dc41b0880223a1126c3,Pinterest,"Sr Software Engineer, Monetization Engineering","San Francisco, CA; Palo Alto, CA; Seattle, WA; New York, NY; Remote, US",unstated,ai_product,mba_unknown,https://www.pinterestcareers.com/jobs/?gh_jid=8231071,open
7c42b25c7e9df7c2621e59f51ccbd2795c36735e91c78e63e9d29edccfc4fce1,Peloton,"Associate, Studio Experience","New York, New York",unstated,ai_product,mba_unknown,https://careers.onepeloton.com/en/all-jobs/?gh_jid=8238038,open
c0d6694c8b004d7d8a1e834f32527058edeb2980d7ff5d3b468e7a404cf8e26b,Datadog,Senior Technology Partner Manager,"New York, New York, USA",unstated,ai_product,mba_required,https://careers.datadoghq.com/detail/8257217/?gh_jid=8257217,open
c8d59b4413ef5c7f2d0fff915cdfc9b658ac8978808e6d3f48a4e20cd4bab13a,Chime,Director of Growth and Acquisition Marketing,"San Francisco, CA, USA",unstated,ai_product,mba_unknown,https://boards.greenhouse.io/chime/jobs/8869139002?gh_jid=8869139002,open
d080af2f2ac60bfe01380f13838e5fad498e12d1b3dd843e22e85aac5067a142,Duolingo,"Illustrator, Intern","Detroit, MI",unstated,other_mba_tech,mba_unknown,https://careers.duolingo.com/jobs/8863967002?gh_jid=8863967002,open
5ec87a3090f2643dd7fb56ae6762a1809ed78e3a36f8bb08f7161a0038dca02c,Klaviyo,Senior AI Engineer - Customer Agent,"Boston, MA",unstated,ai_product,mba_unknown,https://www.klaviyo.com/careers/jobs/7502768003?gh_jid=7502768003,open
0b7a5a2901c30d28fa9afcce13bd20dec53edfbce55dffa70e1a9c874528574c,Klaviyo,"Engineering Manager, Marketing Engineering & AI Agents - Amplify ","Boston, MA",unstated,ai_product,mba_unknown,https://www.klaviyo.com/careers/jobs/8004625003?gh_jid=8004625003,open
da1da7a4896a7a4bcec2604b86868e47b00de86003b040255f4f479a3579019e,Smartsheet,"Engineering Manager, Dashboards","Bellevue, WA, USA",unstated,ai_product,mba_unknown,https://job-boards.greenhouse.io/smartsheet/jobs/8250268,open
c3f3a20b93ae2796166b8f5548c12cf44fa7c623b053170112768e40b9a78405,Smartsheet,Sr. Software Engineer II (Remote Eligible)," -REMOTE, USA-",unstated,ai_product,mba_unknown,https://job-boards.greenhouse.io/smartsheet/jobs/8250247,open
548c49d7bd7c2c33166b152db577d6f46ee1a3d6cfd4a6b579237a7ea7db7f45,Smartsheet,Technology Alliances Leader,"-REMOTE, USA-",unstated,ai_product,mba_unknown,https://job-boards.greenhouse.io/smartsheet/jobs/8247675,open
f8b37df47e8378cf430813b34de3ac1d975e5608bcc0d94f923681b4491368b8,Smartsheet,Solutions Architect,"-REMOTE, USA-",unstated,ai_product,mba_unknown,https://job-boards.greenhouse.io/smartsheet/jobs/8178793,open
f6e351b89bda697ca74f842e5d4fa2031cc6f005f1758164157a59fb2a013245,Smartsheet,Principal Technical Product Marketing Manager — AI,"Bellevue, WA, USA",unstated,ai_product,mba_unknown,https://job-boards.greenhouse.io/smartsheet/jobs/8214240,open
f5c970d0017c18abec7ed22a2066fa6ff378ce451bd0de1a9e725ca675292b02,Smartsheet,Commercial GRC Engineer - Sr. Security Engineer I,"Bellevue, WA, USA",unstated,other_mba_tech,mba_unknown,https://job-boards.greenhouse.io/smartsheet/jobs/8238594,open
ee955b6ad6297907fe5a06aabbf0fc9810975cb6721a7d8a7872a08afce22dcb,Smartsheet,"Sr. Manager, People Business Partner - GTM","Bellevue, WA, USA",unstated,other_mba_tech,mba_unknown,https://job-boards.greenhouse.io/smartsheet/jobs/8196058,open
c82e281c91962626247aabd55e5b525115c580adebcbd8098bcb3e62ba7da5ca,Smartsheet,Field Security Engineer - Sr. Security Engineer I,"Bellevue, WA, USA",unstated,ai_product,mba_unknown,https://job-boards.greenhouse.io/smartsheet/jobs/8238571,open
c29885f798d3660f4999ec31e83f72d64fb263ae735fcc53af2e89429e07a5cf,Smartsheet,"VP, User Experience and Design Innovation (Remote Eligible)","Bellevue, WA, USA",unstated,ai_product,mba_unknown,https://job-boards.greenhouse.io/smartsheet/jobs/8172203,open
b884c2426c3e186d357e4a049c1dfba5966fc82716b353e1d2efc36623f672ad,Smartsheet,"Manager, People Systems Engineering (Remote Eligible)"," -REMOTE, USA-",unstated,ai_product,mba_unknown,https://job-boards.greenhouse.io/smartsheet/jobs/8198041,open
b07ff2654d861e3a88d4ed2ea239fb5c4bcf0bae91afba56c035ab561b04c906,Smartsheet,Principal Software Engineer - Observability & Telemetry Data,"Bellevue, WA, USA",unstated,ai_product,mba_unknown,https://job-boards.greenhouse.io/smartsheet/jobs/8172240,open
aed64621bd0879494c513c6653a8091a0008b212be71efd2fee7f5b95efc6752,Smartsheet,Technical Risk Manager - Sr. Security Engineer I,"Bellevue, WA, USA",unstated,other_mba_tech,mba_unknown,https://job-boards.greenhouse.io/smartsheet/jobs/8238584,open
9ff86996bac3e133903e162fffea04e4e06b021725dbcd9300041b6b06e61f4c,Smartsheet,"Regional Director, Enterprise-West","San Francisco, CA, USA",unstated,other_mba_tech,mba_unknown,https://job-boards.greenhouse.io/smartsheet/jobs/8162486,open
79b0cb9ae1d75e1aed74acbb4a8c55b49089b533003d9cb13d45d0a87822fe52,Smartsheet,Senior Software Engineer II - Solution Lifecycle (Remote Eligible)," -REMOTE, USA-",unstated,ai_product,mba_unknown,https://job-boards.greenhouse.io/smartsheet/jobs/8239800,open
6e264a9a53a651e9c2bbeabcd7b4b77eb4390d5ea66b239284a12493074fbe38,Smartsheet,Sr. Software Engineer II - AI Engineering (Remote Eligible) ," -REMOTE, USA-",unstated,ai_product,mba_unknown,https://job-boards.greenhouse.io/smartsheet/jobs/8167496,open
65c5f8ee3cae0123d7a3ae42f3db4f72d5b37efcd7468855a58b8d86f6def494,Smartsheet,Enterprise Account Executive - State/Local Government (PNW),"Bellevue, WA, USA",unstated,other_mba_tech,mba_unknown,https://job-boards.greenhouse.io/smartsheet/jobs/8192452,open
537641ac8d1aab6869b8bf991c7df60b87763b305748c33c315cef978ad747f5,Smartsheet,Senior Product Designer I (Remote Eligible)," -REMOTE, USA-",unstated,ai_product,mba_unknown,https://job-boards.greenhouse.io/smartsheet/jobs/8191836,open
4701f7c34e9155c6f87f364fa7511c6fd1c3160ed704f0319746aafc903df11d,Smartsheet,"Account Executive, Commercial - Named (East)","Boston, MA, USA",unstated,other_mba_tech,mba_unknown,https://job-boards.greenhouse.io/smartsheet/jobs/8196285,open
3bf788bf9c5329d50cb1573b8df2bb6162ca54fd74e5a41e6779ea95c7a669b2,Smartsheet,"Regional Director, Enterprise (FedGov)","Washington, D.C., USA",unstated,other_mba_tech,mba_unknown,https://job-boards.greenhouse.io/smartsheet/jobs/8180767,open
2e5a6b0af713289afcb80b3022d0182fb3f90fc05a022c613e60aa6c13696c2c,Smartsheet,Enterprise Account Executive - State/Local Government (PNW),"Portland, OR, USA",unstated,other_mba_tech,mba_unknown,https://job-boards.greenhouse.io/smartsheet/jobs/8204553,open
25dfa67ca336052a6346c6e9a10fdc72937ac94c30d10a1ff81e71444b4ed855,Smartsheet,"Director, Finance Systems & ERP","-REMOTE, USA-",unstated,ai_product,mba_unknown,https://job-boards.greenhouse.io/smartsheet/jobs/8233735,open
23d3ac0a4f567e539520ba71cf974728f02718b2843ecd2996b2556ee6b5d5e3,Smartsheet,Talent Development Partner,"Bellevue, WA, USA",unstated,other_mba_tech,mba_unknown,https://job-boards.greenhouse.io/smartsheet/jobs/8214194,open
1f7964abcde6e76d50c106cfccc027dbecae0f321bf17399fe454668115d77be,Smartsheet,"Account Executive, Commercial - Named (East)","Chicago, IL, USA",unstated,other_mba_tech,mba_unknown,https://job-boards.greenhouse.io/smartsheet/jobs/8247017,open
143aa5d16604ecc432bb22f26c6bbe9a0b9c545a7bd91b542c9d2f4ac4b2f2b2,Smartsheet,Sr. Software Engineer II - Billing & Subscriptions Engineering (Remote Eligible)," -REMOTE, USA-",unstated,ai_product,mba_unknown,https://job-boards.greenhouse.io/smartsheet/jobs/8204940,open
0a45e41766af6d364401e642e7dbc68e3b17e4b27cf6531b2e214e81cac18237,Smartsheet,Principal Security Engineer,"Bellevue, WA, USA",unstated,ai_product,mba_unknown,https://job-boards.greenhouse.io/smartsheet/jobs/8157847,open
072aa7a33296f4180453f6f35904b07d0250d2e26a492065b90304e78bc043e6,Smartsheet,Group Product Manager – Corporate Systems,"-REMOTE, USA-",unstated,ai_product,mba_unknown,https://job-boards.greenhouse.io/smartsheet/jobs/8233818,open
ef5ce13f0d442ac458c5b01a6fd77743ee35a6d83451b7fbbecf31f96ae3e260,Smartsheet,"Account Executive, Commercial - Mid Market (West)","Phoenix, AZ, USA",unstated,other_mba_tech,mba_unknown,https://job-boards.greenhouse.io/smartsheet/jobs/8167386,open
e2f5b604aed7949cec7773b6bb2d6a54986f14f6a5b8eae6ace3b70a2088e48b,Smartsheet,"Account Executive, Commercial - Mid Market (West)","Bellevue, WA, USA",unstated,other_mba_tech,mba_unknown,https://job-boards.greenhouse.io/smartsheet/jobs/8142243,open
c801c334c5d90d7d4ebdc270e2396a58f2c7f20e27d199489808033c74598d1a,Smartsheet,Enterprise Account Executive-Expansion,"Bellevue, WA, USA",unstated,other_mba_tech,mba_unknown,https://job-boards.greenhouse.io/smartsheet/jobs/8189322,open
a7bd0631290092bc2b59ec4ca72f397ccb827d443d1aed7df7b5dbe5800f48d1,Smartsheet,Solutions Consultant - Central/East,"-REMOTE, USA-",unstated,ai_product,mba_unknown,https://job-boards.greenhouse.io/smartsheet/jobs/8109667,open
a4b0a12029cb22c5ba97173126f3c05a617dba71da4fc7d36597eaf19087aab5,Smartsheet,Senior Software Engineer I (Automation),"Bellevue, WA, USA",unstated,ai_product,mba_unknown,https://job-boards.greenhouse.io/smartsheet/jobs/7955075,open
9854bb5eca3eb618fc7702886f0955e8cc64b7f9f170172799124c59029335a1,Smartsheet,Senior Product Manager II - Applied AI (Remote Eligible)," -REMOTE, USA-",unstated,ai_product,mba_unknown,https://job-boards.greenhouse.io/smartsheet/jobs/8140456,open
85ce1fe1300501508c29ad4892cf3651ce43995354463e7f775d9a9061c9f029,Smartsheet,Sr. Data Scientist II (Remote Eligible)," -REMOTE, USA-",unstated,ai_product,mba_unknown,https://job-boards.greenhouse.io/smartsheet/jobs/8056301,open
5ee1f29488a4f6f17386d12c61bd66d6424e75d188577704aa30cea210d3d4ae,Smartsheet,Software Engineer II - Full Stack (Remote Eligible)," -REMOTE, USA-",unstated,ai_product,mba_unknown,https://job-boards.greenhouse.io/smartsheet/jobs/8097667,open
5bf62e6a9924d97db6ef1b5b918383a081667d4d1df641f9f0904a3e1568e161,Smartsheet,Sales Development Representative - West Coast,"Bellevue, WA, USA",unstated,other_mba_tech,mba_unknown,https://job-boards.greenhouse.io/smartsheet/jobs/8092354,open
5209bdcf3bfe7344386dcc5eda96db836a47bc3beb3561ed8980678b8671fcd0,Smartsheet,Solutions Consultant - West,"-REMOTE, USA-",unstated,ai_product,mba_unknown,https://job-boards.greenhouse.io/smartsheet/jobs/8122020,open
167f40faf31b49f278661334ffec38705a0b14c93f6866ccfe5ac05ec1f019a4,Smartsheet,Sr. Customer Success Manager - Enterprise (East),"-REMOTE, USA-",unstated,ai_product,mba_unknown,https://job-boards.greenhouse.io/smartsheet/jobs/8067825,open
09352b1963fa9e48f40bc6099346d221f3594d2ec569df5e60b5813e182c2e42,Smartsheet,Marketing Platform Operations Manager,"-REMOTE, USA-",unstated,other_mba_tech,mba_unknown,https://job-boards.greenhouse.io/smartsheet/jobs/8142799,open
086bc5818f3baadaa81fb1fd0139228b01d63a6096a4521e295e41f702a82a46,Smartsheet,"Account Executive, Commercial - Mid Market (West)","San Francisco, CA, USA",unstated,other_mba_tech,mba_unknown,https://job-boards.greenhouse.io/smartsheet/jobs/8142245,open
c90c679f31e33d689efd5ee718778c07fe6cbcc13b624547c49d4fab33503a0c,Smartsheet,Strategic Account Executive,"Munich, DE",unstated,other_mba_tech,mba_unknown,https://job-boards.greenhouse.io/smartsheet/jobs/8131970,open
7081f7575d231a547b20d57d1778f3a4ae176b5ba799fa180428bac61dc3f524,Smartsheet,"Senior Product Manager, Field Systems (Salesforce)","-REMOTE, USA-",unstated,ai_product,mba_unknown,https://job-boards.greenhouse.io/smartsheet/jobs/7684865,open
1fb370b1895360c1f162fb5b83f1513c18f3456fc81cca4dba666aa5e42445d6,Smartsheet,Sr. Forward Deployed AI Engineer (Remote Eligible in Germany),"Munich, DE",unstated,other_mba_tech,mba_unknown,https://job-boards.greenhouse.io/smartsheet/jobs/7874013,open
079db4ec81391977ae23ab307a6288127b125d8151d7279f6a841b8b7b82b68d,Smartsheet,Enterprise Account Executive,"Munich, DE",unstated,other_mba_tech,mba_unknown,https://job-boards.greenhouse.io/smartsheet/jobs/8143555,open
f43b88b2a65dee874e6ce0d1d65315d94ac12ccdcef81feff8fa4b9fe96e9816,Smartsheet,Junior Account Manager,"Munich, DE",unstated,other_mba_tech,mba_unknown,https://job-boards.greenhouse.io/smartsheet/jobs/8119491,open
565f6a4781f4d9131bf35d58ade3d9216cdd9fb32b8c2ebd873f7951af8e2712,Samsara,Senior Security Operations Engineer,Remote - OR,unstated,other_mba_tech,mba_unknown,https://www.samsara.com/company/careers/roles/8212286?gh_jid=8212286,open
006f8c46a4bd01178a064bef63309f4313ca7c041630bc00ab98baecd1407647,Samsara,Senior Security Operations Engineer,"San Francisco, CA, United States",unstated,other_mba_tech,mba_unknown,https://www.samsara.com/company/careers/roles/8204369?gh_jid=8204369,open
ee539c18c1866e3f741a59525f5f5fa857291886bdbe19864b8c2eb74b5d0c18,Samsara,Senior Security Operations Engineer,Remote - CA,unstated,other_mba_tech,mba_unknown,https://www.samsara.com/company/careers/roles/8223613?gh_jid=8223613,open
2bbfaba53adc310268c62853f5132d3d21f670c0093d22951658bdf02dba1890,Datadog,Strategic Account Executive,"San Francisco, California, USA",unstated,ai_product,mba_unknown,https://careers.datadoghq.com/detail/7131445/?gh_jid=7131445,open
39aa8971d9e417138e1f88c1a5cda1c7d61b270366ff4384932bdfda2ba7f4b2,Pinterest,"Software Engineer II, Monetization Engineering ","San Francisco, CA; Palo Alto, CA; Seattle, WA; New York, NY; Remote, US",unstated,ai_product,mba_unknown,https://www.pinterestcareers.com/jobs/?gh_jid=8227344,open
10c45ed84c34995314b170645099ef889f17b2e10841e308c8e15e3bea49e6e3,Figma,"Content Strategist, Editorial","San Francisco, CA • New York, NY • United States",unstated,ai_product,mba_unknown,https://boards.greenhouse.io/figma/jobs/6211847004?gh_jid=6211847004,open
947382f3707fb9fb55b140bc190b4b169538cc85e08015b3950ac5fad1c87096,Asana,Developer Advocate,New York City,unstated,ai_product,mba_unknown,https://www.asana.com/jobs/apply/8257456?gh_jid=8257456,open
825b3b96fae00f54ea024441dd2be1afd590b52ea76e6e0bb1cfe745c72311c1,Pinterest,"Security Software Engineer II, Detection and Response","San Francisco, CA, US; Remote, US",unstated,ai_product,mba_unknown,https://www.pinterestcareers.com/jobs/?gh_jid=8015547,open
015e4d713b7ddc2016b747bd3890d29f502fb1bcb07996b84809d148253db286,Scale AI,"Lead Counsel, Product","San Francisco, CA",unstated,ai_product,mba_unknown,https://job-boards.greenhouse.io/scaleai/jobs/4651614005,open
4c55c243f724b45f5a47c23677ee06cf4221e6ec1447e5b13256b69e6a16766b,Samsara,"Sr. Software Engineer II, DevEx",Remote - CA,unstated,ai_product,mba_unknown,https://www.samsara.com/company/careers/roles/8237131?gh_jid=8237131,open
9e4885f6a151043bed0797805dbacab91c8f2bfca3125908122a1bd0f540217a,SoFi,"Art Director, Generative AI (Contract)",CA - San Francisco HQ,unstated,ai_product,mba_unknown,https://sofi.com/careers/job/7980680003?gh_jid=7980680003,open
f69afd8d401b6fa0a7917b14ffb1a6c44fd0f1c08e13c6ee7ae863ea1efa33ad,Squarespace,"Director, Corporate Communications",New York City,unstated,ai_product,mba_unknown,http://www.squarespace.com/about/careers?gh_jid=8249787,open
4dfb1b867508ca0405c846d18446369c69194e844db0a8238d5e76b391c1463f,Brex,"Manager, Payment Operations","San Francisco, California, United States",unstated,ai_product,mba_unknown,https://www.brex.com/careers/8846050002?gh_jid=8846050002,open
dc967fd3c24f67d26905efae7390bd6bc3f3c056f581796a53d9f15c27060d27,Brex,"Manager, Payment Operations","New York, New York, United States",unstated,ai_product,mba_unknown,https://www.brex.com/careers/8846069002?gh_jid=8846069002,open
5e8ed9bc616348fa0f13949bf6175e249c882a36e15e029b86000265e20f5c06,Brex,"Manager, Payment Operations","Salt Lake City, Utah, United States",unstated,ai_product,mba_unknown,https://www.brex.com/careers/8846003002?gh_jid=8846003002,open
b0ae72c316c0a4b605120420868922c4806d27c672f6b6eb796e44cc68178867,Okta,"Senior Systems Engineer, Productivity Engineering","Bellevue, Washington; San Francisco, California",unstated,other_mba_tech,mba_unknown,https://www.okta.com/company/careers/opportunity/8193328?gh_jid=8193328,open
4f61312e4d905ec5137eb836ce605193e5c7d688681e150d430861f7c126acc3,Coinbase,"Finance & Strategy Analyst, Product",Remote - USA,unstated,ai_product,mba_unknown,https://www.coinbase.com/careers/positions/8250032?gh_jid=8250032,open
3b20d11116ccd4b3fe2bbf1f415e5bddababc9788f307b3257998cfe50d911e4,Robinhood,Retirement Services Specialist,"Chicago, IL; Denver, CO; Lake Mary, FL; New York, NY",unstated,other_mba_tech,mba_unknown,https://boards.greenhouse.io/robinhood/jobs/8245932?t=gh_src=&gh_jid=8245932,open
8a99e62cc7bd096f0d07101b794df8c2fe9ea38b3f9d4bb63cf395f28fe47dce,Peloton,Sr. SaaS Solutions Architect,"New York, New York",unstated,ai_product,mba_unknown,https://careers.onepeloton.com/en/all-jobs/?gh_jid=7568890,open
032f2f0178ab29bd3654b03fa68c2e0cd3f9ea217b7c784c45d94d30bf71a9bf,Gusto,Retirement Onboarding Specialist (New Plans) ,"Denver, CO - Hybrid",unstated,ai_product,mba_unknown,https://job-boards.greenhouse.io/gusto/jobs/8248245,open
e034d6824e8a5c7534b791802e20502eaef74c4a92131852904733b89ebe618e,Brex,"Growth Marketing Lead, Programmatic & Video","Salt Lake City, Utah, United States",unstated,ai_product,mba_unknown,https://www.brex.com/careers/8784439002?gh_jid=8784439002,open
f18c4ae79546ae5899652d5e3153aba7357255f8732ad908be1fb8d64dabba8f,Brex,"Growth Marketing Lead, Programmatic & Video","Seattle, Washington, United States",unstated,ai_product,mba_unknown,https://www.brex.com/careers/8784433002?gh_jid=8784433002,open
6d89f5d56e1191fa44215caa5f1b7f062b03184a6a973f6e068ba11282d00a05,Brex,"Growth Marketing Lead, Programmatic & Video","New York, New York, United States",unstated,ai_product,mba_unknown,https://www.brex.com/careers/8784432002?gh_jid=8784432002,open
c6af9edccbcbd705bbe3c185b57306f94267fb3c2225502cb6415f4f8494a274,Brex,"Growth Marketing Lead, Programmatic & Video","San Francisco, California, United States",unstated,ai_product,mba_unknown,https://www.brex.com/careers/8782294002?gh_jid=8782294002,open
a1b00e28a03daf8493f357791d06a45bc2a1cb2f7e27b38c2a4f4dc648d122cc,Pinterest,"Sr. Manager, Ads Product Policy","San Francisco, CA, US; Remote, US",unstated,ai_product,mba_unknown,https://www.pinterestcareers.com/jobs/?gh_jid=8222282,open
084ee2fa2af87e3bd05d79a5adab02f407812c3e55b55fb6eb49c147670c4944,Lyft,Procurement COE manager,"San Francisco, CA",unstated,other_mba_tech,mba_unknown,https://app.careerpuck.com/job-board/lyft/job/8863960002?gh_jid=8863960002,open
3ba9e8b8876b6338db97e64bc8616639c0e4d84a712a4aeca8c661d65448ba7e,Robinhood,Finance & Strategy Senior Analyst,"Chicago, IL; Menlo Park, CA; New York, NY",unstated,ai_product,mba_unknown,https://boards.greenhouse.io/robinhood/jobs/8211233?t=gh_src=&gh_jid=8211233,open
f26e3bd009088494264ccc4936c34e2df4212159a457822438f636e896e69cda,Robinhood,Fraud Investigator - Customer Protection,"Denver, CO; Lake Mary, FL",unstated,ai_product,mba_unknown,https://boards.greenhouse.io/robinhood/jobs/8186282?t=gh_src=&gh_jid=8186282,open
2320e0e1cdf91afcf31d92158e249161e9703194722f5186dbc955732b364cb5,Robinhood,"Manager of Data Science, Finance & Strategy","Menlo Park, CA",unstated,ai_product,mba_unknown,https://boards.greenhouse.io/robinhood/jobs/8180757?t=gh_src=&gh_jid=8180757,open
2def0591caaf0996d0fde6a28fece294e0eabc1cbba745a12a0ee26fdc8ac84a,Robinhood,"Customer Care, Program Manager","Chicago, IL; Denver, CO; Westlake, TX",unstated,ai_product,mba_unknown,https://boards.greenhouse.io/robinhood/jobs/8167971?t=gh_src=&gh_jid=8167971,open
12fd9880c9545aeee03c21de73756224820fff8077642bc7a88abd4f4ff2ed90,Robinhood,Financial Operations Manager,"Lake Mary, FL; New York, NY",unstated,other_mba_tech,mba_unknown,https://boards.greenhouse.io/robinhood/jobs/8164884?t=gh_src=&gh_jid=8164884,open
ddae9b6fcbd820e16a761e1867636bb27dbb74f4e37638d5d8e432020e6ac1ac,Robinhood,"Customer Experience Manager, Robinhood Concierge","Denver, CO; Westlake, TX",unstated,other_mba_tech,mba_unknown,https://boards.greenhouse.io/robinhood/jobs/8162169?t=gh_src=&gh_jid=8162169,open
b3eaa6edd3149b06a55fbe8feeadbb9c8d89a808f4d2467cd649c0bf11eda72d,Pinterest,"Client Account Manager II, Beauty CPG","New York, NY, US",unstated,ai_product,mba_unknown,https://www.pinterestcareers.com/jobs/?gh_jid=8223489,open
0862a82ed4c153d9eb8bbd32859c8dbe1b7236b218987202cc16bc534aa3bc28,Robinhood,Director of Benefits,"Chicago, IL; Menlo Park, CA; New York, NY",unstated,other_mba_tech,mba_unknown,https://boards.greenhouse.io/robinhood/jobs/8131201?t=gh_src=&gh_jid=8131201,open
47d3f2b036c235e88b3bf4183f9b74d5b1125a4e9615f144e2ac318f78841f16,Robinhood,Knowledge & Operational Readiness Lead,"Denver, CO; Westlake, TX",unstated,ai_product,mba_unknown,https://boards.greenhouse.io/robinhood/jobs/8112333?t=gh_src=&gh_jid=8112333,open
633e867445efe7d8a05230381dae1e33354069819d6281fb9191128037f7aba8,Robinhood,"Technical Accounting Manager, New Product","Menlo Park, CA; New York, NY",unstated,ai_product,mba_unknown,https://boards.greenhouse.io/robinhood/jobs/8076097?t=gh_src=&gh_jid=8076097,open
afcaee9e9c320a5518b36c4e65692f886826df31773754f21abbf3971429edf4,Robinhood,Senior Treasury Analyst,"Chicago, IL; Menlo Park, CA; New York, NY",unstated,other_mba_tech,mba_required,https://boards.greenhouse.io/robinhood/jobs/8072892?t=gh_src=&gh_jid=8072892,open
4e86d1899f2a4097213a57b2401d646d351f100b7b411790c61eb252efc3145e,Robinhood,Senior Compensation Analyst,"Chicago, IL; Menlo Park, CA; New York, NY",unstated,other_mba_tech,mba_unknown,https://boards.greenhouse.io/robinhood/jobs/8060703?t=gh_src=&gh_jid=8060703,open
124cf43351aa613934ed3614d12d3c4ee067ffe02107747c0ec7806d97c39459,Robinhood,Staff Data Scientist (People Analytics & Insights),"Chicago, IL; Menlo Park, CA; New York, NY",unstated,ai_product,mba_unknown,https://boards.greenhouse.io/robinhood/jobs/8072766?t=gh_src=&gh_jid=8072766,open
6d3b09748fcaaf52279ab636d0e98d3a8ae381241f764f70ca1116c9d8cb3f4a,Robinhood,Senior Tax Operations Analyst,"Menlo Park, CA; New York, NY",unstated,ai_product,mba_unknown,https://boards.greenhouse.io/robinhood/jobs/8048650?t=gh_src=&gh_jid=8048650,open
032164c690477780e3a18099b5940c069c5555a18921052742f6d315c7b4a2ad,Robinhood,Tax Operations Manager,"Menlo Park, CA; New York, NY",unstated,ai_product,mba_unknown,https://boards.greenhouse.io/robinhood/jobs/8042449?t=gh_src=&gh_jid=8042449,open
f794537ac57803ecf38c69f220099ffbbb94666f12ec0629ef7ce538b666c7fc,Airbnb,Senior Security Assurance Analyst,United States,unstated,other_mba_tech,mba_unknown,https://careers.airbnb.com/positions/8241536?gh_jid=8241536,open
d0e4237ed14fb85092f54d034420c84e7582bcdae9fd60ab3d7da1fe0e8b6c73,Robinhood,"Senior Product Manager, Money Movement","Menlo Park, CA",unstated,ai_product,mba_unknown,https://boards.greenhouse.io/robinhood/jobs/7747728?t=gh_src=&gh_jid=7747728,open
550126f689602716603f43bfe3aed6cdd9e18224f4a04d0d06d8ac02c11451e5,Robinhood,Short Term Planning Analyst,"Chicago, IL; Denver, CO; Westlake, TX",unstated,other_mba_tech,mba_unknown,https://boards.greenhouse.io/robinhood/jobs/7728367?t=gh_src=&gh_jid=7728367,open
bdd34e664820cd0ce87deb570692b208617e6d59643a2dc8a477b47d18e9a96b,Robinhood,"Deal Lead, Robinhood Ventures","Menlo Park, CA",unstated,ai_product,mba_unknown,https://boards.greenhouse.io/robinhood/jobs/7685092?t=gh_src=&gh_jid=7685092,open
c096052e075179450fabd8451deefdf0bc5c97ab86c77aeaa1a6ca804b72b1b9,Waymo,Automotive Testing Lead,"Mountain View, California, USA",unstated,other_mba_tech,mba_unknown,https://careers.withwaymo.com/jobs?gh_jid=7625366,open
fe77578232fa3c424254bc8c923ca105ab71c0f46ee2d41dffcb49cd109f4918,Airbnb,Regulatory Operations Lead,United States,unstated,other_mba_tech,mba_unknown,https://careers.airbnb.com/positions/7789528?gh_jid=7789528,open
9539e389a664dc6d6751782f7be57fdb8ad618abc8a75b1c55c2500162524b3f,Airbnb,"Senior Software Engineer, Native Mobile ","Remote, USA",unstated,other_mba_tech,mba_unknown,https://careers.airbnb.com/positions/8250093?gh_jid=8250093,open
de5547fb7766bb25d7712b15e5d98f37e4de602771b6d81205c06ae790d84e96,Instacart,"Senior Software Engineer II, Marketing Enablement & Technology",United States - Remote,unstated,ai_product,mba_unknown,https://instacart.careers/job/?gh_jid=8141533,open
c5a33d255c4f917a8cd95a914a2601c52dd425ed8c8a87e2b649bb1899d68b1f,Instacart,"Senior Account Manager, Retail Media",United States - Remote,unstated,other_mba_tech,mba_unknown,https://instacart.careers/job/?gh_jid=8214941,open
a99473572fa952217e568e2b6229ca43ca8fc603f0a4514bf7d25f89fa91b8ef,Samsara,Account Development Representative Intern - Atlanta,"Atlanta, Georgia, United States",unstated,ai_product,mba_unknown,https://www.samsara.com/company/careers/roles/8103119?gh_jid=8103119,open
de78d689d7278b3225cec89b91306ac585a33ac6fd72a922f973333f249a3a9a,ZoomInfo,"Program Manager, GTM Programs","Waltham, Massachusetts, United States",unstated,other_mba_tech,mba_unknown,https://www.zoominfo.com/careers?gh_jid=8864941002,open
a8e3a47470e54e6e193bb94ad5e9865c5d7e6baa9836e11b59ed386586c41da9,Pinterest,"Staff Product Manager, Applied Science - Representation Learning","San Francisco, CA, US; Remote, US",unstated,ai_product,mba_unknown,https://www.pinterestcareers.com/jobs/?gh_jid=8082033,open
464126366ba37b33fcf42e65bd2e6fecc90ce3cad6e5f67631721a2527ae4cf6,Waymo,"Product Manager, Fleet Management Tools","Mountain View, CA, USA; San Francisco, CA, USA",unstated,product,mba_unknown,https://careers.withwaymo.com/jobs?gh_jid=8073643,open
1de26d0b99df1cba465983e6fdfef0055bc59dc96e678d7256d5fe33670340f4,Squarespace,"Senior Product Director, Client Engagement Group","Remote, United States",unstated,ai_product,mba_unknown,http://www.squarespace.com/about/careers?gh_jid=8186452,open
f0f6c9d5697e67c4000ece91280a7ece6aba6c3a2670e65743d5fdf982ad14c7,Peloton,Copywriter II,"New York, New York",unstated,ai_product,mba_unknown,https://careers.onepeloton.com/en/all-jobs/?gh_jid=7568872,open
241176eabda50fe0b3afa7ac2f416ae5337c2e61c270aa1e9e9b41c8aa9eb941,Gusto,"Staff Software Engineer, Invoicing and Billing ","San Francisco, CA - Hybrid",unstated,ai_product,mba_unknown,https://job-boards.greenhouse.io/gusto/jobs/8204403,open
7d2346d9333a4e3b563625adf7efb4797b12d8bedddd4d1b3ce0e4a3d091c389,Gusto,"Staff Software Engineer, Business Insurance","New York, NY - Hybrid",unstated,ai_product,mba_unknown,https://job-boards.greenhouse.io/gusto/jobs/8110106,open
bed6caed604aa59b969cad13893ade69d60762a574b79f432d5b1b93467fc2ff,Gusto,"Staff Software Engineer, Pricing and Packaging Engineering","San Francisco, CA - Hybrid",unstated,ai_product,mba_unknown,https://job-boards.greenhouse.io/gusto/jobs/7943169,open
d1f63f772e3eaf5b6ec0524ed50db273d3a2a9ac30a5da0f988f32e9a28f5534,Gusto,Senior Staff Software Engineer - Pricing and Packaging,"San Francisco, CA - Hybrid",unstated,ai_product,mba_unknown,https://job-boards.greenhouse.io/gusto/jobs/7942791,open
b1df601e7f40cdd78992014bc34f17e9363040512b89fa0983f5ca88c34df74f,Gusto,"Staff Software Engineer, AI Voice and Content","San Francisco, CA - Hybrid",unstated,ai_product,mba_unknown,https://job-boards.greenhouse.io/gusto/jobs/7673999,open
bf6bc49a2969cecb191be153f1e4559e29bb931ba728ebeda9a4b29cb6a28313,Gusto,Head of Marketing - Symmetry,"Denver, CO - Hybrid; San Francisco, CA - Hybrid; Scottsdale, AZ - Hybrid",unstated,ai_product,mba_unknown,https://job-boards.greenhouse.io/gusto/jobs/8224182,open
8d43e638e8f025f73a05d01fa31b7f08f7c6a79eccb407de4940263dbc4a9e79,Pinterest,"Sr. Data Scientist, Marketing","San Francisco, CA, US; Remote, US",unstated,ai_product,mba_unknown,https://www.pinterestcareers.com/jobs/?gh_jid=8011376,open
799fe48433ae2ce1730e38dc6efa5a238c42c3b832fd5628e481d7ceaf33ecd1,Datadog,Senior Sales Engineer - Key Accounts,"California, USA, Remote; Illinois, USA, Remote; Massachusetts, USA, Remote; New York, USA, Remote",unstated,ai_product,mba_unknown,https://careers.datadoghq.com/detail/8238455/?gh_jid=8238455,open
ff495db994e67f57874deb5110dbce3d5076c06aec8e71e31aa4c1479fcd2512,Gusto,"AI/IT Controls Engineer, Enterprise Applications","Denver, CO - Hybrid; New York, NY - Hybrid; San Francisco, CA - Hybrid",unstated,other_mba_tech,mba_unknown,https://job-boards.greenhouse.io/gusto/jobs/7905578,open
faa90a7db6647271ef80a1733b76f379563dc924758bfa151f89261006b18b33,Gusto,Expansion Account Executive ,"Atlanta, GA - Hybrid; Denver, CO - Hybrid; Scottsdale, AZ - Hybrid",unstated,ai_product,mba_unknown,https://job-boards.greenhouse.io/gusto/jobs/8092462,open
fa69a5ba28038259e34acfdd2b22580aab89cf8cad981a062cca9c8655b08d81,Gusto,Licensing Program Manager,"New York, NY - Hybrid; San Francisco, CA - Hybrid",unstated,ai_product,mba_unknown,https://job-boards.greenhouse.io/gusto/jobs/8232302,open
f9c1abd71bdfef687ee7bf1cd8da9161a48e63fbdf2c061c31fda985ed3595ee,Gusto,"Staff Product Designer, HR Experiences","Denver, CO - Hybrid; New York, NY - Hybrid; San Francisco, CA - Hybrid",unstated,ai_product,mba_unknown,https://job-boards.greenhouse.io/gusto/jobs/7905702,open
f3610447fc9001e37152bccf52c861e7d401937f9fef27d02c880a9d74b60494,Gusto,Recruiting Operations and Transformation Lead,"Denver, CO - Hybrid; New York, NY - Hybrid; San Francisco, CA - Hybrid",unstated,ai_product,mba_unknown,https://job-boards.greenhouse.io/gusto/jobs/8209666,open
ef917735a42f982523992d89c1cc093ccca79780d2558fcb42d1121da9433f42,Gusto,Lead AV Engineer,"San Francisco, CA - Hybrid",unstated,ai_product,mba_unknown,https://job-boards.greenhouse.io/gusto/jobs/8171606,open
ec9fb83b6877885685ccce0a99cbd2e150566db428349fe719505b7303852a1c,Gusto,"Design Systems, Staff Product Designer","Denver, CO - Hybrid; New York, NY - Hybrid; San Francisco, CA - Hybrid",unstated,ai_product,mba_unknown,https://job-boards.greenhouse.io/gusto/jobs/8111984,open
e9f00b641cae49aaf458b5ea71b95976e9b0f8008dcceef472ff319dcbdb9514,Gusto,"Channel Partnerships Manager, Investor Ecosystems (VC & PE)","Atlanta, GA - Hybrid; Denver, CO - Hybrid; New York, NY - Hybrid; San Francisco, CA - Hybrid; Toronto, Ontario - Remote",unstated,other_mba_tech,mba_unknown,https://job-boards.greenhouse.io/gusto/jobs/8022493,open
e97f5dc28b28f2b8ab5de9c11eda8dc10d8d4c93f0b0cf2781a79a47dc517971,Gusto,Senior Compensation Manager,"San Francisco, CA - Hybrid",unstated,other_mba_tech,mba_unknown,https://job-boards.greenhouse.io/gusto/jobs/8174849,open
e7c9fa3bac40c071cfb4151862c7a66b4c0b91cb8c328289582145402f5ff152,Gusto,"Senior Staff Software Engineer, Benefits","New York, NY - Hybrid",unstated,ai_product,mba_unknown,https://job-boards.greenhouse.io/gusto/jobs/8204399,open
e7876776d878e5394bdc3b114f81dd6a7b008528aecef3fe81ba9cd20aaae243,Gusto,"Head of Product, New Customer Experience","San Francisco, CA - Hybrid",unstated,ai_product,mba_unknown,https://job-boards.greenhouse.io/gusto/jobs/8144242,open
e3c1965160eb30123f9a92c1ac8824d89933709432928b1e86c949c10c4deae6,Gusto,"Software Engineer, Payments","New York, NY - Hybrid; San Francisco, CA - Hybrid",unstated,ai_product,mba_unknown,https://job-boards.greenhouse.io/gusto/jobs/8104213,open
e036b499cb59256d6df97c2d37b55e9bf4cb403b5d1d210c5ac9e17cf2832cbb,Gusto,Staff Brand & Motion Designer,"Denver, CO - Hybrid; New York, NY - Hybrid; San Francisco, CA - Hybrid",unstated,ai_product,mba_unknown,https://job-boards.greenhouse.io/gusto/jobs/7728150,open
d397cf6de53d0fec57a624eded3db68f3572440f3a890184152f18da9cfc3120,Gusto,Senior Revenue Accountant,"Denver, CO - Hybrid; New York, NY - Hybrid; San Francisco, CA - Hybrid; Scottsdale, AZ - Hybrid",unstated,ai_product,mba_unknown,https://job-boards.greenhouse.io/gusto/jobs/7998368,open
cf1edb129052349c254fd6909754eb4a37dd82a2b0e54c563aaf8010a053ca7f,Gusto,Future Opportunities: Retirement Client Relationship Manager,"Denver, CO - Hybrid; New York, NY - Hybrid",unstated,ai_product,mba_unknown,https://job-boards.greenhouse.io/gusto/jobs/7984008,open
ce6e874521e0679e96dba041177af916b6d8e5affa37130eb10796df7487f52d,Gusto,WFM Capacity & Analytics Planner ,"Atlanta, GA - Hybrid; Denver, CO - Hybrid; Los Angeles, CA - Remote; Scottsdale, AZ - Hybrid",unstated,ai_product,mba_unknown,https://job-boards.greenhouse.io/gusto/jobs/8104180,open
cb58041f0c78930518db56eeefb7d7bea3466889b4d23492381fffc144f8a755,Gusto,Senior GTM Insights Analyst,"Atlanta, GA - Hybrid; Denver, CO - Hybrid; New York, NY - Hybrid; San Francisco, CA - Hybrid; Scottsdale, AZ - Hybrid; Toronto, Ontario - Remote",unstated,ai_product,mba_unknown,https://job-boards.greenhouse.io/gusto/jobs/8212226,open
c7ff13f80c9b825c4f1e11ec3692498e6be3eabb1687c5f18c8a5e85066b0439,Gusto,"Talent Development Leader, Foundational Talent Products","Denver, CO - Hybrid; San Francisco, CA - Hybrid",unstated,ai_product,mba_unknown,https://job-boards.greenhouse.io/gusto/jobs/8231833,open
c7a6bc0931a04acb903d81255271743f74cbbc533325d5e23ed5d29730d4c998,Gusto,Retirement Onboarding Coordinator,"Denver, CO - Hybrid",unstated,ai_product,mba_unknown,https://job-boards.greenhouse.io/gusto/jobs/7379039,open
c64bfe9e9a0ecd9280883627814a76ffa0b05e22a717f2bd88dd7c51d74b5c26,Gusto,Future Opportunities: Sales Onboarding Advocate,"Atlanta, GA - Hybrid; Denver, CO - Hybrid; Phoenix, AZ - Hybrid",unstated,ai_product,mba_unknown,https://job-boards.greenhouse.io/gusto/jobs/8227773,open
bef3711791dc8420ae5aa4428d716706d7ff9906cf44c17eac56e29c49c88836,Gusto,GTM Insights & Operations,"Denver, CO - Hybrid",unstated,ai_product,mba_unknown,https://job-boards.greenhouse.io/gusto/jobs/8167933,open
b9cd51648a9ffdb89ac09ff166aa16f79ead3b0fcb51fe97f8e782de4559a3c4,Gusto,"Staff Product Manager, Consumer Money - Consumer Banking","New York, NY - Hybrid; San Francisco, CA - Hybrid",unstated,ai_product,mba_unknown,https://job-boards.greenhouse.io/gusto/jobs/8160675,open
b7e0cf3b50c00376df75c99370c63ee54b6b0201792b521d5c78139fcada247d,Gusto,Participant Support Specialist,"Denver, CO - Hybrid; Scottsdale, AZ - Hybrid",unstated,ai_product,mba_unknown,https://job-boards.greenhouse.io/gusto/jobs/8142994,open
b659ad5b599e2011b22f394de49c78fa1db9316f69c78ef0b4bdb65811ae007a,Gusto,"Senior Staff Software Engineer, Money Group ","Denver, CO - Hybrid; New York, NY - Hybrid; San Francisco, CA - Hybrid",unstated,ai_product,mba_unknown,https://job-boards.greenhouse.io/gusto/jobs/7654934,open
b635dda7c8fdfa41c020d2c4f99174394dc6093b87de0ab70bdd13fa50da7286,Gusto,Senior Staff Engineer - Tax Platform Engineering,"Atlanta, GA - Hybrid; Austin, TX - Remote; Chicago, IL - Remote; Denver, CO - Hybrid; Los Angeles, CA - Remote; Miami, FL - Remote; New York, NY - Hybrid; San Francisco, CA - Hybrid; Seattle, WA - Remote",unstated,ai_product,mba_unknown,https://job-boards.greenhouse.io/gusto/jobs/8013480,open
b31273bdb254f0042ea290a808f18b8e4c930a6b86365e887d48a121316cda69,Gusto,"Staff Product Designer, Retirement","Denver, CO - Hybrid; New York, NY - Hybrid; San Francisco, CA - Hybrid",unstated,ai_product,mba_unknown,https://job-boards.greenhouse.io/gusto/jobs/7514758,open
afcb1f643785310873dd29ad30c6c729e9c17ce4b8bace2ede89bef3a4693a42,Gusto,"Staff Software Engineer, PEO Benefits","Denver, CO - Hybrid; New York, NY - Hybrid; San Francisco, CA - Hybrid",unstated,ai_product,mba_unknown,https://job-boards.greenhouse.io/gusto/jobs/7982781,open
ae18f985ed87c846be0cd4c30661add2d2ee5bedc129649b94599ed6a1f849b1,Gusto,"Customer Experience Specialist, Health Insurance Benefits","Denver, CO - Hybrid",unstated,ai_product,mba_unknown,https://job-boards.greenhouse.io/gusto/jobs/7983701,open
a3faef50fe7ad43bc4529f2adf2fa6087a66f7681555fe077da0590b48a78b64,Gusto,"Staff Software Engineer, HR Experience","New York, NY - Hybrid",unstated,ai_product,mba_unknown,https://job-boards.greenhouse.io/gusto/jobs/8168028,open
a3e478042da223b8d6b532dac472f2d31a30be00a4ea67af7725dc7817f4c97f,Gusto,"Staff Software Engineer, Tax Experiences","San Francisco, CA - Hybrid",unstated,ai_product,mba_unknown,https://job-boards.greenhouse.io/gusto/jobs/7918214,open
a0037b0f019604f6ff196909c0532af70dbab532d3e927e1ea7a2215fb58a721,Gusto,Business Development Representative ,"Denver, CO - Hybrid",unstated,ai_product,mba_unknown,https://job-boards.greenhouse.io/gusto/jobs/8002008,open
9d817e8dc377d80422174f8771483443a8ab485445ea74ff9ab02c2598b8b73f,Gusto,"PEO Sales, Account Executive","Atlanta, GA - Hybrid; Denver, CO - Hybrid; Phoenix, AZ - Hybrid; San Francisco, CA - Hybrid",unstated,ai_product,mba_unknown,https://job-boards.greenhouse.io/gusto/jobs/8008902,open
9c20bf35f00d51bb31631766e9342b97b8880dcea1748db9e7d378b36662dc74,Gusto,Summer Opportunities - Retirement Sales AE,"Denver, CO - Hybrid",unstated,ai_product,mba_unknown,https://job-boards.greenhouse.io/gusto/jobs/7833882,open
99898b9e8b16dbf48a96565909c5c4e9580267457906e0e41626a8e8185a6f70,Gusto,Payment Operations Manager,"New York, NY - Hybrid; San Francisco, CA - Hybrid",unstated,ai_product,mba_unknown,https://job-boards.greenhouse.io/gusto/jobs/8022501,open
9843101f1ed428f4ecf9c9cdbf9993a0c3b9ae74bcefdbdcb833121bad9df725,Gusto,"Staff Software Engineer, Time and Scheduling","New York, NY - Hybrid; Toronto, Ontario - Remote",unstated,ai_product,mba_unknown,https://job-boards.greenhouse.io/gusto/jobs/8077301,open
95d9079cde3c3aeee908baca5ab0ef2f42702ce37800bf286dcfb3998be92490,Gusto,WFM Resource Management & Analytics,"Atlanta, GA - Hybrid; Denver, CO - Hybrid; New York, NY - Hybrid; San Francisco, CA - Hybrid; Scottsdale, AZ - Hybrid",unstated,other_mba_tech,mba_unknown,https://job-boards.greenhouse.io/gusto/jobs/8104224,open
94314148d04679881d765c532cb2eb2801ed39c76709e8464fbde2437adb1b05,Gusto,R&D Insights and Operations - Growth,"San Francisco, CA - Hybrid",unstated,ai_product,mba_unknown,https://job-boards.greenhouse.io/gusto/jobs/8205633,open
93a16ac38ff0a437ebe3ee061d61be12dd4a867af1332f7ea679f6eb764aaee2,Gusto,"Data Scientist, Risk ","San Francisco, CA - Hybrid",unstated,ai_product,mba_unknown,https://job-boards.greenhouse.io/gusto/jobs/7656216,open
8fffcc9f37d40d10141320017b8982d9b7dd7402a838c43370058af7bbc8846e,Gusto,Sales Onboarding Advocate ,"Atlanta, GA - Hybrid; Denver, CO - Hybrid; Phoenix, AZ - Hybrid",unstated,ai_product,mba_unknown,https://job-boards.greenhouse.io/gusto/jobs/8175108,open
8f344c2199462e3667a2a28ad70aa7eb60f8b47d291d1d1695f7da00b5827608,Gusto,"Senior Product Manager, Tax Payments and Filing ","New York, NY - Hybrid; San Francisco, CA - Hybrid",unstated,ai_product,mba_unknown,https://job-boards.greenhouse.io/gusto/jobs/7674093,open
895542297ff0dc6c39d6c97c23a0368e053173d4329d5ddb7b7fc9b83e3f2d6d,Gusto,"Staff Software Engineer, Core AI Platforms","San Francisco, CA - Hybrid; Denver, CO - Hybrid; New York, NY - Hybrid",unstated,ai_product,mba_unknown,https://job-boards.greenhouse.io/gusto/jobs/7760341,open
866160bd08f3736077b36e32cc6c24799fc574a4caa201b0b81b008f58fb557c,Gusto,Account Coordinator (Retirement Sponsor Support),"Scottsdale, AZ - Hybrid",unstated,ai_product,mba_unknown,https://job-boards.greenhouse.io/gusto/jobs/8143038,open
8327ec857caac8d5e5d26eef8adda3f5918686702e51cf2df1b2e7021a08299d,Gusto,People Process Transformation Lead,"Denver, CO - Hybrid; New York, NY - Hybrid; San Francisco, CA - Hybrid",unstated,ai_product,mba_unknown,https://job-boards.greenhouse.io/gusto/jobs/8148634,open
8224390b3657cf9b14c6f2a81eba03dca42b12cfec00e0fcfa6522aba4cdcc87,Gusto,"Staff Product Manager, Business Money – SMB Banking","New York, NY - Hybrid; San Francisco, CA - Hybrid",unstated,ai_product,mba_unknown,https://job-boards.greenhouse.io/gusto/jobs/8168848,open
80ae600ad5f08b4622bb2a127e413067a1525feff69e51e7b94002bdb6aaa8a2,Gusto,"Senior Data Science Manager, Growth ","Denver, CO - Hybrid; New York, NY - Hybrid; San Francisco, CA - Hybrid",unstated,ai_product,mba_unknown,https://job-boards.greenhouse.io/gusto/jobs/7357545,open
7de64c8f1688b98a001c7e3bb7dfa1c776deb20dd901b1df6fe47be8da5dbbc5,Gusto,"Staff Software Engineer, Retirement AI","Denver, CO;San Francisco, CA;New York, NY",unstated,ai_product,mba_unknown,https://job-boards.greenhouse.io/gusto/jobs/7986047,open
7da40baadac8ef925ccc81d18631f646fe609f11879fd80bbf0fb44f42e31f9d,Gusto,"Staff Software Engineer, Financial Platform","Austin, TX - Remote; Burlingame, CA - Hybrid; Chicago, IL - Remote; Denver, CO - Hybrid; Los Angeles, CA - Remote; Miami, FL - Remote; New York, NY - Hybrid; San Francisco, CA - Hybrid; Seattle, WA - Remote",unstated,ai_product,mba_unknown,https://job-boards.greenhouse.io/gusto/jobs/8205075,open
7a38eb0ab3c15e1277b291935107259f9d2f13178b72eeffd4033695af001559,Gusto,Product Marketing Leader - Innovation & Experimentation,"Atlanta, GA - Hybrid; Burlingame, CA - Hybrid; Denver, CO - Hybrid; New York, NY - Hybrid; San Francisco, CA - Hybrid; Scottsdale, AZ - Hybrid",unstated,ai_product,mba_unknown,https://job-boards.greenhouse.io/gusto/jobs/8148547,open
79b56a973aebb770965c2432da622704caee0658fecdc073510c1a13da2c4d89,Gusto,"Partner Manager, Consumer Fintech Partnerships","Denver, CO - Hybrid; New York, NY - Hybrid; San Francisco, CA - Hybrid",unstated,ai_product,mba_unknown,https://job-boards.greenhouse.io/gusto/jobs/8189240,open
73ba8a968666a3b42cd179d2748557f7f4544f46cccf97ae8d69643f531381e0,Gusto,"Senior Staff UX Researcher, Quantitative","Denver, CO - Hybrid; New York, NY - Hybrid; San Francisco, CA - Hybrid",unstated,ai_product,mba_unknown,https://job-boards.greenhouse.io/gusto/jobs/8168907,open
6c0459a841207d42560d606a22d1a5d89c4830b91e21d8105cc2c832bc3060b0,Gusto,"Senior Product Design Manager, Payroll","Denver, CO - Hybrid; New York, NY - Hybrid; San Francisco, CA - Hybrid; Toronto, Ontario - Remote",unstated,ai_product,mba_unknown,https://job-boards.greenhouse.io/gusto/jobs/7254336,open
66edfc221dc2307e40df43aa8e702d8f4bb41aa73ba8e63fab616d12414f8eb6,Gusto,Executive Operations Partner,"Scottsdale, AZ - Hybrid",unstated,other_mba_tech,mba_unknown,https://job-boards.greenhouse.io/gusto/jobs/8205628,open
668931e301899c0ae713260dc5c9d32a01fbecc9ac2587417e9c2aacc12dcbe5,Gusto,"Software Engineer, ML Platform","Denver, CO - Hybrid; New York, NY - Hybrid; San Francisco, CA - Hybrid",unstated,ai_product,mba_unknown,https://job-boards.greenhouse.io/gusto/jobs/8073232,open
638a3f52ed431835998eedce4b1a56c280218e3fb50d9ab489663ebb10039c8f,Gusto,Retirement Offboarding Specialist ,"Denver, CO - Hybrid; Scottsdale, AZ - Hybrid",unstated,ai_product,mba_unknown,https://job-boards.greenhouse.io/gusto/jobs/8040766,open
61e2150a5e3959df57922fae04d3f096afe90bac8a7e116b2e04d058529b6915,Gusto,"Senior Manager, Head of Sales Data Science & Analytics ","Denver, CO - Hybrid; New York, NY - Hybrid; San Francisco, CA - Hybrid",unstated,ai_product,mba_unknown,https://job-boards.greenhouse.io/gusto/jobs/7283301,open
61989e8ca9d2d8eadedc20e623425974ab5c8b2f4706256f75e1f87af7c3f86a,Gusto,"Principal Product Manager, Unified Service Platform ","Denver, CO - Hybrid; New York, NY - Hybrid; San Francisco, CA - Hybrid",unstated,ai_product,mba_unknown,https://job-boards.greenhouse.io/gusto/jobs/7868243,open
5b5f44301d28116f67d0cc890c6976bf172bbdfab2d1b82abd931a8437c8464f,Gusto,Premier Account Partner,"Scottsdale, AZ - Hybrid",unstated,ai_product,mba_unknown,https://job-boards.greenhouse.io/gusto/jobs/8203030,open
59dbd984aebb191c6f3b72870de00084e4da979b58f1d0ab69d55b8a7cb11447,Gusto,Benefits Advising (Renewals) Leader,"Denver, CO - Hybrid",unstated,ai_product,mba_unknown,https://job-boards.greenhouse.io/gusto/jobs/8078212,open
598caf4bc34505b39183ee61967f45912df5dd79e5c6dcf1b74e88414277757f,Gusto,"Staff Software Engineer, Tax Accounts","Denver, CO - Hybrid; New York, NY - Hybrid; San Francisco, CA - Hybrid",unstated,ai_product,mba_unknown,https://job-boards.greenhouse.io/gusto/jobs/8039516,open
51e4109b7a9fa3bb3a3e3ca716f8f39be60daf54f1e0b8fd71b359ccf3f71d75,Gusto,"Staff Software Engineer, Core Products","New York, NY - Hybrid; San Francisco, CA - Hybrid",unstated,ai_product,mba_unknown,https://job-boards.greenhouse.io/gusto/jobs/8008696,open
517e88676c814802990e78b8c67c0ca494fe24863646a55aae93b0e426c96240,Gusto,"Partner Manager, Gusto Pro ","Atlanta, GA - Hybrid; Denver, CO - Hybrid; New York, NY - Hybrid; Phoenix, AZ - Hybrid; San Francisco, CA - Hybrid; Toronto, Ontario - Remote",unstated,ai_product,mba_unknown,https://job-boards.greenhouse.io/gusto/jobs/8189814,open
510b05726d24976d3999d772db6d58b42e6d919eeb980b4d9ab2a57f22e81435,Gusto,Sr. Sales Operations Analyst,"Atlanta, GA - Hybrid; Denver, CO - Hybrid; New York, NY - Hybrid; San Francisco, CA - Hybrid; Scottsdale, AZ - Hybrid; Toronto, Ontario - Remote",unstated,ai_product,mba_unknown,https://job-boards.greenhouse.io/gusto/jobs/8212233,open
4e56d61e1aa5163fc10f15ca2881b78f10be1764f96c057656eb6f88f7f29389,Gusto,Conversion Operations Associate,"Denver, CO - Hybrid",unstated,ai_product,mba_unknown,https://job-boards.greenhouse.io/gusto/jobs/8143042,open
4c403f04493ab2edb21d33993affd4c8a0e5087860a903f6a419a6742548a1ab,Gusto,"Principal Product Manager, AI Assistant","Denver, CO - Hybrid; New York, NY - Hybrid; San Francisco, CA - Hybrid",unstated,ai_product,mba_unknown,https://job-boards.greenhouse.io/gusto/jobs/8167750,open
3ba2dd1d3a8178ceae3e2a9aeb5a2d972bc9c03fe92e302ce0f759ed69402f2e,Gusto,People Technology Senior SWE,"Denver, CO - Hybrid; New York, NY - Hybrid; San Francisco, CA - Hybrid",unstated,ai_product,mba_unknown,https://job-boards.greenhouse.io/gusto/jobs/7947424,open
3b804439c0482d4c3f4f9ddf237219ed94b60fe9950671afcf1ba8a17d295b24,Gusto,"Staff Product Mobile Engineer, Business Money","Denver, CO - Hybrid; New York, NY - Hybrid; San Francisco, CA - Hybrid",unstated,ai_product,mba_unknown,https://job-boards.greenhouse.io/gusto/jobs/8192093,open
36f8ba4d7f0d53db1f90d642d971b73946756c01ab9b4b3bdd38bfe39d359929,Gusto,Compensation Partner,"San Francisco, CA - Hybrid",unstated,other_mba_tech,mba_unknown,https://job-boards.greenhouse.io/gusto/jobs/8241804,open
3613ad0d2cc1a9ff42765ca61b8f7daa33dfe45b6283cc99822a0e28a5ad51ab,Gusto,Health Insurance Sales Operations Analyst,"Atlanta, GA - Hybrid; Denver, CO - Hybrid; New York, NY - Hybrid; San Francisco, CA - Hybrid; Scottsdale, AZ - Hybrid",unstated,ai_product,mba_unknown,https://job-boards.greenhouse.io/gusto/jobs/8075901,open
2bf42387029d23b0ccb7ed862c3ce1ea033f355667dfa06820cb7d6c56738987,Gusto,"Senior Product Design Manager, Banking","Denver, CO - Hybrid; New York, NY - Hybrid; San Francisco, CA - Hybrid; Toronto, Ontario - Remote",unstated,ai_product,mba_unknown,https://job-boards.greenhouse.io/gusto/jobs/8168903,open
2b645a4031d481e263c752ee012931c4847739c98774d7db19e8d436480383da,Gusto,Expansion Account Manager Leader,"Atlanta, GA - Hybrid; Denver, CO - Hybrid; Phoenix, AZ - Hybrid",unstated,ai_product,mba_unknown,https://job-boards.greenhouse.io/gusto/jobs/8069947,open
24ef4bd2fd42b5710d39e838a05ca3c4fa1019afe31d0f7c2880a306ba73959a,Gusto,Staff Software Engineer- Tax Credits,"New York, NY - Hybrid",unstated,ai_product,mba_unknown,https://job-boards.greenhouse.io/gusto/jobs/8110113,open
23c34762e1a6cb43dccb1057b6fd7b7218a43cf0b64942ab524006d4184ed564,Gusto,HR Consultant,"Denver, CO - Hybrid",unstated,other_mba_tech,mba_unknown,https://job-boards.greenhouse.io/gusto/jobs/8001872,open
22df2311d91d469b4a48d6c245b4a5e1c061fab20c3d95b75dd49c757e5db4d4,Gusto,Future Opportunities: Channel Sales Experience,"Atlanta, GA - Hybrid; Denver, CO - Hybrid; Phoenix, AZ - Hybrid",unstated,ai_product,mba_unknown,https://job-boards.greenhouse.io/gusto/jobs/7773805,open
0f86912856279842804501aa1896b0db38c0cf1b5bfe55f2a70fd142d1b5f1a2,Gusto,Senior Data Engineer,"Denver, CO - Hybrid; New York, NY - Hybrid; San Francisco, CA - Hybrid",unstated,ai_product,mba_unknown,https://job-boards.greenhouse.io/gusto/jobs/8099751,open
0c292f07633e15824e8e21ae566b80c7d881e4741564bbb12d9182ca4f5dc0b4,Gusto,Head of Risk and Money Services,"Denver, CO - Hybrid; New York, NY - Hybrid; San Francisco, CA - Hybrid",unstated,ai_product,mba_unknown,https://job-boards.greenhouse.io/gusto/jobs/8158019,open
09f19f4313760c900bf1c4cf6462faceda0d8bdc02bec645b3fded39b5c311a9,Gusto,Employee Relations Partner,"Denver, CO - Hybrid; New York, NY - Hybrid; San Francisco, CA - Hybrid",unstated,other_mba_tech,mba_unknown,https://job-boards.greenhouse.io/gusto/jobs/7961009,open
09c4b8bcfbbd96463a8e3177af2d93e7eca7e08d87fdfde3cd85ea77bca28552,Gusto,Enterprise Application AI Engineer,"San Francisco, CA - Hybrid",unstated,ai_product,mba_unknown,https://job-boards.greenhouse.io/gusto/jobs/7369003,open
088664b47cbf29b331008a694dda22f06b1854c750ed1eab7f6bb55ae185734a,Gusto,"Senior Staff Product Designer, Finance","Denver, CO - Hybrid; New York, NY - Hybrid; San Francisco, CA - Hybrid",unstated,ai_product,mba_unknown,https://job-boards.greenhouse.io/gusto/jobs/6625049,open
06d22637b36340f69d428581f8de4638c9abdd414e63bd697a11ffe5f1561db4,Gusto,"Senior Performance Marketing Manager, Paid Social","Burlingame, CA - Hybrid; Denver, CO - Hybrid; New York, NY - Hybrid; San Francisco, CA - Hybrid; Scottsdale, AZ - Hybrid",unstated,ai_product,mba_unknown,https://job-boards.greenhouse.io/gusto/jobs/8180433,open
06bdab35419fdd95e9828975d1a32ace5b9843dda3b1893e11e07601afcdabb4,Gusto,Future Opportunities: Early Career Sales Talent,"Atlanta, GA - Hybrid; Denver, CO - Hybrid; Phoenix, AZ - Hybrid",unstated,ai_product,mba_unknown,https://job-boards.greenhouse.io/gusto/jobs/8001931,open
06a41b8450b346c173e6da1afcae934c5e1507a6220743783bd17ec5a3b450f7,Gusto,"Senior Manager, Escalation Services","Denver, CO - Hybrid; Scottsdale, AZ - Hybrid",unstated,ai_product,mba_unknown,https://job-boards.greenhouse.io/gusto/jobs/8211813,open
01d66a9797c7e312a700da01988a511a63d1ba8e46233031ebee810c4beeaae6,Gusto,Payment Operations Analyst ,"San Francisco, CA - Hybrid; Seattle, WA - Remote",unstated,ai_product,mba_unknown,https://job-boards.greenhouse.io/gusto/jobs/8180461,open
00d71e1cb68662ac5977a77a4cbabe3359828339687cfc8a2f945065cffdb958,Gusto,"Staff Software Engineer, Gusto Solo","San Francisco, CA - Hybrid",unstated,ai_product,mba_unknown,https://job-boards.greenhouse.io/gusto/jobs/8208422,open
a8378ccfeed3d0b56a25107e574f0e48452738aee96de250183180d2d2a9e99d,Waymo,"Senior Software Engineer, Vehicle Interaction","Mountain View, CA, USA",unstated,ai_product,mba_unknown,https://careers.withwaymo.com/jobs?gh_jid=8249941,open
b3e5e5651fef287635475d3f9e020b5d5393cca2656f47ce6fa552d289a08674,Datadog,Enterprise Security Sales Specialist,"District of Columbia, USA, Remote; North Carolina, USA, Remote",unstated,ai_product,mba_unknown,https://careers.datadoghq.com/detail/7132132/?gh_jid=7132132,open
3f085b64e565bbb5d39a2ce3e583aae15ad020a99ccff642dea7723fa387512d,Datadog,Enterprise Security Sales Specialist,"New York, New York, USA",unstated,ai_product,mba_unknown,https://careers.datadoghq.com/detail/7129425/?gh_jid=7129425,open
6a0341ff51a3c504e7b2b75fa2f368e497e7520ddfe201017048a8a0dcb9f229,Figma,Data Scientist  ,"San Francisco, CA • New York, NY • United States",unstated,ai_product,mba_unknown,https://boards.greenhouse.io/figma/jobs/5552580004?gh_jid=5552580004,open
c20b891bf712f135f6daf724cb3c62a1ed1ba56094f67894aa4d991e1e520059,Stripe,Client Platform Security Engineer,"New York, New York ",unstated,other_mba_tech,mba_unknown,https://stripe.com/jobs/search?gh_jid=7982720,open
15a7a0b0cc99d6ce16eaf7bf085426df8730531ad7603234259e386eda321894,Okta,Strategic Account Executive ,Texas,unstated,other_mba_tech,mba_unknown,https://www.okta.com/company/careers/opportunity/8054427?gh_jid=8054427,open
4596cbe1853f9226a94dd35ff786ae68f507f46797e13aafd1bde52582dc0ec3,Stripe,"Account Executive - Enterprise, Growth","Chicago, IL ",unstated,other_mba_tech,mba_unknown,https://stripe.com/jobs/search?gh_jid=8178881,open
8c125fd47ca465e9e81f72f628d0f3f956450b0c431668ac759c8ea1cdc9c20d,Pinterest,"Staff Software Engineer, Ads & Core Serving Platform","Palo Alto, CA, US; San Francisco, CA, US",unstated,ai_product,mba_unknown,https://www.pinterestcareers.com/jobs/?gh_jid=8055266,open
05e402b2e7949f634a374b81dac7af00115c486c98f26ce2d46c09c7e41aa78b,Scale AI,COLM 2026 - General Interest,"San Francisco, CA; Seattle, WA; New York, NY",unstated,other_mba_tech,mba_unknown,https://job-boards.greenhouse.io/scaleai/jobs/4736877005,open
73f3cfc9d15d36cdb361a1aa88ed35ae4720ff55bed6c33a3ea041fc1837d712,Pinterest,"Staff Software Engineer, Observability","San Francisco, CA, US; Remote, US",unstated,ai_product,mba_unknown,https://www.pinterestcareers.com/jobs/?gh_jid=7954753,open
a9bab16c2bbda73a367aff364f14fc312a1f251abac2c80467b6752ef96fa743,Robinhood,"Senior Product Manager, Gold Growth","Menlo Park, CA; New York, NY",unstated,ai_product,mba_unknown,https://boards.greenhouse.io/robinhood/jobs/8247333?t=gh_src=&gh_jid=8247333,open
6a469ccda41041e0336fbbc2e11f9acf30b021ef92ed00be846ede4bd9a11a93,Flexport,"Manager, Ocean Freight","Bellevue, Washington, United States; San Francisco, California, United States",unstated,other_mba_tech,mba_unknown,https://job-boards.greenhouse.io/flexport/jobs/8222058,open
7f94b2f72b6d9b00578403036335c1aabf8f204b1032732d94b417ee54775fd9,Flexport,"Manager, Ocean Freight","Denver, Colorado, United States",unstated,other_mba_tech,mba_unknown,https://job-boards.greenhouse.io/flexport/jobs/8222037,open
16161e58ea89f2d752cfb80fdc9f0988224cd42dab65feb23919d5f1e63e7718,ZoomInfo,"Senior Manager, FP&A","Bethesda, Maryland, United States; Vancouver, Washington, United States; Waltham, Massachusetts, United States",unstated,ai_product,mba_required,https://www.zoominfo.com/careers?gh_jid=8568085002,open
11c53ded5a7570652e6fd8047899b8dd7a0a5cbf7b3487aa51ef5ac9c73b3533,Stripe,"Account Executive, Funded Startups — Hunter, (Italian Speaker)",Milan OR Madrid ,unstated,other_mba_tech,mba_unknown,https://stripe.com/jobs/search?gh_jid=8121419,open
f06cee478f242180b876ee5c04d8fd37a08933f733575d9e5b68e957c14394fc,Airbnb,"Senior Fullstack Engineer, Tech Foundations",United States,unstated,ai_product,mba_unknown,https://careers.airbnb.com/positions/8241882?gh_jid=8241882,open
6f585137acf3250017a4ebefd3a1f8d5c24bb54621c4fec76cfd692a95abdcdf,Figma,Payroll Program Manager,"San Francisco, CA • New York, NY • United States",unstated,ai_product,mba_unknown,https://boards.greenhouse.io/figma/jobs/6214991004?gh_jid=6214991004,open
1dc399210727463d4f55017e6fb4c7555a770fb38339dd546eed4edf9f58f004,Airbnb,"Senior Analytics Engineer, Airbnb.org",United States,unstated,other_mba_tech,mba_unknown,https://careers.airbnb.com/positions/8249633?gh_jid=8249633,open
3e3e36cf7afea37726e84482edb29d5da2f7ec732815fe1e4fac4114dadbadc2,Chime,"Senior Director, Strategy and Growth Initiatives","San Francisco, CA, USA",unstated,other_mba_tech,mba_required,https://boards.greenhouse.io/chime/jobs/8529549002?gh_jid=8529549002,open
98730eecc707dc18403702e28c9167b7c7a21fefa227aa51775523103587b00e,Brex,"Senior Director, Mid Market Sales ","Seattle, Washington, United States",unstated,ai_product,mba_unknown,https://www.brex.com/careers/8868453002?gh_jid=8868453002,open
13ede79f02ad994689cd2a989fe99bc0dcdadf78324cb2ee127a11d355230d5d,Brex,"Senior Director, Mid Market Sales ","New York, New York, United States",unstated,ai_product,mba_unknown,https://www.brex.com/careers/8868450002?gh_jid=8868450002,open
615374816ce67f2cfddf2196fadce4c99bb8bcec957d059d76dadf0999a31f23,Brex,"Senior Director, Mid Market Sales ","San Francisco, California, United States",unstated,ai_product,mba_unknown,https://www.brex.com/careers/8856842002?gh_jid=8856842002,open
3af836632536656aede587182d69262576ba40968be989621afd7792b6d5b607,Pinterest,"Staff Product Manager, Measurement Partner Optimization","San Francisco, CA, US; Los Angeles CA, US; New York, NY, US",unstated,ai_product,mba_unknown,https://www.pinterestcareers.com/jobs/?gh_jid=8239954,open
4a3d039551e1bcfd7cd0875a18452f10d06fd0ade421cb5ee944394a0fe3504b,Pinterest,"Sr. Staff Software Engineer, Notifications & Growth Platform ","San Francisco, CA, US; Remote, US",unstated,ai_product,mba_unknown,https://www.pinterestcareers.com/jobs/?gh_jid=7770946,open
8da6e3450a468850c67791fc634a5371d8f8032fea7b06e78362f531000ef0db,Chime,"Tech Lead Manager, Human Agent Tooling","San Francisco, CA, USA",unstated,ai_product,mba_unknown,https://boards.greenhouse.io/chime/jobs/8525743002?gh_jid=8525743002,open
3d759934aa108078b21a90dae5fd8d033f9a1806cd328aac846e891ff5915969,Attentive,"Staff Software Engineer, Compute and Network",United States,unstated,other_mba_tech,mba_unknown,https://job-boards.greenhouse.io/attentive/jobs/4424815009,open
65f2361195c99d9fbc936b06bc610c1a4c3284e8fe66566a88a25cc276898f2e,Robinhood,"Senior Product Designer, Sports","Menlo Park, CA; New York, NY",unstated,ai_product,mba_unknown,https://boards.greenhouse.io/robinhood/jobs/8159896?t=gh_src=&gh_jid=8159896,open
a174fe6962b72802194cec6eb1e181073425a82fc19a00459be5031137688f0e,Datadog,"Senior Group Manager, Experience Design","New York, New York, USA",unstated,ai_product,mba_unknown,https://careers.datadoghq.com/detail/8221667/?gh_jid=8221667,open
e47091cd2e30e81b1cadb2e0d70bf5d3d5b05793c86fa9c766c5a3444d1700bb,Waymo,"Staff Machine Learning Engineer(TLM), Driver Understanding and Evaluation","Mountain View, CA, USA; New York, NY, USA",unstated,ai_product,mba_unknown,https://careers.withwaymo.com/jobs?gh_jid=7442152,open
7b42149b59b0a5ca6c8998c3067a9cf952cde67cb8b6d82d75f6a60ac31a7b3a,SoFi,Cash Management Implementation Manager,UT - Cottonwood Heights; FL - Jacksonville,unstated,other_mba_tech,mba_unknown,https://sofi.com/careers/job/7990706003?gh_jid=7990706003,open
ce62f8c181e119ce46f77364f2a8520d200c36ee0201965291226265d2a82692,Airbnb,"Senior Platform Product Manager, Trust and Safety",United States ,unstated,ai_product,mba_unknown,https://careers.airbnb.com/positions/8029984?gh_jid=8029984,open
b6dd1dec1d8119da6311d6dd75fae9307ef2f64177b6b09474773efb5dd46f08,Airbnb,"Senior Platform Product Manager, Payment Platform Accounts",United States ,unstated,ai_product,mba_unknown,https://careers.airbnb.com/positions/8082863?gh_jid=8082863,open
184edd6c394b9b74610e5584ac9705a339f4197acb6a0699a857b5c8c710ef08,Braze,"Director of Sales, Scale for Media, Entertainment, Gaming and Sports",New York City,unstated,ai_product,mba_unknown,https://job-boards.greenhouse.io/braze/jobs/8092357,open
766b2e48c0af5ca8081e51f5b0b667971502d9853f3eff18d10f3144279857c0,Datadog,Senior Sales Engineer - Majors (Central),"Illinois, USA, Remote; Texas, USA, Remote",unstated,ai_product,mba_unknown,https://careers.datadoghq.com/detail/8238457/?gh_jid=8238457,open
09f8f40d318c97adb8e29dd7ee21051689dff250a35780d3b7a43d25e38e4aa6,Faire,Staff Security Engineer - Bot & Traffic Defence,"San Francisco, CA",unstated,ai_product,mba_unknown,https://boards.greenhouse.io/faire/jobs/8868316002?gh_jid=8868316002,open
b4780920dbb6eb79385ecfc5e82e5c716752c868d403322c1824c58b0bfe8200,Braze,"VP, Product Engineering",New York City,unstated,ai_product,mba_unknown,https://job-boards.greenhouse.io/braze/jobs/8186643,open
334f51bd0cf57d99c01f87963bc53cd85790c98d68ddbf44a95f716f7eb6a8bd,Klaviyo,"Account Executive, Large Enterprise","Austin, TX",unstated,ai_product,mba_unknown,https://www.klaviyo.com/careers/jobs/8013149003?gh_jid=8013149003,open
20584b647f5e541a61cacdd068dd2c1ff19062f411107fce26e4db9b649decc9,Klaviyo,"Account Executive, Large Enterprise","Miami, FL",unstated,ai_product,mba_unknown,https://www.klaviyo.com/careers/jobs/8013143003?gh_jid=8013143003,open
e04d1253f4ee7d17e3c8878ea878d807ba58f88bbbd63fdeae236b7a6125bfe7,Klaviyo,"Account Executive, Large Enterprise","San Diego, CA",unstated,ai_product,mba_unknown,https://www.klaviyo.com/careers/jobs/8013140003?gh_jid=8013140003,open
4a19adfc4f86c627fc8aa5ebcb8833092acd2a8f6b92f16216a6202b19353597,Klaviyo,"Account Executive, Large Enterprise","Los Angeles, CA",unstated,ai_product,mba_unknown,https://www.klaviyo.com/careers/jobs/8013137003?gh_jid=8013137003,open
359714a5b1d2ecaed0d62793f15c71bfc4b6821994e8718a9f73d88e96fdea59,Klaviyo,"Account Executive, Large Enterprise","Salt Lake City, UT",unstated,ai_product,mba_unknown,https://www.klaviyo.com/careers/jobs/8013132003?gh_jid=8013132003,open
56e2971ff2b9c5b6c60c490fb7c4fc49e56c6b47d9a7c6129048278528b546af,Okta,"Senior Software Engineer, Data Platform","Bellevue, Washington",unstated,other_mba_tech,mba_unknown,https://www.okta.com/company/careers/opportunity/8239380?gh_jid=8239380,open
9bf026b654fce32d7d692a0a83cf06d03f1e52ef31297214fccb963d3d0ef176,Klaviyo,"Account Executive, Large Enterprise","Chicago, IL",unstated,ai_product,mba_unknown,https://www.klaviyo.com/careers/jobs/8013125003?gh_jid=8013125003,open
bc1145574db4b7fa2517937547ba1825c157d1f455f590e65306f8a8809b0ca5,Klaviyo,"Account Executive, Large Enterprise","San Francisco, CA",unstated,ai_product,mba_unknown,https://www.klaviyo.com/careers/jobs/8013119003?gh_jid=8013119003,open
d1d4e3bd4c10c976b0a3cf60cb7a8cf67dc66bd4ff0bedbd91a26a426c27d64f,SoFi,Senior Manager Credit Operations,TX - Frisco,unstated,ai_product,mba_unknown,https://sofi.com/careers/job/7800206003?gh_jid=7800206003,open
e96038233dead082a8b743bfc746ebb97263137f916bbb31f1753ac242cca422,Rubrik,"Senior IT Product Manager, CPQ","Palo Alto, CA",unstated,ai_product,mba_unknown,https://www.rubrik.com/company/careers/departments/job.8130460?gh_jid=8130460,open
ea3a4fba4353f5d661c7148f3080ca663d2f6bde6794fa2d927dcf15adec2f07,Stripe,"Specialist Solutions Architect, Crypto & Stablecoins",US-NY,unstated,other_mba_tech,mba_unknown,https://stripe.com/jobs/search?gh_jid=7120766,open
7e3226b3492a0a235876c0103b8fd49b8448c1d246103efb04a4af214897d66d,Betterment,B2C Acquisition Marketing Manager ,Betterment HQ - New York City,unstated,product_marketing,mba_unknown,https://www.betterment.com/careers/current-openings/job?gh_jid=8246279&gh_jid=8246279,open
03199ab430e00a8bf04c8f4da854c8574d6bade58557941f1b788df7fdf93590,Klaviyo,"Account Executive, Large Enterprise","Denver, CO",unstated,ai_product,mba_unknown,https://www.klaviyo.com/careers/jobs/8013033003?gh_jid=8013033003,open
9718284fef010cbaaa58d7c23c7808cbc80c63b11d55cbdc264d828228d78354,Klaviyo,"Account Executive, Large Enterprise","New York, NY",unstated,ai_product,mba_unknown,https://www.klaviyo.com/careers/jobs/8013032003?gh_jid=8013032003,open
787767aa39c242d464f0850fb5692238f85b94c7adc4861187863efe4fb27efa,Datadog,Social Media Manager,"New York, New York, USA",unstated,ai_product,mba_unknown,https://careers.datadoghq.com/detail/8137729/?gh_jid=8137729,open
05805538d08ae6a3564f220e78fd63a34a9992cef697f7bf4d25299316da03ae,Peloton,"Manager, Dimensional & Metrology Engineering","Linden, New Jersey",unstated,ai_product,mba_unknown,https://careers.onepeloton.com/en/all-jobs/?gh_jid=7718331,open
356e43720184fdad34071b80b5349ab32a16d87783dc4fe96a410cda7feb5452,Lyft,"Operations Specialist, Bluebikes","Boston, MA",unstated,other_mba_tech,mba_unknown,https://app.careerpuck.com/job-board/lyft/job/8693503002?gh_jid=8693503002,open
dcf8be09a73565f402a363b424f820e869374df2afb2519a93c567c938e1fe50,Lyft,"Operations Specialist, Capital Bikeshare","Washington, DC",unstated,other_mba_tech,mba_unknown,https://app.careerpuck.com/job-board/lyft/job/8689228002?gh_jid=8689228002,open
a9e2efad4216b30f84c853488afdef23fed0fd3900038800ae80cce272fa5a6f,Lyft,"Investigator, Global Security","Nashville, TN",unstated,other_mba_tech,mba_unknown,https://app.careerpuck.com/job-board/lyft/job/8675426002?gh_jid=8675426002,open
747ea21b879bf892aad95f14b8e4985eb75adc567f740904d0b8ddb6569547eb,Asana,"Enterprise Account Executive, Federal Civilian",US DC - Remote,unstated,other_mba_tech,mba_unknown,https://www.asana.com/jobs/apply/8250135?gh_jid=8250135,open
55581d941e43c5fc345a957ac4de7da6493db492aa2cebaa2713db42e0ad1c91,Lyft,Internal Audit Manager,"San Francisco, CA",unstated,other_mba_tech,mba_unknown,https://app.careerpuck.com/job-board/lyft/job/8588463002?gh_jid=8588463002,open
e795f4643903a7da06a2e0067044c0233d3bc5ea5bbb2cdab1e8e3bfaf020a9e,Rubrik,Channel/Partner Sales Engineer - Southeast,"Atlanta, GA",unstated,other_mba_tech,mba_unknown,https://www.rubrik.com/company/careers/departments/job.8220615?gh_jid=8220615,open
d32fff59de2403adbcfc7735637f9dbe27e6d57a5c94ddb39542995911e62bf2,Waymo,"Software Engineer, Weather Monitoring","San Francisco, CA; Mountain View, CA",unstated,other_mba_tech,mba_unknown,https://careers.withwaymo.com/jobs?gh_jid=8249801,open
e604403f699eb59775f719d881f84b7fd3b5a273dbb1a5070f910eb0af86522f,Attentive,"Senior Customer Success Manager, Strategic - East",United States,unstated,ai_product,mba_unknown,https://job-boards.greenhouse.io/attentive/jobs/4407809009,open
b5b6dbf01833468a1e211007c340acada84efc5aa6793b9e24d31cd61d68c72f,Pinterest,"Engineering Manager II, Media Rendering","San Francisco, CA, US; Remote, US",unstated,ai_product,mba_unknown,https://www.pinterestcareers.com/jobs/?gh_jid=8051472,open
a1f7739d2b4506b06f07fce21116fe04ce3aeea4147ff880f40a52dd6246ae0d,Lyft,"Senior Machine Learning Engineer, Recommendations","San Francisco, CA",unstated,ai_product,mba_unknown,https://app.careerpuck.com/job-board/lyft/job/8430552002?gh_jid=8430552002,open
7bd88d904906d78ffb9c26dcfe184c4d399e9c37490291698bd5708f4e36c717,Datadog,Staff Product Manager- Self Improving Software,"New York, New York, USA",unstated,ai_product,mba_unknown,https://careers.datadoghq.com/detail/8174592/?gh_jid=8174592,open
a1efdc881f1cb9a8cf94b6610bd50c3edd01bc9b7b2ebb2408418f48558d47a1,Peloton,Electrical Engineer III,"Woodinville, Washington",unstated,ai_product,mba_unknown,https://careers.onepeloton.com/en/all-jobs/?gh_jid=8223432,open
70b290e9b7bcc867a0b93690e2ac5c8b7f64639962ebfa859d9e3656867bf304,Pinterest,"Sr. Staff Software Engineer, Pinterest Assistant","San Francisco, CA, US; Remote, US",unstated,ai_product,mba_unknown,https://www.pinterestcareers.com/jobs/?gh_jid=8088867,open
260fff8797b43b1709da39fe556caea20eb83ff781c7385ef8f72cfb4cc3118a,Stripe,"Engagement Manager, Professional Services","United States, US-Remote",unstated,other_mba_tech,mba_unknown,https://stripe.com/jobs/search?gh_jid=8209649,open
5e990cea5b4dddf0c2d631592afc4a72be77a0bfbea86df2436bc683ec16b8fc,Klaviyo,"Account Executive, Large Enterprise","Boston, MA",unstated,ai_product,mba_unknown,https://www.klaviyo.com/careers/jobs/8004340003?gh_jid=8004340003,open
1c70339c1b570df7c229706d52d2ed40083c968c808e55ad51ed61f858459d6f,Klaviyo,Senior Software Engineer - Data Platform,"Boston, MA",unstated,other_mba_tech,mba_unknown,https://www.klaviyo.com/careers/jobs/7997137003?gh_jid=7997137003,open
6e123444a9bd79e3e49b41890f1efe2a9bcaa9c473567518ec10cdeb991dd210,Klaviyo,Senior Lead Software Engineer - Data Platform,"Boston, MA",unstated,ai_product,mba_unknown,https://www.klaviyo.com/careers/jobs/7809608003?gh_jid=7809608003,open
853425bd11a6c53dfaec2751e6950163d4a8b8cb8383e00bf8b940efee729c64,Klaviyo,"Sr. Lead Engineer, Applied AI (Customer Agent)","Boston, MA",unstated,ai_product,mba_unknown,https://www.klaviyo.com/careers/jobs/7802698003?gh_jid=7802698003,open
23a51fa705677ea68f474dd7627c4e0eb8663e2f4f93185dd7ebbb3239209008,Klaviyo,"Sr. Staff Engineer, Applied AI (Customer Agent)","Boston, MA",unstated,ai_product,mba_unknown,https://www.klaviyo.com/careers/jobs/7861870003?gh_jid=7861870003,open
f07fdf78749a38a6d4ff3a41c746388750960bdc8e8e4e98d2c3f72b2a6c7876,Klaviyo,"Sr. Staff Engineer, Applied AI (Customer Agent)","Boston, MA",unstated,ai_product,mba_unknown,https://www.klaviyo.com/careers/jobs/7861843003?gh_jid=7861843003,open
bdf13fb5872e043b9619f64550f4cfac00c652be20ba6ec9e72ed051e2a1191b,Klaviyo,"Sr. Lead Engineer, Applied AI (Customer Agent)","Boston, MA",unstated,ai_product,mba_unknown,https://www.klaviyo.com/careers/jobs/7780010003?gh_jid=7780010003,open
04ea7f17eb08089f9fa53452f238aa83375dcb74c9d2708998b8662e5f9b8294,Klaviyo,"Senior Software Engineer, Customer Agent","Boston, MA",unstated,ai_product,mba_unknown,https://www.klaviyo.com/careers/jobs/7780009003?gh_jid=7780009003,open
b373feee76995625afb98d502861a3470d1e1f010d8186dbd8891bbfab98fb90,Klaviyo,"Senior Software Engineer, Platform Engineering","Boston, MA",unstated,ai_product,mba_unknown,https://www.klaviyo.com/careers/jobs/7783904003?gh_jid=7783904003,open
1c0d4024533f31168c70df35fa2058130b7a40954e8acc478d82c2c31cca98a6,Klaviyo,Senior Software Engineer - Infrastructure Security,"Boston, MA",unstated,ai_product,mba_unknown,https://www.klaviyo.com/careers/jobs/7777369003?gh_jid=7777369003,open
0f7adbc662aa0fc86ca9ad2026aa1e2ec9f5fd4ea9b5a6cca546898c4f33c498,Klaviyo,Senior Software Engineer - Developer Infrastructure,"Boston, MA",unstated,other_mba_tech,mba_unknown,https://www.klaviyo.com/careers/jobs/7711217003?gh_jid=7711217003,open
d9768142c9ffc65563a3d69c67b5b7cd67348de39d929417574917b446bb40a6,Klaviyo,"Sr. Software Engineer, AI Enablement","Boston, MA",unstated,ai_product,mba_unknown,https://www.klaviyo.com/careers/jobs/7688416003?gh_jid=7688416003,open
b0111679b14d8e757a6fc89582ce9e9ee9ad42159f723956721f6367016ebb12,Klaviyo,Senior Software Engineer - Customer Agent,"Boston, MA",unstated,ai_product,mba_unknown,https://www.klaviyo.com/careers/jobs/7695230003?gh_jid=7695230003,open
65ce830e4f968a2df8443df8f4bf2bfc79c0388df39905db1aa999818654d07b,Klaviyo,"Senior Software Engineer - Profiles, Lists and Segments","Boston, MA",unstated,ai_product,mba_unknown,https://www.klaviyo.com/careers/jobs/7597868003?gh_jid=7597868003,open
0dbabe5f2aed2aff925c6e53f7a6be5cee3c5c21510228ca7d63ed233871f702,Samsara,Account Development Representative II,"Atlanta, Georgia, United States",unstated,ai_product,mba_unknown,https://www.samsara.com/company/careers/roles/8094367?gh_jid=8094367,open
6a8a2f9e435d6b44cd3e950a569769fb4dfcca7ff391fdfbe186346b8bed40c4,Rubrik,Customer Resilience Manager - Customer Success (Remote),US Remote,unstated,ai_product,mba_unknown,https://www.rubrik.com/company/careers/departments/job.8139779?gh_jid=8139779,open
c62f52a6db21a357334e5e3b712a4159c3bc4a1ed29a257302c19cb48c8a06e5,Stripe,"Software Engineer, Revenue and Financial Automation","San Francisco, New York City, Seattle, Chicago, US-Remote",unstated,other_mba_tech,mba_unknown,https://stripe.com/jobs/search?gh_jid=8127182,open
5f3f7cd76f5444f1c3d9bc823584a1b1e787ab275ae4833acf8354d0bca6f194,Duolingo,"Staff Product Designer, Monetization","New York, NY; Pittsburgh, PA",unstated,other_mba_tech,mba_unknown,https://careers.duolingo.com/jobs/8729596002?gh_jid=8729596002,open
e11ba614d695395ea4c7a1715b2bb672489baab53f622c4029b7a5ca5886c4cd,Duolingo,Staff AI Research Engineer ,"New York, NY; Pittsburgh, PA",unstated,ai_product,mba_unknown,https://careers.duolingo.com/jobs/8610345002?gh_jid=8610345002,open
045a4c1c63417d1a8c32961c5961b3a205bb108d70b120cc74aeabe6325b3baf,Robinhood,Margin Specialist,"Chicago, IL; Denver, CO; Lake Mary, FL; New York, NY",unstated,ai_product,mba_unknown,https://boards.greenhouse.io/robinhood/jobs/8171008?t=gh_src=&gh_jid=8171008,open
358df2aa7af48db3428a91b4e5598105add2baab0b8a28f8cf3afa927197ce21,Robinhood,Compliance Operations Specialist,"Chicago, IL; Denver, CO; Lake Mary, FL; New York, NY",unstated,other_mba_tech,mba_unknown,https://boards.greenhouse.io/robinhood/jobs/8077864?t=gh_src=&gh_jid=8077864,open
8d2bd043bb57fe0852a6df42bfefc85fa0eb8fbc0c21f97a636dca089751d40d,Robinhood,Senior Underwriting Associate,"Chicago, IL; Denver, CO; Lake Mary, FL; New York, NY",unstated,other_mba_tech,mba_unknown,https://boards.greenhouse.io/robinhood/jobs/7979657?t=gh_src=&gh_jid=7979657,open
28f36ce240eca6e05895b85cf4bfe08a4d7605a1b61c8e415499a1d8b4fbbc61,Chime,"Tech Lead Manager, Data","San Francisco, CA, USA",unstated,ai_product,mba_unknown,https://boards.greenhouse.io/chime/jobs/8606606002?gh_jid=8606606002,open
d9237323d15be270bba75e97065649ee44fa4565eac12917c0fde5aa059d5049,Datadog,Recruiting Coordinator,"Boston, Massachusetts, USA; New York, New York, USA",unstated,ai_product,mba_unknown,https://careers.datadoghq.com/detail/8247346/?gh_jid=8247346,open
86306d835385bb231b5d8b897e62f52be1c1312656fab4f816c8c7d30e8558c6,Klaviyo,Software Engineer II - Recommendations,"Boston, MA",unstated,ai_product,mba_unknown,https://www.klaviyo.com/careers/jobs/7855798003?gh_jid=7855798003,open
1a0e39a4e1d8d3d6a2a896a6b8569a4308c46ba41a316642f09d61d90225b5d5,Klaviyo,"Software Engineer II, Test Frameworks & Tooling","Boston, MA",unstated,ai_product,mba_unknown,https://www.klaviyo.com/careers/jobs/7855793003?gh_jid=7855793003,open
1014aacb02f3026c845ae3e0800dbe664a0cc2545389fa86905b8b27d7db21f3,Asana,"Senior Product Manager, AI Suite",New York City,unstated,ai_product,mba_unknown,https://www.asana.com/jobs/apply/8044815?gh_jid=8044815,open
fefc13c71d856e095ed9cd65cd88013fb262e27f91d467f22c0d255dc1fe1f39,Lyft,"Senior Software Engineer, Lyft Business","San Francisco, CA",unstated,ai_product,mba_unknown,https://app.careerpuck.com/job-board/lyft/job/8445493002?gh_jid=8445493002,open
5ac3ffe2d82064ad33ae470dd084fa6bf820a2cb25208f5ca5e2af23dfc14ac2,Instacart,Commercial Counsel,United States - Remote,unstated,ai_product,mba_unknown,https://instacart.careers/job/?gh_jid=8250361,open
a29aea4d7458ea51f9749679915a5cb71e057d82bd9e09e44a81409bb4e5c651,Flexport,3PL Customer Success Manager ,"Atlanta Warehouse; Chicago Warehouse; Dallas Warehouse; New York City, New York, United States; Phillipsburg Warehouse; San Bernardino Warehouse",unstated,other_mba_tech,mba_unknown,https://job-boards.greenhouse.io/flexport/jobs/8052691,open
1a7ca6c4552c5b4ae5b9534fbb8fbd658fc79400f12ad6093da52d7f54ecd4f5,Robinhood,"Overnight Customer Experience Representative, Concierge  ","Denver, CO; Westlake, TX",unstated,ai_product,mba_unknown,https://boards.greenhouse.io/robinhood/jobs/8224805?t=gh_src=&gh_jid=8224805,open
63b3e8120ec568dec0e7d5c2b2a26d51f01130acdb59f5a908808c49f2aa8145,Chime,"Full-Stack Engineer, Human Agent Tooling ","San Francisco, CA, USA",unstated,other_mba_tech,mba_unknown,https://boards.greenhouse.io/chime/jobs/8606649002?gh_jid=8606649002,open
82edd9bdecfc318038698970f5013fbd38ab3938aa9b99b087c5941d5b12ce4d,Robinhood,"Senior Product Manager, Crypto Wallet","Menlo Park, CA; New York, NY",unstated,ai_product,mba_unknown,https://boards.greenhouse.io/robinhood/jobs/8082718?t=gh_src=&gh_jid=8082718,open
ddcb06082c35df087acc229cfb51ac650b3e581439f090bb6afc2470e1909ad0,Robinhood,"Senior Software Engineer, Wallet","Menlo Park, CA; New York, NY",unstated,ai_product,mba_unknown,https://boards.greenhouse.io/robinhood/jobs/8088453?t=gh_src=&gh_jid=8088453,open
950ce24aec0ad2818f560ec73f65183cfaeb0f88cda6584395c568eb76c0724e,Waymo,"Senior Machine Learning Engineer (Infra), Driver Understanding and Evaluation","Mountain View, CA, USA",unstated,ai_product,mba_unknown,https://careers.withwaymo.com/jobs?gh_jid=7819951,open
07a28bd118fa957240129cf6a6eb2d51096e53124d75bef9df8442c086d6a3bc,Robinhood,"Senior Data Science Manager, Algorithms","Menlo Park, CA",unstated,ai_product,mba_unknown,https://boards.greenhouse.io/robinhood/jobs/8097597?t=gh_src=&gh_jid=8097597,open
a233f03a5bbf53b677bdeca64ae104a26704e205a4be984de4dd9161536872e0,Robinhood,"Senior Android Engineer, Crypto Expansion","Menlo Park, CA; New York, NY",unstated,ai_product,mba_unknown,https://boards.greenhouse.io/robinhood/jobs/8100160?t=gh_src=&gh_jid=8100160,open
f4f7469d1cc48ad80a6ae1dd0d11f0265690e2857975b23f9b47adcd407d75cb,Robinhood,Staff Android Engineer,"Menlo Park, CA",unstated,ai_product,mba_unknown,https://boards.greenhouse.io/robinhood/jobs/8114730?t=gh_src=&gh_jid=8114730,open
4fc176af64abdc00318a2393a7b941fd14ed85b7a812e861b54dd029b3c232a8,Robinhood,Lifecycle Marketing Manager,"Menlo Park, CA; New York, NY",unstated,ai_product,mba_unknown,https://boards.greenhouse.io/robinhood/jobs/8119781?t=gh_src=&gh_jid=8119781,open
07b3e84ca4c56b743766b12bb7188c19d104365b191a07c53bdddbf1ebad4e4a,Robinhood,"Senior Software Engineer, Enterprise Build","Menlo Park, CA",unstated,ai_product,mba_unknown,https://boards.greenhouse.io/robinhood/jobs/8120101?t=gh_src=&gh_jid=8120101,open
cc1d5c5af693b327a967a3960ef67bed00f73719a50ff806d7475c3eee2bea76,Robinhood,Data Solutions & Validation Sr. Specialist,"Denver, CO; New York, NY; Westlake, TX",unstated,ai_product,mba_unknown,https://boards.greenhouse.io/robinhood/jobs/8120681?t=gh_src=&gh_jid=8120681,open
09b627f99c98ef5ae035cb9284aecabe6ccb58ba4d53353b323f72b73137a531,Robinhood,Senior Engineering Manager - Agent Experience,"Menlo Park, CA",unstated,ai_product,mba_unknown,https://boards.greenhouse.io/robinhood/jobs/8142909?t=gh_src=&gh_jid=8142909,open
f468b489c270419b0edc0769854eecd14aacf8627be0300a4187172b6325403b,Robinhood,"Senior Product Designer, Trading","Menlo Park, CA; New York, NY",unstated,ai_product,mba_unknown,https://boards.greenhouse.io/robinhood/jobs/8160668?t=gh_src=&gh_jid=8160668,open
f419f8daff87a4951f901d888c489c52fde280a25bb3740ed78d4bb418321457,Robinhood,Staff Product Manager - Prediction Markets,"Menlo Park, CA; New York, NY",unstated,ai_product,mba_unknown,https://boards.greenhouse.io/robinhood/jobs/8164459?t=gh_src=&gh_jid=8164459,open
0478db7ea24cdd2f298e8f3af1df1c092af676d8584e7c8f2cb1b199ff72b0ed,Robinhood,"Staff Software Engineer, Event Contracts","Menlo Park, CA; New York, NY",unstated,ai_product,mba_unknown,https://boards.greenhouse.io/robinhood/jobs/8167194?t=gh_src=&gh_jid=8167194,open
81d5a08020fedd8aba1ffd3437736f603b59f73d5db777da266acf9ee384a865,Robinhood,"Senior Applications Engineer, Corporate Infrastructure","Menlo Park, CA",unstated,other_mba_tech,mba_unknown,https://boards.greenhouse.io/robinhood/jobs/8167541?t=gh_src=&gh_jid=8167541,open
1b6e7574ff9e34b4f307bfacf2523eb632eb85e702c77f273578816d46f22619,Robinhood,"Senior Software Engineer, AI Security","Bellevue, WA; Menlo Park, CA",unstated,other_mba_tech,mba_unknown,https://boards.greenhouse.io/robinhood/jobs/8167546?t=gh_src=&gh_jid=8167546,open
3ffb2f06366c76f4e615300cf65c971a4ebd32df575b49c625b8e056a3d4f74d,Robinhood,"Engineering Manager, International","New York, NY",unstated,ai_product,mba_unknown,https://boards.greenhouse.io/robinhood/jobs/8175213?t=gh_src=&gh_jid=8175213,open
926f0bc4d873996d1a87a3c806d69fa07e1f8aae6ddd806e22827f22023d866c,Robinhood,"Staff Software Engineer, DevX (Developer Infrastructure)","New York, NY",unstated,other_mba_tech,mba_unknown,https://boards.greenhouse.io/robinhood/jobs/8080937?t=gh_src=&gh_jid=8080937,open
2a51f0a07a7233dbffa4a8dc3bf782f66651eb803b39dc26a7a2ded10d45b925,Robinhood,Staff Quantitative Researcher,"New York, NY",unstated,ai_product,mba_unknown,https://boards.greenhouse.io/robinhood/jobs/8080377?t=gh_src=&gh_jid=8080377,open
034e68d23c4f6dd9a2d93fcebaeaf14e4e7bc055d477062d914ea5fd9dab67a4,Robinhood,"Senior Software Engineer, Cloud Networking","Bellevue, WA",unstated,other_mba_tech,mba_unknown,https://boards.greenhouse.io/robinhood/jobs/8080244?t=gh_src=&gh_jid=8080244,open
abb322aad203604923cd4ab39a9233a8109ec4fbc685363dc7e8dde895e7c4c2,Robinhood,"Senior PM, International Trading","Menlo Park, CA; New York, NY",unstated,ai_product,mba_unknown,https://boards.greenhouse.io/robinhood/jobs/8060600?t=gh_src=&gh_jid=8060600,open
c0c5eb9f128f515beebf9228e20735f679c9cd607873937938eb800abaa6515f,Robinhood,"Staff PM, International Growth & Expansion","Menlo Park, CA; New York, NY",unstated,ai_product,mba_unknown,https://boards.greenhouse.io/robinhood/jobs/8060585?t=gh_src=&gh_jid=8060585,open
38f1750103cf3629a9642a919230c467f26c3ad572fba72f6c55083e815830b9,Robinhood,"Senior Android Engineer, iRAD","Menlo Park, CA; New York, NY",unstated,ai_product,mba_unknown,https://boards.greenhouse.io/robinhood/jobs/8049885?t=gh_src=&gh_jid=8049885,open
2f8b2f8f84303b552e6b368c79b758de928eb7fd669259fb3fa7a2221b187ed8,Robinhood,"Senior Android Engineer, Trading Products","Menlo Park, CA",unstated,ai_product,mba_unknown,https://boards.greenhouse.io/robinhood/jobs/8049809?t=gh_src=&gh_jid=8049809,open
0e746edc51320c31229a8e96c16759e1bef3de6d087cabd5aad1c1d18446bdb5,Robinhood,"Staff Product Manager, Banking","Menlo Park, CA; New York, NY; Washington, DC",unstated,ai_product,mba_unknown,https://boards.greenhouse.io/robinhood/jobs/8044746?t=gh_src=&gh_jid=8044746,open
c684a87114e4bd6a36d2ab5dcc793f5684243d6b2b4df608c9d59104a5c828de,Robinhood,"Staff Software Engineer, Storage Platform","Bellevue, WA",unstated,ai_product,mba_unknown,https://boards.greenhouse.io/robinhood/jobs/8044227?t=gh_src=&gh_jid=8044227,open
360bcdd05b84ca06eff042b27c667d65c2e3d0476b027c9c22f97c0bcac16ac6,Robinhood,"Senior Software Engineer, Kubernetes Compute","Bellevue, WA",unstated,other_mba_tech,mba_unknown,https://boards.greenhouse.io/robinhood/jobs/8036588?t=gh_src=&gh_jid=8036588,open
24f921d716cf3e5d10f734defef74cce39a885f04b34b6091d2ab90f287bd725,Robinhood,"Staff Software Engineer, Robinhood Command Center","Menlo Park, CA",unstated,ai_product,mba_unknown,https://boards.greenhouse.io/robinhood/jobs/8036506?t=gh_src=&gh_jid=8036506,open
406e3738ae37b714f1a42005197d97fd05b84b3342f642ab7d29c1cc8c55a471,Robinhood,Senior Staff Software Security Engineer,"Bellevue, WA; Menlo Park, CA",unstated,other_mba_tech,mba_unknown,https://boards.greenhouse.io/robinhood/jobs/8167616?t=gh_src=&gh_jid=8167616,open
6b48481bcc0b07e3c41208281c2a73fa2dd220f03f6638b2ab505196fa4a4da1,Robinhood,"Full Stack Software Engineer, Credit Cards & Banking","Bellevue, WA; Menlo Park, CA; New York, NY",unstated,ai_product,mba_unknown,https://boards.greenhouse.io/robinhood/jobs/8008723?t=gh_src=&gh_jid=8008723,open
53aa4e7fd459679ed18bbbdd20bea810f1502fbc5d78a1c56493c86cdfd00dfc,Robinhood,"Staff Web Engineer, Legend","Menlo Park, CA; New York, NY",unstated,ai_product,mba_unknown,https://boards.greenhouse.io/robinhood/jobs/8003233?t=gh_src=&gh_jid=8003233,open
ae955270380ff0013191ea683ffe34e34c7fefb8fc71a9c2ce02c60fa2695dd0,Robinhood,"Staff Data Scientist,  ML (Credit Risk)","Menlo Park, CA; New York, NY; Washington, DC",unstated,ai_product,mba_unknown,https://boards.greenhouse.io/robinhood/jobs/7997218?t=gh_src=&gh_jid=7997218,open
35eb83ab85578c5ce374978c731b183fc69f02ce5b00965f17a70137ecfd7910,Robinhood,"Customer Experience Representative, Executive Office","Chicago, IL; Denver, CO; Westlake, TX",unstated,other_mba_tech,mba_unknown,https://boards.greenhouse.io/robinhood/jobs/7982916?t=gh_src=&gh_jid=7982916,open
afa81178b07a97848fa24eea5c01db01b477c9320d0d42f501b5c5dfc2640e01,Robinhood,"Customer Experience Representative, Concierge","Denver, CO; Westlake, TX",unstated,ai_product,mba_unknown,https://boards.greenhouse.io/robinhood/jobs/7958748?t=gh_src=&gh_jid=7958748,open
1f63da03699b1fce6fe74111f170572103cfb249a3208ef53f1bc55a950df596,Robinhood,"Assistant General Counsel, Credit Cards","Menlo Park, CA; New York, NY; Washington, DC",unstated,ai_product,mba_unknown,https://boards.greenhouse.io/robinhood/jobs/7943204?t=gh_src=&gh_jid=7943204,open
29bb38daa85f98094cc03bc3c1d3d1abeb5613404c80ac06f36ff8675fe1e7a0,Robinhood,"Staff Technical Program Manager, Brokerage","Menlo Park, CA; New York, NY",unstated,ai_product,mba_unknown,https://boards.greenhouse.io/robinhood/jobs/7804542?t=gh_src=&gh_jid=7804542,open
bef0370d4641bc6f8cef0b9d6241a78ad577067bb70c7ab4dcf817fae6d02283,Robinhood,"Staff Product Designer, National Impact","Menlo Park, CA; New York, NY",unstated,ai_product,mba_unknown,https://boards.greenhouse.io/robinhood/jobs/7804648?t=gh_src=&gh_jid=7804648,open
01e02083753ccadb58926df7523a48428c169acd4c5c83cbcafe139df8b1c6d3,Robinhood,"iOS Engineer, Money Experience","Menlo Park, CA",unstated,ai_product,mba_unknown,https://boards.greenhouse.io/robinhood/jobs/7794027?t=gh_src=&gh_jid=7794027,open
35ebbf7860c21254dbcb62705d1b23713b4a4ca25c614b0d546145a93ec5c0f7,Robinhood,"Senior Software Engineer, Storage Platform","Bellevue, WA",unstated,other_mba_tech,mba_unknown,https://boards.greenhouse.io/robinhood/jobs/7729019?t=gh_src=&gh_jid=7729019,open
4ff9de2f61042f991e515c3f249fbf63254cdeed98100f6fefb9a3981ccba8c6,Robinhood,"Senior Staff Software Engineer, Data Platform","Bellevue, WA",unstated,other_mba_tech,mba_unknown,https://boards.greenhouse.io/robinhood/jobs/7729014?t=gh_src=&gh_jid=7729014,open
50ca651ae24735dd175f1a6f36e593d762a3e91ab34519cd9b05c1647559d998,Robinhood,Web Engineer,"Menlo Park, CA; New York, NY",unstated,ai_product,mba_unknown,https://boards.greenhouse.io/robinhood/jobs/7543003?t=gh_src=&gh_jid=7543003,open
df573ef7e97ebb37b7ddf0abbf67377757680763ca97a8f0bde184786961e4a6,Robinhood,"Staff Software Engineer, Brokerage Infra","Menlo Park, CA; New York, NY",unstated,ai_product,mba_unknown,https://boards.greenhouse.io/robinhood/jobs/8188665?t=gh_src=&gh_jid=8188665,open
d53b20a9ce05dc5afab9f3f16c886639d3e0307b00ad69e88b957ed656bbf977,Robinhood,"Software Engineer, Tokenization","Menlo Park, CA; New York, NY",unstated,ai_product,mba_unknown,https://boards.greenhouse.io/robinhood/jobs/8189005?t=gh_src=&gh_jid=8189005,open
a8cf58db05f39da0d96b356bffb8aaa80cc9ca1b72b608fbf7d156fbb08e0523,Robinhood,"Senior Software Engineer, Tokenization","Menlo Park, CA; New York, NY",unstated,ai_product,mba_unknown,https://boards.greenhouse.io/robinhood/jobs/8189057?t=gh_src=&gh_jid=8189057,open
04266b0de1fd0e9a01b3209759406022bfbfbd4cf3180bda0ca6d9c74cb5650d,Robinhood,Crypto Onchain Attorney,"Menlo Park, CA; New York, NY; Washington, DC",unstated,ai_product,mba_unknown,https://boards.greenhouse.io/robinhood/jobs/8189213?t=gh_src=&gh_jid=8189213,open
016773d877be1c6cd350fc5217eadcb5d33c6bac78a732c5bed42f113a880f42,Robinhood,Product Designer,"Menlo Park, CA; New York, NY",unstated,ai_product,mba_unknown,https://boards.greenhouse.io/robinhood/jobs/7490017?t=gh_src=&gh_jid=7490017,open
2227f9bd963c2d7a6054fab0a7cc39eb86a9c6635383391c09d7dbaa8e5060d3,Robinhood,"Product Designer, Social","Bellevue, WA; Menlo Park, CA; New York, NY",unstated,ai_product,mba_unknown,https://boards.greenhouse.io/robinhood/jobs/7489964?t=gh_src=&gh_jid=7489964,open
62948fb8ef9935454421737609c55eaf9c425d5adc5350637158c6208f3e955b,Robinhood,"Staff Software Engineer, Web3","Menlo Park, CA; New York, NY",unstated,ai_product,mba_unknown,https://boards.greenhouse.io/robinhood/jobs/7489950?t=gh_src=&gh_jid=7489950,open
b38b261b2954b92e06f3459adadb534f9dd4075fa6d36df7430fa411813e0392,Robinhood,Staff Offensive Security Engineer,"Bellevue, WA; Denver, CO; Menlo Park, CA; New York, NY",unstated,other_mba_tech,mba_unknown,https://boards.greenhouse.io/robinhood/jobs/7460167?t=gh_src=&gh_jid=7460167,open
243abbe5225619d52116fa8193aaa5daabb2a08dab668691a2621a071b94a24e,Robinhood,"Android Engineer, Money Experience","Menlo Park, CA",unstated,ai_product,mba_unknown,https://boards.greenhouse.io/robinhood/jobs/7350823?t=gh_src=&gh_jid=7350823,open
6f01e06792453300834615a73a533bde454dd9e5359f5c616cfb31aae2e0ea7d,Robinhood,"Senior Software Engineer, Backend","Menlo Park, CA; New York, NY",unstated,ai_product,mba_unknown,https://boards.greenhouse.io/robinhood/jobs/7264931?t=gh_src=&gh_jid=7264931,open
e6abad7554a7a76967e3e1a0e48cb0d7b9064410f9ccd577964b16939fc296a1,Robinhood,"Software Engineer, Backend","Menlo Park, CA; New York, NY",unstated,ai_product,mba_unknown,https://boards.greenhouse.io/robinhood/jobs/7263592?t=gh_src=&gh_jid=7263592,open
ec2937beb1ba3ec0efbd27db781f92d8c424e1650ad5c54938a3ca7f56cc41d6,Robinhood,"iOS Engineer, Government Products","New York, NY",unstated,ai_product,mba_unknown,https://boards.greenhouse.io/robinhood/jobs/6674980?t=gh_src=&gh_jid=6674980,open
39936c885b073975d6fe2625a53637e0f4c10d1ae76ad5c9e0ccc0755d2b9c1d,Robinhood,"Android Engineer, Government Products","New York, NY",unstated,ai_product,mba_unknown,https://boards.greenhouse.io/robinhood/jobs/6669758?t=gh_src=&gh_jid=6669758,open
0428733bff2acb9c076b78ad36f31db8072ec1942d82e72eabebf0dc986efafa,Robinhood,"Staff Product Designer, Core Experience","Menlo Park, CA; New York, NY",unstated,ai_product,mba_unknown,https://boards.greenhouse.io/robinhood/jobs/6494244?t=gh_src=&gh_jid=6494244,open
c44e6b9fc5c670cc9bd7370767ea60fcf36c399629058887f7ec6ac7a7e19e8e,Robinhood,"Senior Software Engineer, Data Engineering","Menlo Park, CA",unstated,ai_product,mba_unknown,https://boards.greenhouse.io/robinhood/jobs/4738660?t=gh_src=&gh_jid=4738660,open
03f4f68e21a55eac5e5d5d3fc26187de14c7fa85eb3911d2b0d9a4a5d1c24ea6,Robinhood,"Senior Staff Software Engineer, Developer Infrastructure","Menlo Park, CA; New York, NY",unstated,other_mba_tech,mba_unknown,https://boards.greenhouse.io/robinhood/jobs/8189867?t=gh_src=&gh_jid=8189867,open
7bebc15461b6f8081059d5a87c164b33d70e32dc3ebc124d2a613400fc998071,Robinhood,Senior Offensive Security Engineer,"Bellevue, WA; Denver, CO; Menlo Park, CA; New York, NY",unstated,other_mba_tech,mba_unknown,https://boards.greenhouse.io/robinhood/jobs/8202858?t=gh_src=&gh_jid=8202858,open
848a66acb9f4f4dd83d2f66ea745535ef58070640775d9beb6f95b779c713191,Robinhood,"Senior Security Engineer, Detection & Response","Bellevue, WA; Denver, CO; Menlo Park, CA",unstated,other_mba_tech,mba_unknown,https://boards.greenhouse.io/robinhood/jobs/8202863?t=gh_src=&gh_jid=8202863,open
78c7f1ec013dff0790553b0aa06c61db1c0d90c5f5222332303db8a6a6a10e16,Robinhood,"Senior Product Manager, Capital Markets","Menlo Park, CA; New York, NY",unstated,ai_product,mba_unknown,https://boards.greenhouse.io/robinhood/jobs/8204521?t=gh_src=&gh_jid=8204521,open
342509eb561dba1f22a1ea04c309d04b1fc6e8a11d6aa27dc26bd70e14c29381,Robinhood,"Engineering Manager, Agentic Apps","Menlo Park, CA",unstated,ai_product,mba_unknown,https://boards.greenhouse.io/robinhood/jobs/8205579?t=gh_src=&gh_jid=8205579,open
7f2190176ed5d063873bbe7023844298b0c56acffbaa4ddb1c678eeeb53598ff,Robinhood,Customer Experience Team Lead,"Westlake, TX",unstated,other_mba_tech,mba_unknown,https://boards.greenhouse.io/robinhood/jobs/8209838?t=gh_src=&gh_jid=8209838,open
3f00efb523e29e70ab996855fcb273eca2b96e86493c9b534644d4ebcf8bf877,Robinhood,External Affairs Strategist,"Menlo Park, CA; New York, NY; Washington, DC",unstated,ai_product,mba_unknown,https://boards.greenhouse.io/robinhood/jobs/8210957?t=gh_src=&gh_jid=8210957,open
74ff944fb18ddb0afc91d5800d0b7da686e6006ac29ba4774e631d97aa88e069,Robinhood,"Social Media Manager, Brand","Menlo Park, CA; New York, NY",unstated,ai_product,mba_unknown,https://boards.greenhouse.io/robinhood/jobs/8211366?t=gh_src=&gh_jid=8211366,open
d32d502f0a3954c475504a45be48e863e1a7b253eefdf61b19dd1656e1d8f61e,Brex,"Director, Revenue Operations","Salt Lake City, Utah, United States",unstated,other_mba_tech,mba_unknown,https://www.brex.com/careers/8865089002?gh_jid=8865089002,open
2cd9af433bbfcb757483c85113f3c979b9a62938d9cd76140d2cdfafbfb3b508,Robinhood,Fraud Investigator,"Chicago, IL; Denver, CO; Westlake, TX",unstated,ai_product,mba_unknown,https://boards.greenhouse.io/robinhood/jobs/8214553?t=gh_src=&gh_jid=8214553,open
ee240ae130f7aa9d9777030b177d17772113bf1b9f43587d9a155634319bc89b,Brex,"Director, Revenue Operations","Seattle, Washington, United States",unstated,other_mba_tech,mba_unknown,https://www.brex.com/careers/8865086002?gh_jid=8865086002,open
a244d0b0f489edf031f49838fa0c541b6a6fe417960290c73914afb1c0857e1e,Robinhood,Data Solutions & Analytics Senior Analyst,"Westlake, TX",unstated,ai_product,mba_unknown,https://boards.greenhouse.io/robinhood/jobs/8220699?t=gh_src=&gh_jid=8220699,open
9ea3b56cb419376204e1b5e79794d3f7c7a205a8da715dfc7e41d48c2d655feb,Robinhood,Senior Content Designer,"Chicago, IL",unstated,ai_product,mba_unknown,https://boards.greenhouse.io/robinhood/jobs/8220730?t=gh_src=&gh_jid=8220730,open
b1bc0a24b74569ab7f94dc6b4b57e6ff9fbcb59e779ca0016475deb8ddcabaa0,Robinhood,Crypto Product Compliance Lead,"Menlo Park, CA; New York, NY",unstated,ai_product,mba_unknown,https://boards.greenhouse.io/robinhood/jobs/8226689?t=gh_src=&gh_jid=8226689,open
748da9664dc7814105f056cd2076aaa3351862e73f0e936edb3e0a72c15b562a,Robinhood,"Customer Experience Representative, Trump Accounts Resolution Desk ","Westlake, TX",unstated,ai_product,mba_unknown,https://boards.greenhouse.io/robinhood/jobs/8230730?t=gh_src=&gh_jid=8230730,open
b5cbef8d55ea6bfd6d29ed3139230528a902acf9a9b302d8a38708941305b5ca,Robinhood,"Product Designer, International","Menlo Park, CA; New York, NY",unstated,ai_product,mba_unknown,https://boards.greenhouse.io/robinhood/jobs/8240638?t=gh_src=&gh_jid=8240638,open
674ed2f8a0dec2a9aa809eca8178cc39f0608b2b1192f1136f72fb1dccc3af57,Okta,Staff Software Engineer - UI Platform,"San Francisco, California; Toronto, Ontario, Canada",unstated,ai_product,mba_unknown,https://www.okta.com/company/careers/opportunity/8211380?gh_jid=8211380,open
c0dac1c75e5521892170f0b72c03ee328b253420fbd0785c5a0914650f8b28e6,Databricks,Staff Software Engineer - Streaming,"Bellevue, Washington; Seattle, Washington",unstated,ai_product,mba_unknown,https://databricks.com/company/careers/open-positions/job?gh_jid=8663972002,open
7ed8c0e44fe7038f8659fb49798f9050379ab5a02916d67ce7f9f9717fd1a8a6,Pinterest,"Director & Assistant General Counsel, Commercial ","Remote, CA, US",unstated,ai_product,mba_unknown,https://www.pinterestcareers.com/jobs/?gh_jid=8233536,open
c0f8044ee014b78ef9fc1e2c9c9942f3b1f8141fc31ded75937f2596f8e7a575,Coinbase,"Staff Software Engineer (Institutional, FCM)",Remote - USA,unstated,ai_product,mba_unknown,https://www.coinbase.com/careers/positions/8154342?gh_jid=8154342,open
157e6e9b6a0486c9f366b08d5779b3e0dfd2ca53baefe328ff03a25b1dca6ede,Faire,Product Manager - Multiple Levels,"New York City, NY; San Francisco, CA; Toronto, ON",unstated,ai_product,mba_unknown,https://boards.greenhouse.io/faire/jobs/8864857002?gh_jid=8864857002,open
ab288817e679c9ced7d6cb13e3da9a759a8b10ffe1f8779de6ad97d5c60dcf46,Waymo,Vehicle Systems Safety,Mountain View CA USA; San Francisco CA USA; Kirkland WA USA ,unstated,other_mba_tech,mba_unknown,https://careers.withwaymo.com/jobs?gh_jid=8049630,open
9082fc0623ad2d459761c6ebdcf3e4e6b4fe45678c9f0f46a213d6a91a74bdac,Waymo,Network Operations Manager,"Phoenix, TX USA",unstated,other_mba_tech,mba_unknown,https://careers.withwaymo.com/jobs?gh_jid=8243889,open
751f2c0756feee1481dd0910d0ecd7e477a169344d33aabb0b04b335b86e79e5,Waymo,"Technical Program Management, Service Quality","Mountain View, CA, US; San Francisco, CA, US",unstated,other_mba_tech,mba_unknown,https://careers.withwaymo.com/jobs?gh_jid=8248314,open
3da57a62ba28e69b615986420cc0f559f308da46ac6049612c49accd945f40f1,Waymo,"Senior Software Engineer, Eval Efficiency & Optimization","Mountain View, CA, USA; San Francisco, CA, USA; New York, NY, USA",unstated,ai_product,mba_unknown,https://careers.withwaymo.com/jobs?gh_jid=8248394,open
2c43d3fa8e87245d20fdbaff8d4f8a949ca24600f9075fafd7b513740e2306ba,Waymo,Operations Controller,"Tempe, AZ, USA",unstated,other_mba_tech,mba_unknown,https://careers.withwaymo.com/jobs?gh_jid=8244827,open
ff3c8cadf4afc8979940b8eddb7d085fd34c860e3f2812b77e65c141bee33f0a,Waymo,"Senior Machine Learning Engineer, Predictive Planner, Systems Arch","Mountain View, CA, USA; San Francisco, CA, USA",unstated,ai_product,mba_unknown,https://careers.withwaymo.com/jobs?gh_jid=8191840,open
f3630cdfe2d3244ef364d02b51ed685e5f7e6af1e9610906d01e823e8d7ce844,Waymo,Field Safety – Operations Performance,"Mountain View, CA, USA; Los Angeles, CA, USA",unstated,other_mba_tech,mba_unknown,https://careers.withwaymo.com/jobs?gh_jid=8187386,open
ee54d4b029e768bebdb63285fb015816b86328fc4af57ea4a35bdf740023230f,Waymo,"Research Scientist, World Model Post-Training","Mountain View, CA, USA; San Francisco, CA, USA; New York, NY, USA",unstated,ai_product,mba_unknown,https://careers.withwaymo.com/jobs?gh_jid=8222098,open
eda9a8352bc74a9d30a9a2659fcc3cb2fe558c1361a9dc89a9d200c2c4d1b6c1,Waymo,"Talent Acquisition Operations, Program Manager","Mountain View, CA, USA",unstated,ai_product,mba_unknown,https://careers.withwaymo.com/jobs?gh_jid=8234307,open
ecb3347892a18e16c15510b2d532bc11de92001b68d2fd8683b943a74ef919eb,Waymo,"Technical Lead Manager, Pullover Maneuvers","Mountain View, CA, USA; San Francisco, CA, USA",unstated,ai_product,mba_unknown,https://careers.withwaymo.com/jobs?gh_jid=8202084,open
eb9da5a3e8199be3f9fdd596a112cf09eee577a96270749baf17a6c213d4a40c,Waymo,Senior Software Engineer ,"Mountain View ; CA San Francisco, CA",unstated,other_mba_tech,mba_unknown,https://careers.withwaymo.com/jobs?gh_jid=8211704,open
e19ddedda15f2d734aa9faff79be443bab67d0d80d28cf392d4caf5bcb805d6e,Waymo,"Program Manager, Tooling and Integrations","Mountain View, CA, USA, Remote, USA",unstated,ai_product,mba_unknown,https://careers.withwaymo.com/jobs?gh_jid=8238145,open
d6f2422064532f75e3cdc2f192baf19ad3c06ae0415bd0a2f8851a67eb59177a,Waymo,"Product Quality Engineer, Vehicle Systems ","Mountain View, CA, USA",unstated,other_mba_tech,mba_unknown,https://careers.withwaymo.com/jobs?gh_jid=8222061,open
d6731e3d69bed933bbc2b0b32466e0b0d9cbc0fe7f8e4270c92f326956a0f106,Waymo,"System Safety Engineer, Strategic Programs & Integration","Mountain View, CA, USA, Kirkland, WA, USA",unstated,product,mba_unknown,https://careers.withwaymo.com/jobs?gh_jid=8213774,open
d47c1d7093e3204b4fe81863e97a92416c7852a4dd3173728db252d3aebe5d90,Waymo,"Technical Lead Manager, Collision Avoidance Testing","Mountain View, CA, US; San Francisco, CA, US",unstated,other_mba_tech,mba_unknown,https://careers.withwaymo.com/jobs?gh_jid=8232236,open
d04e821087a2b3cd6cb0547ed8656b2e39b764080fb9c82c980622babb2462a1,Waymo,"Senior Software Engineer, Chassis ","San Francisco, CA, USA; Mountain View, CA, USA",unstated,other_mba_tech,mba_unknown,https://careers.withwaymo.com/jobs?gh_jid=8240632,open
c230a3ae7909b2471656a26a80230ba5a1ad13262c4e80b1d2d07c3cde0e82dd,Waymo,Head of Technical Services,"Mountain View, CA, USA",unstated,ai_product,mba_unknown,https://careers.withwaymo.com/jobs?gh_jid=8204658,open
c1d485168b47140dca55a5b7281073673acb86cb74e6fc4ac10e7e5974bdb77e,Waymo,Global Experiential Marketing Manager,"Playa Vista, CA, USA; New York City, NY, USA",unstated,product_marketing,mba_unknown,https://careers.withwaymo.com/jobs?gh_jid=8221714,open
a6f6be4397aa1c2b29df809146e5d3651663b2b65f08d594703a841cf4c695a6,Waymo,Charging Automation Lead,"Mountain View, CA, USA; San Francisco, CA, USA",unstated,other_mba_tech,mba_unknown,https://careers.withwaymo.com/jobs?gh_jid=8191170,open
9fe14e4e1a1457c43d02ba22a98b9c9aa66dfc4450d05dbd22e0c2170921a72b,Waymo,"Technical Program Manager, Commercialization - Expansion","Mountain View, CA, US; San Francisco, CA, US ",unstated,other_mba_tech,mba_unknown,https://careers.withwaymo.com/jobs?gh_jid=8244452,open
9f695e08a02ecbc7788b15834a15bb6d5d4d66d45190f942924ce44194c20573,Waymo,AV Fleet & Supply Operations Manager - San Francisco ,"San Francisco, CA, USA",unstated,other_mba_tech,mba_unknown,https://careers.withwaymo.com/jobs?gh_jid=8198192,open
7ff72b433f2eaaa142a7e9b72e46f91b81d27d184f2f35ddb03d34d62aaa4886,Waymo,California State Policy Manager,"Sacramento, CA, USA (Remote)",unstated,other_mba_tech,mba_unknown,https://careers.withwaymo.com/jobs?gh_jid=8238692,open
7222fb89f97e5dc717eb26d0432bacfdedae45eeff726ea44247666cfa9a59de,Waymo,"Staff Android Engineer, In-Car Experience","Mountain View, CA, US; San Francisco, CA, US",unstated,other_mba_tech,mba_unknown,https://careers.withwaymo.com/jobs?gh_jid=8193298,open
67a22fdbe7dcda0a3b3fc7a8e51051f99b8d85fcc8462e59397ffc236dd93e9e,Waymo,"Facilities Market Lead, Los Angeles","Los Angeles, CA, USA",unstated,other_mba_tech,mba_unknown,https://careers.withwaymo.com/jobs?gh_jid=8188973,open
5fbbb52d6508f99df577f469f11e57af5a9059ab3b003e5c358f8f7a0a462ecd,Waymo,"Staff Tech Lead Manager, Machine Learning, Simulator Evaluation ","Mountain View, California, United States; San Francisco, California, United States. ",unstated,ai_product,mba_unknown,https://careers.withwaymo.com/jobs?gh_jid=8209790,open
5bf5a54b50c46d1f4841d1f1bbcfafe74c04fd8da1e3d5afac082ed71af7aaaa,Waymo,"Director, Systems Integration, Diagnostics","Mountain View, CA, USA",unstated,other_mba_tech,mba_unknown,https://careers.withwaymo.com/jobs?gh_jid=8178551,open
5b8f15d924421950aec8b1b6d9a7b657df71d02af85d1cf9ed36f88a1a99756a,Waymo,Proving Ground Technician Manager,"Tempe, AZ, USA",unstated,other_mba_tech,mba_unknown,https://careers.withwaymo.com/jobs?gh_jid=8205611,open
594afa8789234cd0680b0cce54c398d9448f83e603bea8d62801b070a6f3fb09,Waymo,Network Operations Manager,"Austin, TX, USA",unstated,other_mba_tech,mba_unknown,https://careers.withwaymo.com/jobs?gh_jid=8231377,open
4e4fb95353543ca44733d85a949bcf4961d812963a9622c5f04ffbdb8079a049,Waymo,Partner & Enterprise Support Lead,"San Francisco, CA, USA",unstated,ai_product,mba_required,https://careers.withwaymo.com/jobs?gh_jid=8214030,open
4b0631d7c933a8d4db9aa0dfc46f92b10472a2df3a6e1374d4483483951c2b9a,Waymo,"Product Quality Engineer, Automotive Sensors","Mountain View, CA, USA ",unstated,other_mba_tech,mba_unknown,https://careers.withwaymo.com/jobs?gh_jid=8241745,open
494b74e3b32d8787f81a39dc9ea279eef6dc7f6b75b4e1bbe0d8b6a6aa98fe6d,Waymo,"Senior Software Engineer, Mapping Data & Eval ","San Francisco, CA, USA; Mountain View, CA, USA",unstated,ai_product,mba_unknown,https://careers.withwaymo.com/jobs?gh_jid=8177548,open
42d1241e91b6e139977d1d58bbf2a556536c5f05f329eb41349f5544979544e0,Waymo,"Machine Learning Engineer, Driver Refinement & Validation, Perception","Mountain View, CA, USA; San Francisco, CA, USA",unstated,ai_product,mba_unknown,https://careers.withwaymo.com/jobs?gh_jid=8212478,open
3a6aa1b61f75eba4a4772e2445c1275952367e7dad2f27db792542df99bdeb78,Waymo,"Research Scientist, Map Scalability","Mountain View, CA, U.S.A ; San Francisco, CA, U.S.A ; New York City, NY, U.S.A",unstated,ai_product,mba_unknown,https://careers.withwaymo.com/jobs?gh_jid=8180692,open
3508bfa06247ecd4c6f84a5234b7c20fcce3597d43d6c4a3b5ca569779cf4ad1,Waymo,"Staff Tech Lead Software Engineer, Vehicle Realism Platform","Mountain View, CA, USA; San Francisco, CA, USA",unstated,ai_product,mba_unknown,https://careers.withwaymo.com/jobs?gh_jid=8209835,open
2dfd2a7ddadb647e1bc683ea4166715ab5cb68c4f8a3858200ee368069894380,Waymo,Lead Development Technician,"Mountain View, CA, USA",unstated,other_mba_tech,mba_unknown,https://careers.withwaymo.com/jobs?gh_jid=8196499,open
2d34f793607f60a1fcca84f7ff17be7b662dd377706e3f2e12fc85fea27406c4,Waymo,"Technical Program Manager - Onboard Systems, ML Modeling ","Mountain View, CA, USA; San Francisco, CA, USA",unstated,ai_product,mba_unknown,https://careers.withwaymo.com/jobs?gh_jid=8204338,open
22d331d42ca07877e57b2ed7cad483b632053e39583070b08b0b659686dc2a3b,Waymo,"Product Manager, Network Flows Optimization","San Francisco, CA, USA; Mountain View, CA, USA",unstated,product,mba_unknown,https://careers.withwaymo.com/jobs?gh_jid=8245284,open
1ebe2af81a1c217ed9ce277f972b807c84cc0d7c0de309951b6d9b571bcb53e3,Waymo,Senior Systems Integration Engineer,"Mountain View, CA, USA ",unstated,other_mba_tech,mba_unknown,https://careers.withwaymo.com/jobs?gh_jid=8231900,open
ff50d2ecc9773d06b43ede1c013310ee17accbd90225140d8a81f7c0c6dd22d5,Waymo,Operational Risk Manager,"San Francisco, CA, USA; Tempe, AZ, USA; Washington, D.C., USA",unstated,other_mba_tech,mba_unknown,https://careers.withwaymo.com/jobs?gh_jid=8148705,open
fbfcd03a1c5447755b830f93ac1ef906a508bdead6ac6e5439f205335266e074,Waymo,Senior Vehicle Structures Engineer,"Mountain View, CA, USA;Novi, MI, USA",unstated,other_mba_tech,mba_unknown,https://careers.withwaymo.com/jobs?gh_jid=8131378,open
f7e4bf88b292411b852120047339d4dfb108fde0400561a1cd5318efda1a56ad,Waymo,"Site Reliability Engineering, Technical Lead Manager","Mountain View, CA, USA ",unstated,ai_product,mba_unknown,https://careers.withwaymo.com/jobs?gh_jid=8140393,open
f4ef73274d55ed51e04f5aa46791cc8a38229916203f710b7a7000f5c31dacba,Waymo,Policy Advisor,"Mountain View, CA, USA",unstated,other_mba_tech,mba_unknown,https://careers.withwaymo.com/jobs?gh_jid=8140463,open
da66720b0f27c245da9477f19d39bbeb8dfd05068c8cfa960da901e5bc7e6b98,Waymo,"Staff Systems Engineer, Depot & Offhail Automation","Mountain View, CA, USA; San Francisco, CA, USA",unstated,other_mba_tech,mba_unknown,https://careers.withwaymo.com/jobs?gh_jid=8168620,open
cdcf8e3721ec0866eb81e03f0d45a78aa9137e2ad937bb6810cc0b15557e3b7d,Waymo,"Director, FP&A - HW Engineering & Supply Chain","Mountain View, CA, USA",unstated,other_mba_tech,mba_required,https://careers.withwaymo.com/jobs?gh_jid=8142158,open
c76318c1950ebfe273b923f6432fd33a05e032d5ef919142f120b89daaa6b4c7,Waymo,"Senior Staff Site Reliability Engineer, Lead ","Mountain View, CA, USA",unstated,ai_product,mba_unknown,https://careers.withwaymo.com/jobs?gh_jid=8157888,open
c1cac81cfdb025303710836dc6f8781c7586ac007531a4a58b91207c26dcaaf5,Waymo,"AV Compliance Lead, Fleet & Operator Compliance","Mountain View, CA, USA",unstated,ai_product,mba_unknown,https://careers.withwaymo.com/jobs?gh_jid=8163421,open
c0a290c8849dfeae8e6baed017b41eed39ccc1cabf9cbbc8f76435251f4e3e00,Waymo,Head of Industrial Design,"Mountain View, CA, US",unstated,other_mba_tech,mba_unknown,https://careers.withwaymo.com/jobs?gh_jid=8140602,open
ae9cfcd7515fa102cb49b9bf93c26418d1fe9f752b595d5b739275bff221aaab,Waymo,"Staff Software Engineer, Fleet Optimization","San Francisco, CA ; Mountain View, CA ",unstated,ai_product,mba_unknown,https://careers.withwaymo.com/jobs?gh_jid=8164291,open
ae7e35b2e1a2045f7f22a35538964aaa4938914f84b5a0e4ec8390c780ef1807,Waymo,"Manager, Resilience Risk","Mountain View, CA, USA; San Francisco, CA, USA",unstated,ai_product,mba_unknown,https://careers.withwaymo.com/jobs?gh_jid=8143380,open
a67e6ad682489d4a34396882223c13a4b6a1a73e8f8aaa6fbfcc53df92ea7e3a,Waymo,"Principal Software Engineer, Post Training","Mountain View, CA. USA",unstated,ai_product,mba_unknown,https://careers.withwaymo.com/jobs?gh_jid=8140089,open
8302d9422e2e75ef9b6a7290bb5c1bf9ac04663dbdd26124aa184d51ad813657,Waymo,Perception Machine Learning Engineer - Continuous Learning,"Mountain View, CA, USA; San Francisco, CA, USA",unstated,ai_product,mba_unknown,https://careers.withwaymo.com/jobs?gh_jid=8127006,open
80146a923068768eb8ff32a5a8483f628461e4d417002773d5c6f4914cacddad,Waymo,"Public Relations Manager, Partnerships","Mountain View, CA, USA; San Francisco, CA, USA",unstated,other_mba_tech,mba_unknown,https://careers.withwaymo.com/jobs?gh_jid=8120390,open
742d91831e0ca57172d72b722e931de6d0178c4e462800a8ac22789222249dd8,Waymo,Sr. Staff Data Architect ,"Mountain View, California, USA",unstated,other_mba_tech,mba_unknown,https://careers.withwaymo.com/jobs?gh_jid=8164870,open
71ce4f11835a584c9f0d1a55c40a5ab83e08ef12b49de1c67e1e684b189a1928,Waymo,"Senior Machine Learning Engineer, Vehicle Interaction & Behavior Policy ML","Mountain View, California, USA",unstated,ai_product,mba_unknown,https://careers.withwaymo.com/jobs?gh_jid=8157298,open
6bb5f90e4598135458d1fe64b1ed3b20953e0c6f36af5f22e25edd2e1918ba78,Waymo,Staff Hardware Reliability Engineer,"Mountain View, California, USA",unstated,other_mba_tech,mba_unknown,https://careers.withwaymo.com/jobs?gh_jid=8124243,open
62fcedcf88783b115b229fe85347803db084644666643c70dd08fbcd28a15243,Waymo,"Program Manager, Expansion","Mountain View, CA, USA; San Francisco, CA, USA ",unstated,other_mba_tech,mba_unknown,https://careers.withwaymo.com/jobs?gh_jid=8168543,open
543efd958a019b1cbe2487835a4c30da262c1b1038af0da5f042c8442169ec38,Waymo,Strategic Sourcing Manager - Contract Manufacturing & Compute ,"Mountain View, CA, USA",unstated,other_mba_tech,mba_required,https://careers.withwaymo.com/jobs?gh_jid=8177506,open
30c88c7a0ece25d1af41fdcffcd3e1f6dd5c32cb46f543d0292eb6904030eaff,Waymo,"Senior FP&A Analyst, Operations","Mountain View, CA, USA",unstated,other_mba_tech,mba_required,https://careers.withwaymo.com/jobs?gh_jid=8157691,open
30c634a0516c053d07df51484842b0d78d87f1d76ca1f2d87b30d63d11dbe1d2,Waymo,"Staff ML Engineer, Foundation Models","Mountain View, CA, USA ",unstated,ai_product,mba_unknown,https://careers.withwaymo.com/jobs?gh_jid=8152556,open
3091063c1c814adf04273ce87ec15e6c559364a52ef6747ade832c0a85dda6dd,Waymo,"Senior Machine Learning Engineer, Multimodal Perception","Mountain View, California, USA",unstated,ai_product,mba_unknown,https://careers.withwaymo.com/jobs?gh_jid=8157152,open
291b97059585a6fa12c029af51a16ab45d81cfecf73ec963deaa53277e06598e,Waymo,"Staff ML Engineer, Perception Research","Mountain View, CA, USA ; New York City, NY, USA ; Kirkland, WA, USA ; San Francisco, CA, USA",unstated,ai_product,mba_unknown,https://careers.withwaymo.com/jobs?gh_jid=8113233,open
2240a8fd4eb9b9cfdbec4d4eba5e901f9eacf8e765ce1d78c8dd188226440787,Waymo,"Lead, Resilience Governance","Mountain View, CA, USA; San Francisco, CA, USA; Tempe, AZ, USA",unstated,other_mba_tech,mba_unknown,https://careers.withwaymo.com/jobs?gh_jid=8143391,open
1b6ab925aff4acdf2a839868684de6d3592fcda4356678be5a9d2d8ef82793a5,Waymo,Aftermarket Commercial Lead,"Mountain View, CA, USA",unstated,other_mba_tech,mba_required,https://careers.withwaymo.com/jobs?gh_jid=8168611,open
1a08862dd6fd8c117607bd2bbd2440d8581472b9e22419e350a4acfc777b67a2,Waymo,"Strategy & Operations Manager, Public Relations","Mountain View, CA, USA; San Francisco, CA, USA",unstated,product_strategy,mba_unknown,https://careers.withwaymo.com/jobs?gh_jid=8135455,open
190101c21eaec06ce87da08526a23732c765c1605fccd8716f0894f10b967841,Waymo,"Senior Data Scientist, Simulation Capacity Optimization","Mountain View, CA, USA",unstated,ai_product,mba_unknown,https://careers.withwaymo.com/jobs?gh_jid=8163689,open
1427f452033af65d67e0f921ad8a7180cb41dc7ccaa392a08e3a864e27a5a84f,Waymo,"Specialist, Incident Readiness ","Mountain View, CA, USA; San Francisco, CA, USA; Tempe, AZ, USA",unstated,ai_product,mba_unknown,https://careers.withwaymo.com/jobs?gh_jid=8140624,open
f9edbcdc766d645b253e0918ce48bc26c0b0af775b029e0df417908227650ae7,Waymo,"Lead Noise, Vibration, and Harshness (NVH) Engineer","Mountain View, California, USA",unstated,other_mba_tech,mba_unknown,https://careers.withwaymo.com/jobs?gh_jid=8116188,open
f5c030fc1f9991ce4d8b468c39acf86a0c9eb8f0f123ce2ffbb420c62d2d445d,Waymo,"Senior Manager, Product Data Science - Operations & Intelligence","Mountain View, CA, US; San Francisco, CA, US",unstated,ai_product,mba_unknown,https://careers.withwaymo.com/jobs?gh_jid=8077479,open
eb2680deca8f89d959089c101a051eebf2097c109f97febc273444c315024834,Waymo,Structured Testing Vendor Engineering Lead,"Mountain View, CA, USA",unstated,ai_product,mba_unknown,https://careers.withwaymo.com/jobs?gh_jid=8113098,open
e5572097dce7c3ab29d335165d59b6a178a56b2f9cf857fd2bc2c0efeb4f0a3e,Waymo,Insurance Risk Management Analyst,"Mountain View, CA, USA",unstated,ai_product,mba_unknown,https://careers.withwaymo.com/jobs?gh_jid=8070708,open
ce7ad72a6eaf0ec5a6838b56376df2cd2740716b259ca9989bd9f4d6639d0f78,Waymo,Safety Engineer - Risk Management,Mountain View CA USA; San Francisco CA USA,unstated,other_mba_tech,mba_unknown,https://careers.withwaymo.com/jobs?gh_jid=8076964,open
cb89231591da4d9c122034502f926fd66e3efcf638dd7e3f7ba4e8674c8f1229,Waymo,Design Studio Process Manager,"Mountain View, CA, USA",unstated,ai_product,mba_unknown,https://careers.withwaymo.com/jobs?gh_jid=8077618,open
c7af1beaf20e08828a1b21b573610057545b16557fea231ea19c937d325341e6,Waymo,"Systems Engineering Lead, New Product Initiatives","Mountain View, CA, USA; San Francisco, CA USA",unstated,product_strategy,mba_unknown,https://careers.withwaymo.com/jobs?gh_jid=8056369,open
bcd326a380ab6b0c51230a5af4a073bfe105eda58ee3ca61b215dabcb177b484,Waymo,"Staff Product Data Scientist, Experimentation","San Francisco, CA, USA; Mountain View, CA, USA",unstated,product_strategy,mba_unknown,https://careers.withwaymo.com/jobs?gh_jid=8078241,open
b9f2241170ded0aff2da511958be3a0513bc8a8f4bb4e32c42426da410ebdfcd,Waymo,"Technical Program Manager, Vehicle Security"," Novi, Michigan, United States",unstated,product,mba_unknown,https://careers.withwaymo.com/jobs?gh_jid=8109523,open
b86d50ca9445af0d84f96996fbb60759eff3e0f29575f21a10ebea91f9c4c16d,Waymo,"Senior Software Engineer, ICX Graphics","Mountain View, California, USA",unstated,other_mba_tech,mba_unknown,https://careers.withwaymo.com/jobs?gh_jid=8070602,open
afb7d6df6f6e41d530fd0b74b2395ee58c52255aea3a9cce2f76be957c71b322,Waymo,"Staff Systems Test Engineer, Scenario Quality and Maintenance Systems","Mountain View, CA, USA; San Francisco, CA, USA",unstated,other_mba_tech,mba_unknown,https://careers.withwaymo.com/jobs?gh_jid=8106385,open
adda26ab5aca0bbc3b2ef6a1c27485795f47b4e47e933cc215e2cdf914569de3,Waymo,"Staff Machine Learning Engineer, Simulation ","Mountain View, CA, USA; New York, NY, USA",unstated,ai_product,mba_unknown,https://careers.withwaymo.com/jobs?gh_jid=8056720,open
888fbd65169c4469d3d52497f481d1693cf9284e054968e23862ba4f334e2f44,Waymo,"Senior Product Manager, Autonomous Vehicle Reliability","Mountain View, CA, US; San Francisco, CA, US",unstated,ai_product,mba_unknown,https://careers.withwaymo.com/jobs?gh_jid=8109626,open
81b9478c2b7ea3542efa217651c5c509aa15fd7274b6804b360c7831253b760a,Waymo,"Business System Analyst, ServiceNow Solution Architect","Mountain View, CA USA",unstated,ai_product,mba_unknown,https://careers.withwaymo.com/jobs?gh_jid=8056275,open
7633581c36d228d77258bec3658eecc1c7e8b8d4dbf5abfd33c2baad7af00a7b,Waymo,"Staff Research Scientist, Foundation Models Recipes","Mountain View, CA, US; San Francisco, CA, US; Kirkland, WA, US",unstated,ai_product,mba_unknown,https://careers.withwaymo.com/jobs?gh_jid=8075587,open
71f5d3dfbb15b2dedd96609ae744be381af99a465e294e8163f1d7ffa4fe8b88,Waymo,People Operations Program Manager – People Systems & Process Design,"Mountain View, CA, USA ",unstated,ai_product,mba_unknown,https://careers.withwaymo.com/jobs?gh_jid=8084419,open
6b9f47bab8fb5178b3b6b913796f42fce852058da683496e00316ba68f5f7ec7,Waymo,"Senior Program Manager, Expansion","New York, NY, USA ",unstated,other_mba_tech,mba_unknown,https://careers.withwaymo.com/jobs?gh_jid=8070184,open
67a0ae28de084a3c307cc22a4fe276f9ee437a5844e139bc2c2486b430065d19,Waymo,Staff SoC Design Engineer,"Mountain View, CA, USA",unstated,ai_product,mba_unknown,https://careers.withwaymo.com/jobs?gh_jid=8102997,open
6491ffaadbf0d2a063888a7f848d3b80ebed39fc1b1b496ed14fc36f4ff04a81,Waymo,Vehicle Package and Integration Lead,"Mountain View, CA, USA",unstated,other_mba_tech,mba_unknown,https://careers.withwaymo.com/jobs?gh_jid=8089198,open
61750f04156121dddc0d3885692cb224a8e59545213de7ccdc5f83d50da66449,Waymo,"Staff Business Intelligence Analyst, Resilience","San Francisco, CA; Mountain View, CA",unstated,ai_product,mba_unknown,https://careers.withwaymo.com/jobs?gh_jid=8078061,open
580411ef59ac96a7532871ad9fbce6847da3575380faff408c3ef0fb810304fa,Waymo,"Staff Software Engineer, Collision Avoidance Testing ","Mountain View, Ca, USA;San Francisco, Ca, USA",unstated,other_mba_tech,mba_unknown,https://careers.withwaymo.com/jobs?gh_jid=8110366,open
4b461a04d37d90129a08cecf620b008658bc4e2870185b39f1b858622708b544,Waymo,Full Vehicle Platform Architect,"Mountain View, CA, US",unstated,other_mba_tech,mba_unknown,https://careers.withwaymo.com/jobs?gh_jid=8078276,open
49f1426238bd72b80afdc62398ad2e74f9eaaef6be4f30badd3e98c27e1b98ff,Waymo,"Senior Product Manager, Simulation","Mountain View, CA, US; San Francisco, CA, US",unstated,ai_product,mba_unknown,https://careers.withwaymo.com/jobs?gh_jid=8097992,open
39d88aed36c6177acbd4bc3ec83ab5d8044590e84df641f64c5e3eb490dcf62f,Waymo,"Senior Staff Engineer, Agentic AI Engineering","Mountain View, CA, USA; San Francisco, CA, USA",unstated,ai_product,mba_unknown,https://careers.withwaymo.com/jobs?gh_jid=8052746,open
27c5583f6016ded0375201cfb2cd8977bf07b3e8bb766a1e2848fa83b8bfbd19,Waymo,Senior Vehicle Interior Engineer,"Mountain View, Ca USA;Novi, Mi, USA",unstated,other_mba_tech,mba_unknown,https://careers.withwaymo.com/jobs?gh_jid=8110214,open
1d39ba0eb8072a50b39c34b232230d45f542522671aca627930a30fc09696e68,Waymo,Senior Corporate Accountant - Assets & Inventory Operations,"Mountain View, CA, USA; San Francisco, CA, USA",unstated,other_mba_tech,mba_unknown,https://careers.withwaymo.com/jobs?gh_jid=8083286,open
130cc8feb81534efa54939ad6128f9f4a37ef7e32f0c355a64fba39ef124d2f6,Waymo,"Staff Systems Engineer, Driving Behaviors","Mountain View, CA, USA; San Francisco, CA, USA",unstated,ai_product,mba_unknown,https://careers.withwaymo.com/jobs?gh_jid=8101187,open
0e8825cf4756bc1676caa63666d8fb2f7e7f0d95126df01ab69041ae42cf3815,Waymo,Policy & Quality Specialist- ML Perception Data,"Mountain View, CA",unstated,ai_product,mba_unknown,https://careers.withwaymo.com/jobs?gh_jid=8053872,open
03948a8d32ce8a9eeafa065dbb89c30c24d571a5a5d6f22f8de82f2bda68c87b,Waymo,Component Engineer,"Mountain View, CA, USA",unstated,other_mba_tech,mba_unknown,https://careers.withwaymo.com/jobs?gh_jid=8082652,open
0134c0717c7249f3bb2c67b599205d23b08453b67140e82fa9c520f902d14413,Waymo,"Knowledge and Support Readiness Manager, Waymo Rider Support","Tempe, AZ, USA",unstated,ai_product,mba_unknown,https://careers.withwaymo.com/jobs?gh_jid=8065689,open
e718a19ab7aee98add1684ae7beaaf7699a9a4e74997e26f08d539f4db2f6957,Waymo,Staff Software Engineer - Simulation Realism,"Mountain View, CA, USA",unstated,ai_product,mba_unknown,https://careers.withwaymo.com/jobs?gh_jid=8031615,open
e007fe8ce7e1f9ef6b70a647745adcc623e4f5c314e6d924840c123e0e68b8e4,Waymo,"Staff Product Data Scientist, Infrastructure","Mountain View, CA, USA; San Francisco, CA, USA",unstated,other_mba_tech,mba_unknown,https://careers.withwaymo.com/jobs?gh_jid=8034894,open
de8bf9646a19b878d5b307b59c242bc594616ab9706f031549a013cb621665cd,Waymo,"Product Partnerships Development Manager- In Car Experience, Media Integrations","San Francisco, CA, USA; Mountain View, CA, USA",unstated,other_mba_tech,mba_required,https://careers.withwaymo.com/jobs?gh_jid=8036781,open
d1c9586efc3ac264e0c8e9f75364fcd6a6394452921ce010126cad50eae3a73a,Waymo,"Staff Data Scientist, Weather","Mountain View, California, USA; San Francisco, California, USA",unstated,ai_product,mba_unknown,https://careers.withwaymo.com/jobs?gh_jid=8031401,open
d150ed1916882c2c9941d18c6609b27d43ee2ae422f4c48f6da6595da186cb04,Waymo,AI Enablement Lead,"Mountain View, CA, USA",unstated,ai_product,mba_unknown,https://careers.withwaymo.com/jobs?gh_jid=8044534,open
cddc13be3394c2253f61325cd7b6b9c4daaca8306184fa50aedb43834e49dd1a,Waymo,"Program Manager, Road Rules Readiness & Enablement","Mountain View, CA, USA; San Francisco, CA, USA",unstated,other_mba_tech,mba_unknown,https://careers.withwaymo.com/jobs?gh_jid=8042093,open
ba1deec1e1f9d06a19983d0960830991f7e5cf27f106cfd44dd89ba8c9442cdf,Waymo,Senior Program Manager - New Platform Validation Operations,"Mountain View, California, USA; San Francisco, California, USA;",unstated,other_mba_tech,mba_unknown,https://careers.withwaymo.com/jobs?gh_jid=8047527,open
b77a8fce06de682deea84dca331ed83234e0fd79463df8abc92c5f69f6d96673,Waymo,Senior Actuary,"San Francisco, CA, USA; Mountain View, CA, USA",unstated,ai_product,mba_unknown,https://careers.withwaymo.com/jobs?gh_jid=8042148,open
a8abb304777a516f056b93e91033ea4429c00ded659e4146a272c3ea48c21cbf,Waymo,Automotive HVAC Systems Engineer,"Mountain View, CA, USA; Novi, MI, USA",unstated,other_mba_tech,mba_unknown,https://careers.withwaymo.com/jobs?gh_jid=8042365,open
a24941f3ef82607a15451ed1d5e53a81fffdf0719dde6d220c737f11b30f36a6,Waymo,Escalation Manager,"Tempe, AZ, USA",unstated,other_mba_tech,mba_unknown,https://careers.withwaymo.com/jobs?gh_jid=8049816,open
8b6c9fef4997dd3d2f041d7bbd8989f5b3858b55e659135beb8dc9a4b28de786,Waymo,Emergency Management Program Manager ,"Tempe, AZ, USA",unstated,other_mba_tech,mba_unknown,https://careers.withwaymo.com/jobs?gh_jid=8036947,open
866c69e5ec20538f6bebeb2fb410e5ce66c3d9692d612356869d3984029a5f0d,Waymo,New Platform Enablement Manager (HW/Ops Design Excellence),"San Francisco, CA, US",unstated,other_mba_tech,mba_unknown,https://careers.withwaymo.com/jobs?gh_jid=8039334,open
84487b6269462edb965a50fa0a8c09b47b160780949a1164f37b5b9fdae09bd9,Waymo,Network Operations Manager,Mountain View CA,unstated,other_mba_tech,mba_unknown,https://careers.withwaymo.com/jobs?gh_jid=8044544,open
8359656aeb9fcdf4e6b4127270416530b2299959a087381da654754612b67495,Waymo,Training Delivery Manager (Fleet Maintenance & Validation TTT),"San Francisco, CA, USA; Tempe, AZ, USA",unstated,other_mba_tech,mba_unknown,https://careers.withwaymo.com/jobs?gh_jid=8049302,open
6234d42c578576e640d44d3d0a74cc64ca92c2e88f6c013c4c4aec6c9ce56979,Waymo,Head of Logistics,"Mountain View, CA, USA",unstated,other_mba_tech,mba_required,https://careers.withwaymo.com/jobs?gh_jid=8039786,open
6051ed23769a6eb18a7633ef5737e6b10b08aeb8bfd8a794c7cf168973535ab4,Waymo,Access Operations Technical Specialist,"Mountain View, CA, USA",unstated,ai_product,mba_unknown,https://careers.withwaymo.com/jobs?gh_jid=8047210,open
4ce92d5a13a1cc0dc3b8ce38e30c72e553c483d07cac31b245e0c72718b90f88,Waymo,"Senior ML Compiler Engineer, Compute","Mountain View, CA, US; New York, NY, US",unstated,ai_product,mba_unknown,https://careers.withwaymo.com/jobs?gh_jid=8049986,open
45df14f3859222130924ad7c75067b183fe49dafef14b13adb6030b70f7082c8,Waymo,Network Delivery Program Manager,Washington DC USA,unstated,other_mba_tech,mba_unknown,https://careers.withwaymo.com/jobs?gh_jid=8044454,open
3eb5f1ec04964dda161fb19fd543f66feb68c22e4543dbe2a3463fb5f32fb842,Waymo,Brand Marketing Operations Manager,"Mountain View, CA, USA; San Francisco, CA, USA",unstated,other_mba_tech,mba_unknown,https://careers.withwaymo.com/jobs?gh_jid=8052676,open
148ea3ae04e872614f7f96ec496aaf5a38a0d89f72558ef021830ac1df086fa2,Waymo,Lifecycle & Engagement Marketing Manager,"Mountain View, CA, USA; San Francisco, CA, USA; ",unstated,product_marketing,mba_unknown,https://careers.withwaymo.com/jobs?gh_jid=8042096,open
0e86aed40f0a5bb4465e81b49c5f50a3543468307227498325b076d22490c4e4,Waymo,Commercial Counsel,"Mountain View, CA, USA",unstated,other_mba_tech,mba_unknown,https://careers.withwaymo.com/jobs?gh_jid=8042495,open
0352d0bf263ac025759a37a98c06b93885329b79cbec29b5ebf32176b64bd9d7,Waymo,"Strategic Partner Manager, Commercialization","Mountain View, California, USA; San Francisco, California, USA",unstated,other_mba_tech,mba_unknown,https://careers.withwaymo.com/jobs?gh_jid=8052332,open
ff16981568db82eb45082b193157dd50002457741b85aaedbcae73227f33a6f4,Waymo,"Senior Research Scientist, Perception","Mountain View, CA, USA ; San Francisco, CA, USA ; Kirkland, WA, USA ; New York City, NY, USA",unstated,ai_product,mba_unknown,https://careers.withwaymo.com/jobs?gh_jid=8003626,open
fa1ade31d4a3152c60f2a1b8d4257176b32a7451c62948cc653f75cf5a5ec8f6,Waymo,"Senior Staff Technical Lead Manager, In-Car Experience","Mountain View, CA, USA",unstated,ai_product,mba_unknown,https://careers.withwaymo.com/jobs?gh_jid=7932205,open
f30347a3362ef53dd5bacc7fbea1d21e34d2103d8112be7204fdb0f4d2acc032,Waymo,"Technical Lead Manager, Query & Storage SWE","Mountain View, California, USA",unstated,other_mba_tech,mba_unknown,https://careers.withwaymo.com/jobs?gh_jid=7917933,open
e9a70b8a67e7d8a0c6801c26e90c58fe38bd4d41d4b0ab4eb3f67f842d04881a,Waymo,"Senior Technical Program Manager, Simulation ","Mountain View, CA, US; San Francisco, CA , US",unstated,ai_product,mba_unknown,https://careers.withwaymo.com/jobs?gh_jid=8026543,open
deb04e6e1c0bdb88491db7a3415596d953a38f9fb8f4900b5ace4b805cb19fca,Waymo,"Staff Systems Engineer, Hardware Architecture ","Mountain View, CA, USA",unstated,other_mba_tech,mba_unknown,https://careers.withwaymo.com/jobs?gh_jid=7927507,open
dd7cb27b093889204b7e54188df13fc7f7ea4e3bed839e71959fe8db41c99bfa,Waymo,"Senior Systems Engineer,  Vehicle Body Control Systems","Mountain View, CA, USA",unstated,other_mba_tech,mba_unknown,https://careers.withwaymo.com/jobs?gh_jid=7981535,open
daacdbfdf82b82559d0aef7bcfd1c62fef9516626beefa404e38ea313dbdee2c,Waymo,Event Response Global Service Delivery Lead,"Tempe, AZ, USA",unstated,other_mba_tech,mba_unknown,https://careers.withwaymo.com/jobs?gh_jid=8029653,open
ce998d8e375498c62c89b7a190e68206236b7e2372f0e2b1e32e3c47cd96d62c,Waymo,"Senior Software Engineer, ML/Eval Data Platforms & Infrastructure","Mountain View, CA, USA; San Francisco, CA, USA",unstated,ai_product,mba_unknown,https://careers.withwaymo.com/jobs?gh_jid=7991303,open
ca34c16f54e698a40de6f92970c46b269093bab8749a3d897fc283828c7f1549,Waymo,"Senior Business Intelligence Analyst, Growth","Mountain View, CA, US; San Francisco, CA, US",unstated,product,mba_unknown,https://careers.withwaymo.com/jobs?gh_jid=8032339,open
c7b8d820eb3ad67e4f2966dcb1702946c2ad4654794449c0606478a1f1f77e50,Waymo,"Staff Research Scientist, Perception","Mountain View, CA, USA ; San Francisco, CA, USA ; Kirkland, WA, USA ; New York City, NY, USA",unstated,ai_product,mba_unknown,https://careers.withwaymo.com/jobs?gh_jid=7975025,open
bdce9bd0bb84d163102d57717dde8ee3db09cc0aa3033e8224ed5ea992455ab5,Waymo,"Staff Software Engineer, DUE Experience","Mountain View, CA, United States ",unstated,ai_product,mba_unknown,https://careers.withwaymo.com/jobs?gh_jid=8012269,open
b55696e72fdef46fcdd2e7d8f58e1d66fb6c0b71dc3c4da4564666ae41294871,Waymo,"Senior Staff Machine Learning Engineer, LLM/VLM Model Architecture & Optimization","Mountain View, CA, USA; San Francisco, CA, USA; ",unstated,ai_product,mba_unknown,https://careers.withwaymo.com/jobs?gh_jid=8022298,open
ae0885ab6c045fb1e82ab0c6ac1fcd96727cc9f95c9aa7ceedd4388040c37b79,Waymo,"Staff Machine Learning Engineer, Simulation Realism ","Mountain View, CA, USA",unstated,ai_product,mba_unknown,https://careers.withwaymo.com/jobs?gh_jid=8027348,open
ad47104641576b595b2076d15f7ef4dfd22c024581b750cbc72298e696ffae8b,Waymo,"Staff Software Engineer, Compute Reliability","Mountain View, California, USA",unstated,other_mba_tech,mba_unknown,https://careers.withwaymo.com/jobs?gh_jid=8027386,open
ac480769d764a31499f7535d6f71691d2bb4b3ba79e3469b9d42ea4514c52255,Waymo,"Senior Machine Learning Engineer, Simulation Evaluation","Mountain View, CA, USA; San Francisco, CA, USA",unstated,ai_product,mba_unknown,https://careers.withwaymo.com/jobs?gh_jid=8001797,open
a0e7f7eb4e1495f756a0ee22f25803a147350bc5605f7b566faf2a65897a95b3,Waymo,"Senior Systems Engineer, Vehicle Security","Mountain View, CA, USA",unstated,other_mba_tech,mba_unknown,https://careers.withwaymo.com/jobs?gh_jid=7974252,open
9deca563abbbd545ad853ff925c440ebfb95d20c9cc7e25a1bd160bab2b6fc24,Waymo,"Senior Manager, Construction ","Mountain View, CA, USA; San Francisco, CA, USA",unstated,ai_product,mba_unknown,https://careers.withwaymo.com/jobs?gh_jid=7955532,open
9d8aea69234cae4a6591e088b76553d95318acf73b6fe2c459072f39a92be9a0,Waymo,"Senior Software Engineer, Fleet Response Infrastructure","Mountain View, California, United States of America",unstated,other_mba_tech,mba_unknown,https://careers.withwaymo.com/jobs?gh_jid=7947243,open
95f0f7db38a9f1f755196d0bd961e85cf19e248e906bd6119694297e279ef45a,Waymo,"Technical Lead Manager, Prediction, ML Evaluation","Mountain View, CA, USA; San Francisco, CA, USA",unstated,ai_product,mba_unknown,https://careers.withwaymo.com/jobs?gh_jid=7963516,open
93159c114111666ffbcbf5bef9d6e3c98f495e175d386fd25c903bb28537d303,Waymo,"Sr. Staff Software Engineer, DUE Experience","Mountain View, CA; Seattle, WA; New York City, NY; Los Angeles, CA",unstated,ai_product,mba_unknown,https://careers.withwaymo.com/jobs?gh_jid=8012271,open
8c3a041e29f5c0f5354b4260b2bcc9d01c12ce81b7e9bdd5e1e1ed40cd820575,Waymo,"Tech Lead, Fleet Response Infrastructure","Mountain View, California, United States ",unstated,other_mba_tech,mba_unknown,https://careers.withwaymo.com/jobs?gh_jid=7947071,open
78d1abd6f34e7a8e3dec46888f7af8696a98cf02aed4882e1bcd77884e7cb270,Waymo,Software Quality Operations Specialist ,"Remote, USA",unstated,ai_product,mba_unknown,https://careers.withwaymo.com/jobs?gh_jid=7944176,open
71c1224aa1f6771918335d2b5fc5bf036423a793c15339b4ef08b34fd0e876e4,Waymo,Staff Software Engineer/ Tech Lead - Onboard Model Consolidation,"Mountain View, California, USA",unstated,ai_product,mba_unknown,https://careers.withwaymo.com/jobs?gh_jid=8013843,open
65a2fbbf281fb51ef26d819cc246b9fe144ab7ddd137ad864c79e57047260aed,Waymo,"Program Manager, Regulatory Reporting","Mountain View, CA, United States; Remote, United States",unstated,ai_product,mba_unknown,https://careers.withwaymo.com/jobs?gh_jid=7977441,open
601152f2b4f188f36aeb491d8bcf6fa22a9300139bb230058b3946c2507cf7d8,Waymo,"Staff Software Engineer, Quantitative Evaluations","Mountain View, CA, USA; San Francisco, CA, USA; New York, NY, USA",unstated,ai_product,mba_unknown,https://careers.withwaymo.com/jobs?gh_jid=7943238,open
5de04ddf78fd3a13fbc2379d904ae6cbec4a0bf8676635eae929dc20d9e7efe8,Waymo,"Director, Product Data Science - Fleet Optimization and Orchestration","Mountain View, CA, US; San Francisco, CA, US",unstated,ai_product,mba_unknown,https://careers.withwaymo.com/jobs?gh_jid=7964897,open
56a1b050007441f2d0cfa4191d16254eefb675da56e85e214fd088417ea32b02,Waymo,"Program Manager, Risk & Insurance","Mountain View, CA, USA; San Francisco, CA, USA",unstated,other_mba_tech,mba_unknown,https://careers.withwaymo.com/jobs?gh_jid=7939648,open
4a7acf7b2a29883fc8d6e297f3d4890e4ced1056dae629cb31cca0c1cfd57563,Waymo,Silicon Emulation Engineer,"Mountain View, CA, USA; New York, NY, USA",unstated,other_mba_tech,mba_unknown,https://careers.withwaymo.com/jobs?gh_jid=8004234,open
44c508d615aae6c70010200ef43490bff3e563dee0db5475ff92bb59963b8940,Waymo,Senior Business Intelligence Analyst,"Mountain View, CA USA ; San Francisco, CA, USA",unstated,other_mba_tech,mba_unknown,https://careers.withwaymo.com/jobs?gh_jid=7959074,open
4099a0a25032af79b59895c5f77d498475fafcddebbe27d88e1ff26047eab96f,Waymo,"Senior Machine Learning Engineer, Fleet Monitoring & Response","San Francisco, CA; Mountain  View, CA, USA",unstated,ai_product,mba_unknown,https://careers.withwaymo.com/jobs?gh_jid=7939542,open
34a7ac70f8b684f44b3e429c1899cac503e7cfb05c46c3e6dd398671fd4c4873,Waymo,"Senior Software Engineer, Simulator Orchestration","Mountain View, California, United States; San Francisco, California, United States",unstated,ai_product,mba_unknown,https://careers.withwaymo.com/jobs?gh_jid=7978589,open
3344441198e2dd229ec9a6be82e8ac44748fec8e095edae8fd7d50e78629a0a0,Waymo,"Product Manager, Growth","Mountain View, CA, USA; San Francisco, CA, USA",unstated,ai_product,mba_required,https://careers.withwaymo.com/jobs?gh_jid=8027001,open
30c6252001c12a0d72da2a0671e0048ca8ab5255510a46d0b5fd173ee14ceb6d,Waymo,Staff Field Quality Engineer,"Mountain View, CA, USA",unstated,other_mba_tech,mba_unknown,https://careers.withwaymo.com/jobs?gh_jid=7964147,open
2e86b1602c5b309a208d9a0608d7f08a877089632bcf77bec546066b6e585d7d,Waymo,Safety Documentation - Regulatory Permits,"Mountain View, CA, USA; San Francisco, CA, USA",unstated,other_mba_tech,mba_unknown,https://careers.withwaymo.com/jobs?gh_jid=7951884,open
2660b0fe6df84a229d2b17be391a14a3e80e167e4699e50caeae51323b39ee7b,Waymo,ASIC Design Verification Engineer ,"Mountain View, CA, USA",unstated,ai_product,mba_unknown,https://careers.withwaymo.com/jobs?gh_jid=7991417,open
0e2d704c05f23f76bc84b8ec0a8927e16a914fa5e1e57e2727f3df2542c191b8,Waymo,"Tech Lead Manager, Data Engineer","Mountain View, California, USA",unstated,other_mba_tech,mba_unknown,https://careers.withwaymo.com/jobs?gh_jid=7947334,open
08ab74ac787b05348d05be4505ebd7914b8281d7fcb14e1ec17891ea564ca5a0,Waymo,"Staff Software Engineer, 3D & Data Visualization Tools","Mountain View, CA, US; San Francisco, CA, US",unstated,other_mba_tech,mba_unknown,https://careers.withwaymo.com/jobs?gh_jid=7909457,open
f2bba10479fb4ed4a9eb5dcc9c49bbc1aafed4b7d33c3ce878e8dc55b56ffeae,Waymo,"Senior Software Engineer,  DevAI ","Mountain View, CA, USA; San Francisco, CA, USA",unstated,ai_product,mba_unknown,https://careers.withwaymo.com/jobs?gh_jid=7863159,open
ed3f31c1b023dd7b0b4b5e58441a6189263910142051d54558458aea25fd5a1f,Waymo,Market Operations Lead - San Francisco ,"San Francisco, CA USA",unstated,other_mba_tech,mba_required,https://careers.withwaymo.com/jobs?gh_jid=7851972,open
ebef885e232bdd311d26a5f15c14de466124348850b4cba530ce2601f1706142,Waymo,"Sr. Machine Learning Engineer, Marketplace ML Platform","Mountain View, CA, United States ",unstated,ai_product,mba_unknown,https://careers.withwaymo.com/jobs?gh_jid=7905693,open
e9f429d15543cd046ae06ef726d023331a623795e98ca1c738900b6ed56c6da5,Waymo,"Software Engineer, Marketplace Logistic","Mountain View, CA, United States ",unstated,ai_product,mba_unknown,https://careers.withwaymo.com/jobs?gh_jid=7905709,open
ca7a9e1ac117d818d8f1ce187e448006b5c6709f0e69de55b303e33e43ce0913,Waymo,"Machine Learning Engineer, Marketplace Pricing","MountainView, CA, United States  ",unstated,ai_product,mba_unknown,https://careers.withwaymo.com/jobs?gh_jid=7905643,open
b68eafb1e0b46a4db1d30b1b528cf1b96fcff244c0a684d5a9b221085065f37a,Waymo,"Software Engineer, Pipeline and Test Health","Mountain View, CA, US; San Francisco, CA, US",unstated,other_mba_tech,mba_unknown,https://careers.withwaymo.com/jobs?gh_jid=7773691,open
b2ba330a6b77b325b13fdcac6b9cf32f22e7235c2568ccf8863f442ad6105708,Waymo,Brand Media Strategy & Analytics Manager,"Mountain View, CA, USA; San Francisco, CA, USA",unstated,product_marketing,mba_unknown,https://careers.withwaymo.com/jobs?gh_jid=7839116,open
b259417a4d858c775c31690da23a69c4f80659da0659bc3bf52401a7386905e5,Waymo,Senior Signal and Power Integrity Engineer,"Mountain View, CA, USA",unstated,other_mba_tech,mba_unknown,https://careers.withwaymo.com/jobs?gh_jid=8152061,open
ae0c9ed785a0622a7b7bacd22286021f77351e857bfba811c9ebf657a5acc3aa,Waymo,"Hardware Engineer, LIDAR Performance Validation","Mountain View, CA, USA",unstated,other_mba_tech,mba_unknown,https://careers.withwaymo.com/jobs?gh_jid=7808260,open
ad29ac44fd0050b5e93825eae961c43a59edb8b1660482cd57506a9612ad0333,Waymo,"Senior Machine Learning Engineer, Runtime and Serving","Mountain View, CA, USA",unstated,ai_product,mba_unknown,https://careers.withwaymo.com/jobs?gh_jid=7845732,open
9f7dd05267976cddbd1b7d616d783add587fba79be09c0063fe1d72500bb81ff,Waymo,Global Product Marketing Lead,"Mountain View, CA, USA; San Francisco, CA, USA",unstated,product_strategy,mba_unknown,https://careers.withwaymo.com/jobs?gh_jid=7838889,open
91b40fc9e8e748edcdb91cab2d7eb00b6e7cd4b7d69cefc9d284cd73d2ca735d,Waymo,"Principal Software Engineer, Onboard Field Response","Mountain View, CA, USA",unstated,ai_product,mba_unknown,https://careers.withwaymo.com/jobs?gh_jid=7848842,open
8a2c40b71eccf17ceeaf063235a53e08b6752f3d9125c8f8677a07be933b1687,Waymo,"Senior Software Engineer, Vehicle Platforms C++","Mountain View, CA, US",unstated,other_mba_tech,mba_unknown,https://careers.withwaymo.com/jobs?gh_jid=7822756,open
82855bf3fadd6514b59880a503ddb9d6165e53a4ed2871ebbaa96ccb5d119b9a,Waymo,NPI Technical Program Manager,"Mountain View, CA, USA; Novi, Michigan, USA",unstated,other_mba_tech,mba_unknown,https://careers.withwaymo.com/jobs?gh_jid=7816359,open
76937fc2a304dab64bc9123c14af70300d8245c9661f046e195e9421c99d89e0,Waymo,"Group Product Manager, DevAI & Agentic Workflows","Mountain View,CA,USA; San Francisco,CA,USA",unstated,ai_product,mba_unknown,https://careers.withwaymo.com/jobs?gh_jid=7762871,open
72954320d7848f68cfb21e3af3de5c174cc2e1a30485ed7541ca43f8d102b7d2,Waymo,Safety Case Research - Product Development Lead,"Mountain View, CA, USA; San Francisco, CA, USA",unstated,ai_product,mba_unknown,https://careers.withwaymo.com/jobs?gh_jid=7884982,open
71f5430e708ac9ab4cf4e6bb3686816f1df5220bea70bf3ac3c8701e8cc2a0d3,Waymo,Planning Manager - GOC,"Remote, USA",unstated,other_mba_tech,mba_required,https://careers.withwaymo.com/jobs?gh_jid=7858106,open
6a24e293588b7a5657fb2e2b66bdb4fd7508e3b314f4dacbb90dd67387872a30,Waymo,Technical Training Manager (WRA/RS),"Mountain View, CA, US; Phoenix, AZ, US; San Francisco, CA, US",unstated,other_mba_tech,mba_unknown,https://careers.withwaymo.com/jobs?gh_jid=7899420,open
6964edbfe4a94d8812412b3cfc5e057bbc6f1529a7f29d0723a3506850409287,Waymo,"Technical Program Manager, Systems Engineering","San Francisco, CA,US; Mountain View, CA, US",unstated,other_mba_tech,mba_unknown,https://careers.withwaymo.com/jobs?gh_jid=7733791,open
5df518788d97274c1c712ad69934990c8693eec48d695f38fb03158c626cf3d0,Waymo,"Staff Software Engineer, Booking","Mountain View, CA, United States",unstated,other_mba_tech,mba_unknown,https://careers.withwaymo.com/jobs?gh_jid=7905695,open
4ee1210187d394195cef72f4a4afdeea424e191b66a84a37738544a764db2ac8,Waymo,Tech Lead  Manager ML Optimization,"Mountain View, California, United States",unstated,ai_product,mba_unknown,https://careers.withwaymo.com/jobs?gh_jid=7686010,open
4dcd6b874dff5b9bd405253c37f51b5e4699fb8a539586e29a1ee87a3f9e2ef1,Waymo,Staff Software Quality Safety Operations Specialist,"Mountain View, CA, United States; Remote, United States",unstated,ai_product,mba_unknown,https://careers.withwaymo.com/jobs?gh_jid=7816014,open
40d6973a03ebe322e01475133279b391fc391b38ff1981bbbd7f3b38ce4c2b8a,Waymo,Senior Staff Regulatory and Compliance Systems Engineer,"Mountain View, CA, USA; San Francisco, CA, USA",unstated,other_mba_tech,mba_unknown,https://careers.withwaymo.com/jobs?gh_jid=7926270,open
34ff62d7edfb25b2898d5b07856cf63e2a6d479b1eae131fee4fe8912ede487d,Waymo,"Staff Tech Lead, ML Data Infrastructure and Inference Platform ","Mountain View, CA, USA",unstated,ai_product,mba_unknown,https://careers.withwaymo.com/jobs?gh_jid=8142863,open
2faa09693e36063017f773e38df154bb59fbb493a77fb249af752f830a019e65,Waymo,"Staff Machine Learning Engineer, Tech Lead, Labeling Automation","Mountain View, CA, USA",unstated,ai_product,mba_unknown,https://careers.withwaymo.com/jobs?gh_jid=7719332,open
25dc645a9277564712e612406303c1439ec0c06b6523b5cfd153d77fa6b918a6,Waymo,"Staff iOS Engineer, Growth","San Francisco, CA, USA; Mountain View, CA, USA",unstated,other_mba_tech,mba_unknown,https://careers.withwaymo.com/jobs?gh_jid=7815237,open
1ff94bb37075bb758b37f9db42caf332824ffea77e96e71061d1721eb52d3423,Waymo,"Senior Software Engineer, Eval Authoring APIs","Mountain View,CA, USA; San Francisco, CA, USA; New York, NY, USA ",unstated,ai_product,mba_unknown,https://careers.withwaymo.com/jobs?gh_jid=7747032,open
1d6db9d652a13b0ce8da484e704b3c057656d4ae78a49b854bbc25ed463b7e6e,Waymo,"Senior System Safety Engineer, Operations & Fleet Response","Mountain View, CA, USA; San Francisco, CA, USA; Los Angeles, CA, USA; Seattle, WA, USA",unstated,other_mba_tech,mba_unknown,https://careers.withwaymo.com/jobs?gh_jid=7763316,open
0b2f1bd55e07fdf815f4c4b152039336b0cf38afa002ba59a5048eedc983d124,Waymo,"Sr. Staff Software Engineer, Fleet Orchestration, TLM","Mountain View, CA, United States; San Francisco, CA, United States",unstated,product,mba_unknown,https://careers.withwaymo.com/jobs?gh_jid=7901943,open
f81d97573408bc6e36bec1e7975f7bfeb0976663812fff8dd49d5f259a1c6680,Waymo,"Staff Machine Learning Engineer, Data Flywheel","Mountain View, CA USA;  San Francisco, CA USA;",unstated,ai_product,mba_unknown,https://careers.withwaymo.com/jobs?gh_jid=7593522,open
f6982ef3c413ca91d4021c67ec3d9f6ccf064538ab3f9e9a798272fdcea93223,Waymo,Staff Software Engineer / Technical Lead Manager ,"San Francisco, California, United States",unstated,other_mba_tech,mba_unknown,https://careers.withwaymo.com/jobs?gh_jid=7680942,open
f4bb2807f75f47e30cd684a3f83e8af0d9614258c996ad92d1d5f0e6ff1c7281,Waymo,"Technical Lead Manager, Machine Learning, Maneuvering Tech","Mountain View, California, USA; San Francisco, California, USA",unstated,ai_product,mba_unknown,https://careers.withwaymo.com/jobs?gh_jid=7460470,open
ee3526af27a59d261bb42eda6e2152266589516bc191f8629da91675bd091abe,Waymo,"Senior Machine Learning Engineer, Perception LLM/VLM","Mountain View, CA USA;  San Francisco, CA USA;",unstated,ai_product,mba_unknown,https://careers.withwaymo.com/jobs?gh_jid=7488596,open
e8b97fc5bc791fcc3db3f5c858abf9873c332b6363f325a286ea169c9f2e1036,Waymo,"EHS Manager, Americas Subregional","Washington, DC, USA; New York, New York, USA",unstated,other_mba_tech,mba_unknown,https://careers.withwaymo.com/jobs?gh_jid=7658411,open
e129a5c19bfdc7cc125ce9fcb1845a3ccae57b3d5576bd5c4e18ae1abe2250fa,Waymo,"Staff Machine Learning Engineer, Maneuvering Tech","Mountain View, CA, USA; San Francisco, CA, USA; Pittsburgh, PA, USA",unstated,ai_product,mba_unknown,https://careers.withwaymo.com/jobs?gh_jid=8001059,open
e0868e038bc43852955d7060710a96d3d8e3c1dd44513100cc6abe0d3cd22f3d,Waymo,"Machine Learning Engineer, Maneuvering Tech","Mountain View, CA, USA; San Francisco, CA, USA; Pittsburgh, PA, USA",unstated,ai_product,mba_unknown,https://careers.withwaymo.com/jobs?gh_jid=8039191,open
dbbf91c1b43efee41ac60e4fa822cc5ec40a0781c1f33a74ec66474ca6df1663,Waymo,"Senior Software Engineer, Bulk/Interactive Inference","Mountain View, CA, USA",unstated,ai_product,mba_unknown,https://careers.withwaymo.com/jobs?gh_jid=7466529,open
bb93da9c54eece42508050c8674070af8b8fc182c1149e13a75f3e37aeb17652,Waymo,"Software Engineer, GPU","Mountain View, CA, USA; New York, NY, USA",unstated,other_mba_tech,mba_unknown,https://careers.withwaymo.com/jobs?gh_jid=7554830,open
b54b289246d93d11725c4e4fc039cf625d5f55e3c90aeffe810f1c1e91b91c9e,Waymo,"Technical Lead Manager, Multiverse","Mountain View, CA, USA",unstated,ai_product,mba_unknown,https://careers.withwaymo.com/jobs?gh_jid=7531466,open
8840ae682ded01e14559bbca1d592b5bdb9e7d17db5f209de246e83a7aa2ae20,Waymo,Senior Formal Verification Engineer,"Mountain View, CA, USA",unstated,other_mba_tech,mba_unknown,https://careers.withwaymo.com/jobs?gh_jid=7593534,open
8770a38643515a58ac640d573902d2114dadd79b48ad1a7c3f04d873f567a0c5,Waymo,"Staff TLM, Perception, Sensor Pipelines","Mountain View, CA, USA; San Francisco, CA, USA",unstated,ai_product,mba_unknown,https://careers.withwaymo.com/jobs?gh_jid=7596467,open
8555d1c1cda86656d8d1eff62837e2416f72a585b66856f74179b298777d5071,Waymo,"Program Manager, New Markets & Platforms","Mountain View, CA, US",unstated,ai_product,mba_required,https://careers.withwaymo.com/jobs?gh_jid=7458409,open
8384c66f68d39256c2a9c65a135302dd635682e7bcaa569b577a6c21764660ae,Waymo,"Senior Software Engineer, Quantitative Evaluations","Mountain View, CA, USA; San Francisco, CA, USA",unstated,ai_product,mba_unknown,https://careers.withwaymo.com/jobs?gh_jid=7477172,open
7a7d4d1a5b3a3d3b399a342ae09c1533831b92a0fb18f62d992627c3c873a158,Waymo,"Technical Lead Manager, Perception, Traffic Control Understanding","Mountain View, CA, USA; San Francisco, CA, USA",unstated,ai_product,mba_unknown,https://careers.withwaymo.com/jobs?gh_jid=7561880,open
7115487400d673374a5c1b73a94ae3080a24e5686ebfe1634f287ae7d0442bbb,Waymo,"Machine Learning Engineer Perception LLM/VLM (PhD, New Grad)","Mountain View, CA USA;  San Francisco, CA USA;",unstated,ai_product,mba_unknown,https://careers.withwaymo.com/jobs?gh_jid=7488508,open
6781c2ebaab3cdd3b286f97f916923551d9fc517a681fcf99db5c96e27d9971b,Waymo,Senior ML Accelerator Architect,"Mountain View, CA, US; New York City, NY, US",unstated,ai_product,mba_unknown,https://careers.withwaymo.com/jobs?gh_jid=7509005,open
57625d2e7ba29e4e5721e72677bb351578d94141c3b2e24e666c811b96f56f85,Waymo,OEM Platform Integration Engineer,"Mountain View, CA, USA ",unstated,other_mba_tech,mba_unknown,https://careers.withwaymo.com/jobs?gh_jid=7561934,open
572f69e20d07b62bee1a6620626b0873643b4d7773e4f744315be194286bfd62,Waymo,Software Quality Operations Specialist,"Mountain View, CA, United States; San Francisco, CA, United States; Remote, United States",unstated,ai_product,mba_unknown,https://careers.withwaymo.com/jobs?gh_jid=7458098,open
508f1b1778363c1b45d657fb569db635a5e6f1fc66ad61bf56811a40234eb000,Waymo,"Research Scientist, RL for Autonomous Planning & World Modeling  ","Mountain View, CA, USA; San Francisco, CA, USA; Kirkland, WA, USA; New York City, NY, USA",unstated,ai_product,mba_unknown,https://careers.withwaymo.com/jobs?gh_jid=8165872,open
35bcb8728b9d897b7329293608d7724b6e387493b08ea6c54cdf177ffcd46f56,Waymo,Staff Machine Learning Engineer – VLM/LLM,"Mountain View, CA, USA; San Francisco, CA, USA; New York City, NY, USA",unstated,ai_product,mba_unknown,https://careers.withwaymo.com/jobs?gh_jid=7595124,open
34eafcf5fed09396cf3b1fe49fa04c8ac9b30f525e474f68423b838001fe2065,Waymo,"Senior Staff Technical Lead Manager, Perception Optimization","Mountain View, CA, USA; San Francisco, CA, USA",unstated,ai_product,mba_unknown,https://careers.withwaymo.com/jobs?gh_jid=7495240,open
320594a29b7409e1a864eeb209a51788ec3f08b93d053baf65774c15e6e35d4a,Waymo,"Staff Software Engineer, Privacy","Mountain View, CA, USA ",unstated,ai_product,mba_unknown,https://careers.withwaymo.com/jobs?gh_jid=7547529,open
31206eba995fde889f2ec426046f066ae741a34a7f007bdc995eb04549352d57,Waymo,"Staff Technical Lead Manager, Scenes","Mountain View, CA, USA; San Francisco, CA, USA",unstated,ai_product,mba_unknown,https://careers.withwaymo.com/jobs?gh_jid=7839759,open
2df047ac9062336b76c4295d24649e098a1702bfa1b0d2e9de4d51de2c0a8dd0,Waymo,"Senior Software Engineer, Inertial Navigation","Mountain View, California, US",unstated,ai_product,mba_unknown,https://careers.withwaymo.com/jobs?gh_jid=7510368,open
24364db0f9fd9160f403bd84b900f0612a4e09e652b4d2dadb8e649d425a5b84,Waymo,Staff Data Scientist,"Mountain View, California, USA; San Francisco, California, USA",unstated,ai_product,mba_unknown,https://careers.withwaymo.com/jobs?gh_jid=7458013,open
1132ea3c02b379acccae2978b21f59a037f202c2770463260769aafe548b4234,Waymo,"Software Engineer, Statistical Evaluation and Sampling","Mountain View, CA, USA; San Francisco, CA, USA",unstated,ai_product,mba_unknown,https://careers.withwaymo.com/jobs?gh_jid=7543520,open
0a710c7c7b555ee12cdabf10d89cdaa7b07177c819cc1278729e4c4d1a234b8a,Waymo,"Senior Android Engineer, In-Car Experience","Mountain View, CA, US; San Francisco, CA, US",unstated,other_mba_tech,mba_unknown,https://careers.withwaymo.com/jobs?gh_jid=7484282,open
04573e55b679f65c1113945d7b6b067da24b6453c79592b2cff37ec91fec6d72,Waymo,"Senior Software Engineer, Configuration & Experiments","Mountain View, CA, US; San Francisco, CA, US",unstated,other_mba_tech,mba_unknown,https://careers.withwaymo.com/jobs?gh_jid=7484358,open
00f09ed0f4d005085a97985c45394a3e7bbc3e08434a2a5635dfbd98cd85ee57,Waymo,"Staff Technical Lead Manager, Simulation, Machine Learning ","New York, NY, USA; Mountain View, CA, USA; San Francisco, CA, USA",unstated,ai_product,mba_unknown,https://careers.withwaymo.com/jobs?gh_jid=7483051,open
fab3e336c6d205713a164d205de16db146aeae1008be0ced0ae6e9a9255ae898,Waymo,"Senior Machine Learning Engineer, Robotics","Mountain View, CA, USA; San Francisco, CA, USA",unstated,ai_product,mba_unknown,https://careers.withwaymo.com/jobs?gh_jid=7456696,open
f5e662af818899a59155073d19f7901f8086c63893ecfe36ed345ab3f13e0156,Waymo,"Senior Software Engineer, Mapping Field Response","Mountain View, CA, USA",unstated,other_mba_tech,mba_unknown,https://careers.withwaymo.com/jobs?gh_jid=7429828,open
e80cefcf8d7be6aba835dd623eff314a3d4c241faddea8ed617dbd0296ed9093,Waymo,"Senior Data Science Manager, Driving Quality","Mountain View, California, USA",unstated,ai_product,mba_unknown,https://careers.withwaymo.com/jobs?gh_jid=7239320,open
e5c99317df535218c1015d597a1f25e8ee52d201119a9919ce8d35b7f0db30fb,Waymo,"Marketplace Platform, TLM","Mountain View, CA, USA ",unstated,ai_product,mba_unknown,https://careers.withwaymo.com/jobs?gh_jid=7436212,open
dedaf5e94d150f238386ff4da14b69378564988f04dee19bfafeab8a125735cf,Waymo,Tech Lead Manager- Onboard Software Performance,"Mountain View, CA, USA",unstated,ai_product,mba_unknown,https://careers.withwaymo.com/jobs?gh_jid=7387093,open
ccc0cb44df2a444c7d961ffd5c86866116be4a4553569c30b415f0ea83a69afa,Waymo,"Senior Staff ML Engineer, Driver Understanding and Evaluation","Mountain View,  CA, United States ",unstated,ai_product,mba_unknown,https://careers.withwaymo.com/jobs?gh_jid=7421737,open
bf47bc4c310c8c3bcd24d788bf4bd4646bdc0b2d44d43183515828bd67250148,Waymo,"Sr Staff Tech Lead, Machine Learning Engineer, Perception","Mountain View, California, United States, San Francisco, California, United States",unstated,ai_product,mba_unknown,https://careers.withwaymo.com/jobs?gh_jid=8171684,open
b007b0a79d503a06f10bb13e0122f4c11a02a43251f1d6a2be5e1240490409d7,Waymo,Senior Data Scientist,"Mountain View, California, USA; San Francisco, California, USA",unstated,ai_product,mba_unknown,https://careers.withwaymo.com/jobs?gh_jid=7456042,open
ae11fbcb2beb8b18012887f248b6156d94783940c3c223d835d0cc550923cf68,Waymo,"Staff Tech Lead, Perception, Pre-training & Distillation","Mountain View, California, United States, San Francisco, California, United States",unstated,ai_product,mba_unknown,https://careers.withwaymo.com/jobs?gh_jid=8172377,open
a601f4b121e357b78adaaac0675abafe9c3d8307bed3f6d414ef8bbe09780d56,Waymo,"Sr Software Engineer, Android Automotive","Mountain View, California, USA",unstated,ai_product,mba_unknown,https://careers.withwaymo.com/jobs?gh_jid=7438665,open
a392b7338133198d44bd53443404a998a57dc4d72960fed36740a5a8c49f6db1,Waymo,"Senior Fullstack Software Engineer, Workshop Management","San Francisco, CA, USA",unstated,other_mba_tech,mba_unknown,https://careers.withwaymo.com/jobs?gh_jid=7426952,open
943a68e7cb72b351b96b835b15d7e4974102f486dc5cc8b50bd1ff88ac7a600e,Waymo,"Senior Staff TLM, Data Mining and Sampling for ML and Evaluation","Mountain View, California, United States; San Francisco, California, United States; New York City, New York, United States.",unstated,ai_product,mba_unknown,https://careers.withwaymo.com/jobs?gh_jid=7426471,open
8bde60c152a37dff6e2c624c654bb079f5c1a2820e758dec86faabf3de084aa2,Waymo,"Software Engineer, Vehicle Platforms C++","Mountain View, CA, US",unstated,other_mba_tech,mba_unknown,https://careers.withwaymo.com/jobs?gh_jid=7429873,open
8a1b10bbf9c91773918c78f728878ab7aebf350e5cb294452e5ce482d2fc8fb9,Waymo,Senior Android Platform Engineer,"San Francisco, CA, USA; Mountain View, CA, USA",unstated,other_mba_tech,mba_unknown,https://careers.withwaymo.com/jobs?gh_jid=7382506,open
80e46dd13af5e6c5daea7d3c30741a25a859718912ebb37bda7c3ef63308689f,Waymo,"Embedded Software Technical Lead & Manager, Simulation","Mountain View, CA, USA",unstated,other_mba_tech,mba_unknown,https://careers.withwaymo.com/jobs?gh_jid=7361509,open
7cdf213837a19178c25b55e950adb553c3323a8e36c408cc13c8d3d0b2afb432,Waymo,"Staff Software Engineer, Simulator Platform","Mountain View, CA, USA",unstated,ai_product,mba_unknown,https://careers.withwaymo.com/jobs?gh_jid=7222566,open
7b59e61741a4764240960824a842cabdc9b63bf70562e3c9f80c927fc73ff0a8,Waymo,"Staff Tech Lead, Machine Learning Engineer, Perception","Mountain View, California, United States; San Francisco, California, United States",unstated,ai_product,mba_unknown,https://careers.withwaymo.com/jobs?gh_jid=7450706,open
74fba2b5d4ebdf7bf284c841f325911471800dc2d89d1e1ee89921563c570371,Waymo,"Sr Software Engineer, Telematics","Mountain View, California, USA",unstated,ai_product,mba_unknown,https://careers.withwaymo.com/jobs?gh_jid=7438645,open
73ee1b5c5fd969361116019d811d847441ceab92d71c6af5a126077a84594df9,Waymo,Data Scientist,"Mountain View, California, USA; San Francisco, California, USA",unstated,ai_product,mba_unknown,https://careers.withwaymo.com/jobs?gh_jid=7455592,open
66b4f5cbf46d6cf3b9e94e211c93363240eab3a813fd78a8b347dbfe2d790c1d,Waymo,"Software Engineer, Perception Scaling Evaluation","Mountain View, CA, USA; San Francisco, CA, USA",unstated,ai_product,mba_unknown,https://careers.withwaymo.com/jobs?gh_jid=7449712,open
53109b3aa7c1a07c94c784580fe4a0f39fe71da3bb2e9d021931f89f6c63a9c5,Waymo,"Senior Software Engineer, Internal Tooling","Mountain View, CA, US",unstated,other_mba_tech,mba_unknown,https://careers.withwaymo.com/jobs?gh_jid=7429795,open
527e5400d094d587bbe5f63ee12d5f6a6b131e43c840cd88e042e0e3b405f0ed,Waymo,"Senior Machine Learning Engineer, Computer Vision/VLM","Mountain View, CA, USA; San Francisco, CA, USA",unstated,ai_product,mba_unknown,https://careers.withwaymo.com/jobs?gh_jid=7249525,open
50b776ca540071f0c480d71d0f05f321fd26875ed9619e7001ca8b1f0fafb72a,Waymo,"Tech Lead, Self Driving Eval Infrastructure","Mountain View, CA, USA",unstated,ai_product,mba_unknown,https://careers.withwaymo.com/jobs?gh_jid=7449213,open
4fc9ec95e614cd9152d0a3b664603471fecb17360f5ef2b88be187b90866bdb9,Waymo,Software Quality Operations Specialist,"Remote, USA",unstated,ai_product,mba_unknown,https://careers.withwaymo.com/jobs?gh_jid=7456163,open
4f189315ed79ca03dd7d2c68954333fef019ef0fbcd0eda8ed5b9b30418240ff,Waymo,"Senior Backend Engineer, Security","Mountain View, CA, USA ; San Francsico, CA, USA",unstated,other_mba_tech,mba_unknown,https://careers.withwaymo.com/jobs?gh_jid=7347335,open
4d4a25f6cbaee3ebbb613018f87c5d7e8591f22cd24f735e972eee36c6dce8cf,Waymo,SAP Finance System Architect & Automation Lead,"Mountain View, California, USA",unstated,ai_product,mba_preferred,https://careers.withwaymo.com/jobs?gh_jid=7435909,open
4a5c4e88995e074c094627d3f5ff3fddee79c939be405f8dfcaf84bb703c26b1,Waymo,"Senior Machine Learning Engineer, Maneuvering Tech","Mountain View, CA, USA; San Francisco, CA, USA; Pittsburgh, PA, USA",unstated,ai_product,mba_unknown,https://careers.withwaymo.com/jobs?gh_jid=7456936,open
48c88be0a96dcfa35f3da3fc0b781a7e4d723d99d5f73f38c61912188a4d4274,Waymo,"Staff Machine Learning Engineer, Mapping","Mountain View, CA, USA",unstated,ai_product,mba_unknown,https://careers.withwaymo.com/jobs?gh_jid=7429791,open
3db39b5f9e23c889e961a2da28a8a948f27fefc5b41121733685ff1d9c180e62,Waymo,Perception Machine Learning Engineer,"Mountain View, CA, USA; San Francisco, CA, USA",unstated,ai_product,mba_unknown,https://careers.withwaymo.com/jobs?gh_jid=7446279,open
3c9841bec2410a781abd38d76b90787f899e1dec7cacfe4f84a98962ed4783e0,Waymo,Staff Machine Learning Engineer - Vision-Language Foundation Models,"Mountain View, California, United States",unstated,ai_product,mba_unknown,https://careers.withwaymo.com/jobs?gh_jid=8080909,open
25c038a6e892df30db238f1e2fcd6dd24ba8fa34df7e935681fffb5549aef308,Waymo,"System Safety Engineer, Operations & Fleet Response","Mountain View, CA, USA; San Francisco, CA, USA; Los Angeles, CA, USA; Kirkland, WA, USA",unstated,other_mba_tech,mba_unknown,https://careers.withwaymo.com/jobs?gh_jid=7361677,open
1a97460d47c7e774895d4f82af8d656aa00410cdfe72a52d17b40e2ad988a6c5,Waymo,Senior Data Engineer,"Mountain View, California, USA",unstated,other_mba_tech,mba_unknown,https://careers.withwaymo.com/jobs?gh_jid=7438328,open
1456e87f0fa833c90dc336d26c3a035d056b38f5dfa4b6c8b5a210f4e578a541,Waymo,"Staff Machine Learning Engineer, Infrastructure","Mountain View, CA, USA; San Francisco, CA, USA",unstated,ai_product,mba_unknown,https://careers.withwaymo.com/jobs?gh_jid=7429718,open
e0ea2152c49e0f931a566e0cf958a8284ecc332ebdf755cf480dccdc222d3a09,Waymo,"Senior Software Engineer, Training Efficiency","Mountain View, California, United States",unstated,ai_product,mba_unknown,https://careers.withwaymo.com/jobs?gh_jid=7121224,open
c6174be61733c185a47a19010e0289016e5e4b6de5e915cf5f5434ae2bfa7a65,Waymo,Senior Security Engineer,"Mountain View, California, USA",unstated,other_mba_tech,mba_unknown,https://careers.withwaymo.com/jobs?gh_jid=7160937,open
b8487ff6079adfeef9b7b649cebaca2026f4512a8c7490fe3461b5ca0889c1f5,Waymo,"Senior Software Engineer, ML Evaluation Infra and Efficiency","Mountain View, California, United States",unstated,ai_product,mba_unknown,https://careers.withwaymo.com/jobs?gh_jid=7177351,open
b5a6a2fe5bcd1f579cf061dce9f56c19b11b123bfd55a438ef70f5df6a90222f,Waymo,"Machine Learning Engineer, Simulation Realism ","Mountain View, CA, USA",unstated,ai_product,mba_unknown,https://careers.withwaymo.com/jobs?gh_jid=6688617,open
590d12d66887a49fc01e12b9d9a1eed21df6f1e00f6fcf40daf795bffc9808df,Waymo,"Machine Learning Engineer, Simulation Realism","Mountain View, CA, USA",unstated,ai_product,mba_unknown,https://careers.withwaymo.com/jobs?gh_jid=6499165,open
4a0b3d335fd8fbcdd4c072adad2dd1dcdd475185cedda30837a01c990da51ca9,Waymo,"Machine Learning Engineer / Applied Scientist, Prediction & Planning ","Mountain View, CA USA; San Francisco, CA USA",unstated,ai_product,mba_unknown,https://careers.withwaymo.com/jobs?gh_jid=7309064,open
3cc67325210109ad3943b1b623c542676ea26c3327c196041dce45d8901d8d5c,Waymo,"Senior Software Engineer, Linux Kernel","Mountain View, California, USA",unstated,ai_product,mba_unknown,https://careers.withwaymo.com/jobs?gh_jid=7028511,open
2e6f880185302bc58cab8ff31fcdd9504e4dc686602a472548329e3716d5200d,Waymo,"Machine Learning Engineer, Prediction & Planning","Mountain View, CA, USA; San Francisco, CA, USA",unstated,ai_product,mba_unknown,https://careers.withwaymo.com/jobs?gh_jid=6506689,open
2250d303b6a1c16697cde4617b02e27a43e55d9255ab214443c3314f89544d9f,Waymo,"Staff Technical Lead Manager, ML Sensor Validation","Mountain View, CA, USA; San Francisco, CA, USA",unstated,ai_product,mba_unknown,https://careers.withwaymo.com/jobs?gh_jid=7094669,open
1508649231da87d06b4816517e18b40cdfd472899ce4d2e0532fe7793b7348ab,Waymo,"Senior/Staff ML Engineer, 3D/4D World Modeling, Simulation ","Mountain View, CA, USA",unstated,ai_product,mba_unknown,https://careers.withwaymo.com/jobs?gh_jid=6669555,open
03c8f43ba169336d4493bc8c38d48287380c13c6367472144b425df4375fd33c,Waymo,Senior Software Engineer - Multiverse,"Mountain View, CA, USA; San Francisco, CA, USA;",unstated,ai_product,mba_unknown,https://careers.withwaymo.com/jobs?gh_jid=6773081,open
2012802de13b3810292a9978d11dd459d0b911ce250c4c5eef709072539f1911,Peloton,Peloton Expert (Part-Time) - Lynnwood,"Lynnwood, Washington",unstated,ai_product,mba_unknown,https://careers.onepeloton.com/en/all-jobs/?gh_jid=8223408,open
0ee58b210ad0713102c322c25182b5dc65c733200c7b487f3ce07592463b58b2,Airbnb,"Data Scientist - Algorithms, Community Support",Remote - USA,unstated,ai_product,mba_unknown,https://careers.airbnb.com/positions/8031901?gh_jid=8031901,open
c795eec1c6e4f7e43e522af7bbb9fc538f9d175fcf776ad6da432a63cd84d6b9,Chime,"Senior Software Engineer, Data Platform","San Francisco, CA, USA",unstated,other_mba_tech,mba_unknown,https://boards.greenhouse.io/chime/jobs/8840193002?gh_jid=8840193002,open
601dc6d1bc02db4c68275adc52ffac76efd1ab1e899b17b1ac3ece9d8f565f5c,Chime,"Software Engineer, Infrastructure Platform ","Chicago, IL, USA; New York, NY, USA; San Francisco, CA, USA",unstated,other_mba_tech,mba_unknown,https://boards.greenhouse.io/chime/jobs/8859182002?gh_jid=8859182002,open
a28a8be64472a180725e6f056712bff832edc92536b25921724c50192cc6066b,Okta,Senior Product Designer - Okta for AI Agents,"Bellevue, Washington; Chicago, Illinois; New York, New York; Washington, DC",unstated,ai_product,mba_unknown,https://www.okta.com/company/careers/opportunity/8248278?gh_jid=8248278,open
1d86ff9d3a5136d973884b55d23f3c1e70e6d5148846588ed89555cd7a248dd2,Brex,Commercial Account Executive,"Salt Lake City, Utah, United States",unstated,ai_product,mba_unknown,https://www.brex.com/careers/8178541002?gh_jid=8178541002,open
8b9eddeac80b871857dc9e7e7e9835cb3ce5a2b776e14d2128855f76b216c787,Brex,Commercial Account Executive,"New York, New York, United States",unstated,ai_product,mba_unknown,https://www.brex.com/careers/8178538002?gh_jid=8178538002,open
39d72c3fd6014b17b2f426fcb3c10feb37ceb6e97fe9d2d4ae69cf3f6426fce9,Brex,Commercial Account Executive,"Seattle, Washington, United States",unstated,ai_product,mba_unknown,https://www.brex.com/careers/8178537002?gh_jid=8178537002,open
3217f7ac90ac7387385cafaebc9fe196aa2819991240956b1e1a6d7fd64eb017,Brex,Commercial Account Executive,"San Francisco, California, United States",unstated,ai_product,mba_unknown,https://www.brex.com/careers/8178536002?gh_jid=8178536002,open
5048430a86247e7384d96f3feab79a560cb206c66ddaf60ead4e338f534dea51,Airbnb,Senior Sales Operations Lead,United States ,unstated,other_mba_tech,mba_unknown,https://careers.airbnb.com/positions/8244229?gh_jid=8244229,open
3af477f86c6bb07a9564290d8260ae9b812d3acd6327444aa37af6c02769d5d2,Peloton,Peloton Expert (Part-Time) - Canoga Park Topanga Mall,"Canoga Park, California",unstated,ai_product,mba_unknown,https://careers.onepeloton.com/en/all-jobs/?gh_jid=8189706,open
de138e46eab6e77a903632a0a07f871b3bd5b4db310ce77934c8c37e91d0b8ff,Attentive,"Director, Mid-Market Sales",United States,unstated,ai_product,mba_unknown,https://job-boards.greenhouse.io/attentive/jobs/4420283009,open
a759d8e3956b025bad14601b60e9d8c3b7d435945f225aee45731f901e8494f3,Pinterest,Sr. Programmatic Tech Operations Specialist ,"New York, NY, US",unstated,ai_product,mba_unknown,https://www.pinterestcareers.com/jobs/?gh_jid=8129662,open
7c7697b4fac3e99af1a9c65781e53340361c7d30521b88514a769b2beb440d83,Pinterest,"Staff Technical Program Manager, Data Science","San Francisco, CA, US; Remote, US",unstated,ai_product,mba_unknown,https://www.pinterestcareers.com/jobs/?gh_jid=8067933,open
89a2518e57516d6d40ab33a7b996e4976a787dff0316eeccf3788ea7c48cd9ed,Coinbase,"Senior Software Engineer (Institutional, Financing)",Remote - USA,unstated,ai_product,mba_unknown,https://www.coinbase.com/careers/positions/8248766?gh_jid=8248766,open
6c56443f06ecb0c40d1a831cca1df6a8b4ae55bf8c0c5d649390c02616dd5de0,Chime,AI/ML Engineer,"Chicago, IL, USA; New York, NY, USA; San Francisco, CA, USA",unstated,ai_product,mba_unknown,https://boards.greenhouse.io/chime/jobs/8569366002?gh_jid=8569366002,open
d00c7b55f57907290ed9fa83edc95ec2b88caae56b02e21ff10ee2a40405ffc6,Coinbase,"Software Engineer, CDP - Stablecoin",Remote - USA,unstated,ai_product,mba_unknown,https://www.coinbase.com/careers/positions/8234278?gh_jid=8234278,open
1d6d4828693058864d1c33b717a78e126d73fcd3e97292705083c88829ab56b9,Figma,"Data Scientist, Finance","San Francisco, CA • New York, NY • United States",unstated,ai_product,mba_unknown,https://boards.greenhouse.io/figma/jobs/6013304004?gh_jid=6013304004,open
f003ba11175da5d1419f64773b44603b2bf73fbcd1b43185bc2193ef6a3a1e18,Flexport,"Senior Manager, Supply Chain Protection & Loss Intelligence","Miami, Florida, United States",unstated,other_mba_tech,mba_unknown,https://job-boards.greenhouse.io/flexport/jobs/8001973,open
9a95519d062e8a8767df88599e1d48a0aaf5e9616674d8eab170579c4a1a6b1c,Pinterest,"Sr. Manager, Engineering –  Delivery Serving Infrastructure","Palo Alto, CA,US; San Francisco, CA, US",unstated,ai_product,mba_unknown,https://www.pinterestcareers.com/jobs/?gh_jid=8241516,open
b0e66e1d96a82a1fd0e49e0b88b5b65e107ff735fc9bba95193448c125bd2ff9,Pinterest,"Sr. Security Software Engineer, Security Operations   ","San Francisco, CA, US; Remote, US",unstated,ai_product,mba_unknown,https://www.pinterestcareers.com/jobs/?gh_jid=8230778,open
1bb9342af1e7bcd9ed4f5a3425c12e2181f65022255bad54ed7d4ba0fa08f154,Pinterest,"Sr. Technical Program Manager, Ads Delivery Infrastructure","San Francisco, CA, US; Remote, US",unstated,ai_product,mba_unknown,https://www.pinterestcareers.com/jobs/?gh_jid=8208419,open
8e08089c48ddafd660c21bb3ecbb44fa1a33182812184cc481aadaa39cf55abc,Pinterest,Client Account Manager II,"Buenos Aires, AR",unstated,ai_product,mba_unknown,https://www.pinterestcareers.com/jobs/?gh_jid=8202207,open
62cb710cc30eba5c4e752fd02883bcb47c82b72e3492dacf73a884cac3160834,Pinterest,"Staff Product Manager, Retail Media & Audiences","San Francisco, CA, US; Palo Alto, CA, US; New York, NY, US",unstated,ai_product,mba_unknown,https://www.pinterestcareers.com/jobs/?gh_jid=8209814,open
0854664b2b75410439e3eee1f4ec9330e952c03e0e60a52a113454c032f71ab0,Pinterest,"Staff Software Engineer, Programmatic Ads ","San Francisco, CA, US; Hybrid, US",unstated,ai_product,mba_unknown,https://www.pinterestcareers.com/jobs/?gh_jid=8226802,open
082b1f172db9f61ef2b1c1c3f3d98458730d1be86be75808a7101ad6aafc3319,Pinterest,"Sr. Manager, Strategic Sourcing","Chicago, IL, US; Remote, US",unstated,ai_product,mba_required,https://www.pinterestcareers.com/jobs/?gh_jid=8205194,open
71924da43d3fde32ddea9f79717e242caa4c78644c01815f42b12bdd4f56c24d,Pinterest,"Sr. Client Partner, Pinterest Spark",US Remote,unstated,ai_product,mba_unknown,https://www.pinterestcareers.com/jobs/?gh_jid=8206769,open
9734d6f73b9e8dfa8f1a6296055e5169b469d323fd3bb855068d6202c0844130,Pinterest,Performance Solutions Partner II,"New York, NY, US; Remote, US",unstated,ai_product,mba_unknown,https://www.pinterestcareers.com/jobs/?gh_jid=8248297,open
4066bf57b9283716e8b13ff5c6a87195a6635051b7f525aa76d55288562392a4,Pinterest,"Director of Product Management, Advertiser Growth","Palo Alto, CA, US; Seattle, WA, US; New York, NY, US",unstated,ai_product,mba_unknown,https://www.pinterestcareers.com/jobs/?gh_jid=8132504,open
43cb594132873be2fc859967981eb98c0ff99df5c98a9fadc93971ac4bfa535f,Pinterest,"Sr. Client Account Manager, Walmart","New York, NY, US",unstated,ai_product,mba_unknown,https://www.pinterestcareers.com/jobs/?gh_jid=8112049,open
edc8e4e4386002e948eb5faec5a2616ee2241a71bf77f82a7fba0fb1b1d5899e,Pinterest,"Administrative Business Partner I - Engineering, Product and Design","San Francisco, CA, US; Palo Alto, CA, US",unstated,ai_product,mba_unknown,https://www.pinterestcareers.com/jobs/?gh_jid=8103612,open
1fcfe44bb59849c3f95a9a70654a192b4270d6a1966fe1e4d6af3243a6500688,Pinterest,Sr. Industry Manager,"Buenos Aires, AR",unstated,ai_product,mba_unknown,https://www.pinterestcareers.com/jobs/?gh_jid=8084337,open
ef114741d1506138727acc9484a857a3b9fbc088b265be5621973f1753395840,Pinterest,"Sr. Client Account Manager, Home Retail","San Francisco, CA, US; Los Angeles, CA, US",unstated,ai_product,mba_unknown,https://www.pinterestcareers.com/jobs/?gh_jid=8081505,open
1b91f2371ed2fa0f6beedf95029ad93936bb919803c380e5f2e06c3b848efd30,Pinterest,"Sr. Client Account Manager, Home Retail","New York, NY, US",unstated,ai_product,mba_unknown,https://www.pinterestcareers.com/jobs/?gh_jid=8081452,open
555adb14131f7a2c87f83b398be868d5b87636d55fcf7580f22b513ddee978e0,Pinterest,"Staff Software Engineer, Web Product Enablement ","San Francisco, CA, US; Remote, CA, US",unstated,ai_product,mba_unknown,https://www.pinterestcareers.com/jobs/?gh_jid=8075888,open
bb3808053c0a9736d6609701881ea4e901a65774daa1110c2cf846482719e3a7,Pinterest,"Staff Technical Program Manager, Identity and Product Safety","San Francisco, CA, US; Remote, CA, US",unstated,ai_product,mba_unknown,https://www.pinterestcareers.com/jobs/?gh_jid=8049832,open
b90e4c8dd715212fe740926b8057765408b98c35c547179113af90ff024a7624,Pinterest,"Sr. Staff Software Engineer, Product ML Infrastructure","Palo Alto, CA, US; San Francisco, CA, US",unstated,ai_product,mba_unknown,https://www.pinterestcareers.com/jobs/?gh_jid=8046860,open
b7a12c309ab7e757320ed95558bb4e468471e87b5e6437a5a6e05374bbea6c05,Pinterest,"Sr. Manager, Capacity Engineering","San Francisco, CA, US; Remote, US",unstated,ai_product,mba_unknown,https://www.pinterestcareers.com/jobs/?gh_jid=8046842,open
f536244b3d75345e8df63891882c2512b6f930ff0f9e37173902a6ff5469ecee,Pinterest,"Staff Machine Learning Engineer, Shopping Ads","San Francisco, CA, US; Palo Alto, CA, US; Seattle, WA, US",unstated,ai_product,mba_unknown,https://www.pinterestcareers.com/jobs/?gh_jid=8049465,open
212fc9c44c89b01313be12608d3cc54d48e00775bb151692d915d056e2366780,Pinterest,"Staff Data Scientist, Ads Delivery","San Francisco, CA, US; Remote, US",unstated,ai_product,mba_unknown,https://www.pinterestcareers.com/jobs/?gh_jid=8026607,open
310c4280db354ef2d5e1cd5c89a49f8033b2db606af5f5a8b021a5b14b2c6071,Pinterest,"Engineering Manager II, Android Modernization","Toronto, ON, CA",unstated,ai_product,mba_unknown,https://www.pinterestcareers.com/jobs/?gh_jid=8015531,open
9bf34cbaa8067552cbd139ceb9189e8a7e46b1f5c267f1e4b2e96dc8bc1fc8f7,Pinterest,"Engineering Manager II, Web Product Enablement","Toronto, ON, CA",unstated,ai_product,mba_unknown,https://www.pinterestcareers.com/jobs/?gh_jid=8015529,open
ee0092ff01422db4668ef305de0754767822537c45c693629eb1ce8ab3e96943,Pinterest,"Sr. Product Manager, TwoTwenty","San Francisco, CA, US; Remote, US",unstated,ai_product,mba_unknown,https://www.pinterestcareers.com/jobs/?gh_jid=8015519,open
4f1db569c1f2721ff05dc64953e5d469abd2ca19481c474f8c99909fc97b7542,Pinterest,"Engineering Manager II, iOS Modernization","Toronto, ON, CA",unstated,ai_product,mba_unknown,https://www.pinterestcareers.com/jobs/?gh_jid=8015517,open
c4819f95a2bfeb2817c62f6cc7015052644396dd5b432f26066fd50bebc09cc9,Pinterest,"Sr. Product Manager, Search Personalization","San Francisco, CA, US; Remote, US",unstated,ai_product,mba_unknown,https://www.pinterestcareers.com/jobs/?gh_jid=8015494,open
f23d88c811ab52a643c747b026e1fe20e8e2a6cd0041d1d2c241740c28db0daf,Coinbase,"Senior Software Engineer (Institutional, Settlements & Transfers)",Remote - USA,unstated,ai_product,mba_unknown,https://www.coinbase.com/careers/positions/8238716?gh_jid=8238716,open
77bf1c0fe134cd05678c6725668c88120c87f604df1dd3e19d38faec6f75404b,Pinterest,"Manager II, Engineering- Analytics Engineering, Core Data Science","San Francisco, CA, US; Remote, US",unstated,ai_product,mba_unknown,https://www.pinterestcareers.com/jobs/?gh_jid=8015360,open
cdef4108c2e48120754c1289d8a1a935e82313d6bdd2b0b8e6e4e2103b6de70b,Pinterest," Staff Software, Engineering – Analytics Engineering, Core Data Science","San Francisco, CA, US; Remote, US",unstated,ai_product,mba_unknown,https://www.pinterestcareers.com/jobs/?gh_jid=8015346,open
9e19e01f45f5479471ab699cbbc3170d83edc915b17dde65329f6a3657819cd7,Pinterest,"Staff Machine Learning Engineer, Ads Conversion Core Modeling","San Francisco, CA, US; Palo Alto, CA, US; Seattle, WA, US",unstated,ai_product,mba_unknown,https://www.pinterestcareers.com/jobs/?gh_jid=8011452,open
e252b9d0ddc6afe15eb5994e2d1c422c54992178ee992f076ac49c6a8f877e43,Pinterest,"Manager II, Machine Learning – Conversion Visibility","Seattle, WA, US; Remote, US",unstated,ai_product,mba_unknown,https://www.pinterestcareers.com/jobs/?gh_jid=8010903,open
26a4d841d9c7f3e74db612116df0a0b07fe0e879927a8844a0ef08d399eeaa64,Pinterest,"Staff Data Scientist, Ads Product","San Francisco, CA, US; Seattle, WA, US",unstated,ai_product,mba_unknown,https://www.pinterestcareers.com/jobs/?gh_jid=7963755,open
6dedf90830a8c317944669b42294d199626ff19df341c65e28b2fac7172f1feb,Pinterest,"Staff Product Manager, Programmatic Ads","San Francisco, CA, US; Remote, CA, US",unstated,ai_product,mba_unknown,https://www.pinterestcareers.com/jobs/?gh_jid=7959458,open
fbcfa7c24f1abfd4e7b3bd38a028934be4b5e670d48cd54742e479bc4e406109,Pinterest,"Content Designer II, Personalization","San Francisco, CA, US; Remote, US",unstated,ai_product,mba_unknown,https://www.pinterestcareers.com/jobs/?gh_jid=7908767,open
3b2c28352a012a182e0f491efd9280851b8fffeb1c3c4a81e672c0aed11958e6,Pinterest,"Product Manager II, Content Compliance","San Francisco, CA, US; Seattle, WA, US; Remote, CA, US",unstated,ai_product,mba_unknown,https://www.pinterestcareers.com/jobs/?gh_jid=7901910,open
8396a9f9825fd5ed60bba8c6fa08ef9041bef3e96b8c6f0252ca2b9a16cfea33,Pinterest,"Data Scientist II, Infrastructure","San Francisco, CA, US; Remote, US",unstated,ai_product,mba_unknown,https://www.pinterestcareers.com/jobs/?gh_jid=7816424,open
fbfb4401b4b871f8459f05016eeeae0df5871149810dfeb515d57d716c10bacb,Pinterest,"Sr. Site Reliability Engineer, tvScientific","San Francisco, CA, US; Remote, US",unstated,ai_product,mba_unknown,https://www.pinterestcareers.com/jobs/?gh_jid=7782550,open
7fb16ac1c714833cd453a2be46f1a1b9e05c2227b5af540231242abe6cb85a5a,Pinterest,"Site Reliability Engineer II, tvScientific","San Francisco, CA, US; Remote, US",unstated,ai_product,mba_unknown,https://www.pinterestcareers.com/jobs/?gh_jid=7782538,open
c3e8fb0b1d1865c50b13bf5852f921a9022389ef5fda0168e6b39544dd11cd61,Pinterest,Sr. Client Partner,"Buenos Aires, AR",unstated,ai_product,mba_unknown,https://www.pinterestcareers.com/jobs/?gh_jid=7771049,open
4be4b0278ab4f94d1bc131344b850c1c455c86ce9402c3181df873f38afd9070,Pinterest,"Sr. Manager, Programmatic Ads Sales","New York, NY, US ",unstated,ai_product,mba_unknown,https://www.pinterestcareers.com/jobs/?gh_jid=7763557,open
e2c12dd4132767b67d303814b5d47329cb07d8831c02426071b59971209129f7,Pinterest,"Sr. Staff Software Engineer, Data Product Platform","San Francisco, CA, US; Remote, US",unstated,ai_product,mba_unknown,https://www.pinterestcareers.com/jobs/?gh_jid=7746946,open
bc5302b19db70a7c3488919a2eb67f9baed363807271e6858892425cea035f29,Pinterest,"Sr. Staff Software Engineer, Merchants","San Francisco, CA, US; Palo Alto, CA, US",unstated,ai_product,mba_unknown,https://www.pinterestcareers.com/jobs/?gh_jid=7770918,open
65c0f6f0cdad703939b4a16ec7bc5f0faf8642cd6ade357d8dedac14b506b014,Pinterest,Sr. Staff Quantitative Product Researcher,"San Francisco, CA, US; Remote, US",unstated,ai_product,mba_unknown,https://www.pinterestcareers.com/jobs/?gh_jid=7770911,open
f3d43d8fd3b49e264c205c2c8ef28315025441ea2eb4d65f073fd81723110d4a,Pinterest,"Staff Product Manager, Ads Measurement","New York, NY, US",unstated,ai_product,mba_unknown,https://www.pinterestcareers.com/jobs/?gh_jid=7683962,open
9ddadaf5f047749c4ffb7b9fc28d746380e3955d79501a71238da970eb8d51bf,Pinterest,"Staff Motion Designer, Design Innovation","San Francisco, CA, US; Remote, CA, US",unstated,ai_product,mba_unknown,https://www.pinterestcareers.com/jobs/?gh_jid=7770898,open
0d111b3b2410dbb56d4ecafb577f3e795f804d2bf3dcd3a3d47a96792412e449,Pinterest,"Sr. Client Partner, Grocery","Chicago, IL, US",unstated,ai_product,mba_unknown,https://www.pinterestcareers.com/jobs/?gh_jid=7671759,open
f6726d0d620a5dfa626e4599756c89fb5c1ce8a75b53127a3fec5fcc528cfbab,Pinterest,"Principal Product Designer, AI Native, Core","San Francisco, CA, US; Remote, US",unstated,ai_product,mba_unknown,https://www.pinterestcareers.com/jobs/?gh_jid=7638599,open
a35c9a475741ed7a18dca65e8b72df817b92b22a216b460b1b1dd4e3831b0385,Pinterest,"Staff Software Engineer, Ads Measurement Signal ","Seattle, WA, US; Remote, US",unstated,ai_product,mba_unknown,https://www.pinterestcareers.com/jobs/?gh_jid=7494904,open
425f042536d3dfd46d134c7a3ba11386ef72c31e1bc8aec568acd70d14fd85f8,Pinterest,"Principal Engineer, Shopping & Delivery Infra","San Francisco, CA, US; Remote, US",unstated,ai_product,mba_unknown,https://www.pinterestcareers.com/jobs/?gh_jid=7494740,open
1cf339f24ab4ec4e75acc556bd047260af84f38f3f803e937641b21dd2f28e99,Pinterest,"Staff Software Engineer, Big Data Storage","Palo Alto, CA, US; Remote, US",unstated,ai_product,mba_unknown,https://www.pinterestcareers.com/jobs/?gh_jid=7437356,open
b921951a8fc1399375538e824ae0e6014db13bcd25b6bcba335d7185aa35411b,Pinterest,"Principal Machine Learning Engineer, Ads Delivery","San Francisco, CA, US; Palo Alto, CA, US; Seattle, WA, US",unstated,ai_product,mba_unknown,https://www.pinterestcareers.com/jobs/?gh_jid=6963868,open
3233f91670c3a0badc22ee604a556212003dffb68ac0ba8d8c7cf70cc7ff3712,Chime,Senior Application Security Engineer,"San Francisco, CA, USA",unstated,ai_product,mba_unknown,https://boards.greenhouse.io/chime/jobs/8575541002?gh_jid=8575541002,open
a72c3c9c22b097f5e0fd2202b31058bb4e18123dcd6d0c24db755d1ee30e0b48,Databricks,Senior Software Engineer — Backend (Files Team),"San Francisco, California",unstated,ai_product,mba_unknown,https://databricks.com/company/careers/open-positions/job?gh_jid=8864368002,open
f18ac0fd1317602fad2b431c5bc85e1cccfe36dd01a6ffc956f291a4d306192e,Brex,Venture Partnerships Associate,"San Francisco, California, United States",unstated,ai_product,mba_unknown,https://www.brex.com/careers/8864648002?gh_jid=8864648002,open
671cb1e56c2c6a112928ecc92571154895bfb5bfb394f75838abd484f33fa164,Brex,Startup Partnerships Associate,"San Francisco, California, United States",unstated,ai_product,mba_unknown,https://www.brex.com/careers/8864643002?gh_jid=8864643002,open
dc3b8ab28b00552100ef59d181cf1eb1b1031507f18569c65e690b93875e9a75,Brex,Brex Rotational Program,"Salt Lake City, Utah, United States",unstated,ai_product,mba_unknown,https://www.brex.com/careers/8864176002?gh_jid=8864176002,open
a643e6a05c1fd8e37ee5f354b5867da98b989458ba2e1bbde9d7a0d2c2874065,Peloton,"Legal Director, Privacy","New York, New York",unstated,ai_product,mba_unknown,https://careers.onepeloton.com/en/all-jobs/?gh_jid=8223464,open
ad4bda53ea6255fd95dd93b21d86a6d72282a79b30aaf782998a4d297e74e3a8,ZoomInfo,Procurement Manager II,"Vancouver, Washington, United States; Waltham, Massachusetts, United States",unstated,ai_product,mba_required,https://www.zoominfo.com/careers?gh_jid=8802384002,open
e0ac5bbd7608c852d8b5fd0e5dd6a55388b5f17c6dc9bb5e8f6439638f1fbf36,Coinbase,"Broker Dealer Operations, Senior Associate",Remote - USA,unstated,ai_product,mba_unknown,https://www.coinbase.com/careers/positions/8249920?gh_jid=8249920,open
7d5378b23807822b4f482529c71aefb6659b6ab0032a884a922d2a558c4f10b9,Coinbase,"Broker Dealer Operations, Associate",Remote - USA,unstated,ai_product,mba_unknown,https://www.coinbase.com/careers/positions/8248775?gh_jid=8248775,open
399fdd6ba1c71e2ea0678a294ece92447e4569d2d2da8da5bd46df692d3244f5,Scale AI,STEM Fellow - Human Frontier Collective,United States,unstated,other_mba_tech,mba_unknown,https://job-boards.greenhouse.io/scaleai/jobs/4574113005,open
cfa5a2429943eaad3e79fc3d107a0dacd755ba9bd94ba80bad4c13cd3aef6935,Scale AI,Machine Learning Fellow - Human Frontier Collective,United States,unstated,other_mba_tech,mba_unknown,https://job-boards.greenhouse.io/scaleai/jobs/4660340005,open
abdff8b0012ca4770b86ab488f6eab07ed69e17e8295d85d34aae86f401b597a,Duolingo,Senior Localization Program Manager,"New York, NY; Pittsburgh, PA",unstated,ai_product,mba_unknown,https://careers.duolingo.com/jobs/8733672002?gh_jid=8733672002,open
c92264c3c274d19b689191ba15f25566c4d444b33aa4c0ceae1903c838165051,Instacart,"Data Analyst, Platform Excellence Ops Analytics",United States - Remote,unstated,ai_product,mba_unknown,https://instacart.careers/job/?gh_jid=8249894,open
f0a2a8321154063ca06272eef180d022a904e8087ca5e8c19e68129d0a3001f2,Duolingo,"VP of Product, Growth and Monetization","New York, NY; Pittsburgh, PA",unstated,product_strategy,mba_unknown,https://careers.duolingo.com/jobs/8747077002?gh_jid=8747077002,open
b4f58987422026c6e5bf306b4f2c2eca369cf48cc5a74ec7b76061e5b176acfe,Pinterest,"Client Account Manager II, Affiliate (tvScientific)","New York, NY, US",unstated,ai_product,mba_required,https://www.pinterestcareers.com/jobs/?gh_jid=8130612,open
bf46ddcd1c5e2c4f991e14d2d5dc753ba161a766e8746488a58b83428c953770,Duolingo,"Senior Product Manager, Notifications","New York, NY; Pittsburgh, PA",unstated,ai_product,mba_unknown,https://careers.duolingo.com/jobs/8747099002?gh_jid=8747099002,open
63f8d238ec4b0b06e94a132c75230e5ee95e0f655356ad2d759cb0b2548c7060,Duolingo,"Senior Product Manager, Growth","New York, NY; Pittsburgh, PA",unstated,ai_product,mba_unknown,https://careers.duolingo.com/jobs/8747171002?gh_jid=8747171002,open
a34f97c287f87f1aa88e6bbce8be9e46384a957af72a0cb71a7bf4d610f80eef,Duolingo,"Senior Product Manager, DET","New York, NY; Pittsburgh, PA",unstated,ai_product,mba_unknown,https://careers.duolingo.com/jobs/8530395002?gh_jid=8530395002,open
7c29a1451200c458b177c2c883f1ef21d42275f46b6bacb2caeda64058e8510d,Stripe,Software Engineer,"Seattle, WA",unstated,other_mba_tech,mba_unknown,https://stripe.com/jobs/search?gh_jid=8249901,open
10a9246914567661109d47a5ce9e38162e26fc78d82e1083b8a7e8cdbbe7fc3f,Flexport,"Senior Security Engineer, Detection & Response ",U.S. Remote,unstated,ai_product,mba_unknown,https://job-boards.greenhouse.io/flexport/jobs/8164847,open
b62cb52ba6e32f3d82efe7f72db82da9cb16a8f75c6721b7d071aff7883d4f54,Instacart,Senior Design Program Manager II,United States - Remote,unstated,ai_product,mba_unknown,https://instacart.careers/job/?gh_jid=8249751,open
dc375a7f9118c01f74836a81852bdb286ba107e7037b249068e5e4550fa411b4,Stripe,"Finance & Strategy, Corporate Finance Analyst","New York, NY",unstated,other_mba_tech,mba_unknown,https://stripe.com/jobs/search?gh_jid=8249865,open
0ed766d8ce3681a20436858058d58f9a1ad3ed1ed42113bd17794f498cd7762c,Databricks,Staff Technical Program Manager- Security,"Mountain View, California; San Francisco, California",unstated,ai_product,mba_unknown,https://databricks.com/company/careers/open-positions/job?gh_jid=8864290002,open
09ab0e2d9fd4b07188348069a9a6e4d24a432778659d472d84b40f1faaa47bfb,Databricks,Staff Technical Program Manager- Security,"Bellevue, Washington; Seattle, Washington",unstated,ai_product,mba_unknown,https://databricks.com/company/careers/open-positions/job?gh_jid=8864285002,open
6c01b9e849a517e87e881e7d2d929cd8402da5a9cb20c744b4b14ef025944afc,Scale AI,"Product Operations Lead, Generative AI ","San Francisco, CA; New York, NY",unstated,ai_product,mba_unknown,https://job-boards.greenhouse.io/scaleai/jobs/4740039005,open
97c949db3e2055d9c31b4528c81ea0a367779110f0415a7579760c5fda58842e,Coinbase,"Senior Analyst, Compliance Technology",Remote - USA,unstated,ai_product,mba_unknown,https://www.coinbase.com/careers/positions/8221985?gh_jid=8221985,open
b8b7caab03f47890ae6f5faad2f4e039b63839b470468adc454ff26f1f897c50,ZoomInfo,Senior GTM Success Manager,"Bethesda, Maryland, United States; Vancouver, Washington, United States; Waltham, Massachusetts, United States",unstated,ai_product,mba_unknown,https://www.zoominfo.com/careers?gh_jid=8780067002,open
4536a372c27252a345843febbee4437770e8639b4e8a8cbcc530cb0639d1e7a3,Coinbase,"Engineering Manager, FinHub - Financial Intelligence (Platform)",Remote - USA,unstated,ai_product,mba_unknown,https://www.coinbase.com/careers/positions/8138031?gh_jid=8138031,open
c37362a10c732cee8f4b810521b6ed7579d7af4417bae01938ac0f68d806bbd2,Coinbase,Senior Producer,Remote - USA,unstated,other_mba_tech,mba_unknown,https://www.coinbase.com/careers/positions/8247040?gh_jid=8247040,open
c54fa6d2d39a4f8a67b376cc7ab8b95a58d46d9e900bb6d93e4de7b9f85cbac1,Airbnb,Senior Software Engineer Guest & Host,"Remote, USA ",unstated,other_mba_tech,mba_unknown,https://careers.airbnb.com/positions/8249626?gh_jid=8249626,open
ff8f5eb17a82600ff112c05d09b3471aa3f189c19e34018047dc5c7bd4ce1614,Rubrik,Compensation Consultant ,"Palo Alto, CA",unstated,other_mba_tech,mba_unknown,https://www.rubrik.com/company/careers/departments/job.8241918?gh_jid=8241918,open
edd6fa6d62c1409401e99adb9deb46e39fe1544bc896cf6151c7e1a3e6fc6e32,Rubrik,"Regional Director, Strategics",Arizona,unstated,other_mba_tech,mba_unknown,https://www.rubrik.com/company/careers/departments/job.8226952?gh_jid=8226952,open
de25b32fc4d45165ff674c59096bbd0d29b304af844ac001904a4c5530db171a,Rubrik,HR Business Partner R&D,"Palo Alto, California ",unstated,ai_product,mba_unknown,https://www.rubrik.com/company/careers/departments/job.8234500?gh_jid=8234500,open
d95438caeda49d8687cc121a574d0f869dc14d6948102079dd46fce6c33c986b,Rubrik,"Senior Manager, Security Operations Center","Palo Alto, CA",unstated,other_mba_tech,mba_unknown,https://www.rubrik.com/company/careers/departments/job.8241565?gh_jid=8241565,open
c1581b15ad83e56ae69f55faf3208a09152053d33d30043c877675a700a91392,Rubrik,Principal AI Architect,"Palo Alto, CA",unstated,ai_product,mba_unknown,https://www.rubrik.com/company/careers/departments/job.8223656?gh_jid=8223656,open
a7a70c0d382b9af4a0bf6d71850d4c95e426ad7aa5d909a829f9dfec7b6658f9,Rubrik,SMB Account Executive,"Austin, TX",unstated,other_mba_tech,mba_unknown,https://www.rubrik.com/company/careers/departments/job.8223935?gh_jid=8223935,open
8eacadecdce13d0b26e1a3ae7e4102c5518884925b1c95500db5628cb4d36468,Chime,"Tech Lead Manager, Machine Learning, Growth and Marketing   ","San Francisco, CA, USA",unstated,ai_product,mba_unknown,https://boards.greenhouse.io/chime/jobs/8864214002?gh_jid=8864214002,open
762b02a0c9d60d374e47552ba28a9362dabf5a1fe246c2fe4ba4c0cd50312bd5,Rubrik,"Senior Product Manager, Control Plane, RSC-G & Government","Palo Alto, CA",unstated,ai_product,mba_unknown,https://www.rubrik.com/company/careers/departments/job.8225580?gh_jid=8225580,open
24a1dcea78aba42d1f6d47dd611969935776876f6489ea7b7c2213be75ac4eb3,Rubrik,SLED Account Executive (North Central),Minnesota,unstated,other_mba_tech,mba_unknown,https://www.rubrik.com/company/careers/departments/job.8239442?gh_jid=8239442,open
d34bc9609211dd617da1b9131bc591e9c1b0808323c79ddd4891b94613f2b104,Rubrik,"HR Business Partner, Corporate Functions","Palo Alto, CA",unstated,other_mba_tech,mba_unknown,https://www.rubrik.com/company/careers/departments/job.8207122?gh_jid=8207122,open
b63a2176366d77e06d7f5ad0e390cffd7d57f4dd59ed3d01676c21c09cd67fc1,Rubrik,Senior Software Engineer - Backend & Cloud Infrastructure,"Palo Alto, CA",unstated,other_mba_tech,mba_unknown,https://www.rubrik.com/company/careers/departments/job.8209928?gh_jid=8209928,open
61f10cf322b1ecefe82f968d1e7a78fdc54dd8cd0ac2396f8bb1037ac2580b61,Rubrik,"Sr Finance Manager, GTM","Palo Alto, CA",unstated,ai_product,mba_unknown,https://www.rubrik.com/company/careers/departments/job.8209069?gh_jid=8209069,open
1133964de89d25c1d17717114a579b3f576ed577cfbf93e5a6c4b128c77a8012,Rubrik,"Enterprise Account Executive, Southern California","Los Angeles, CA",unstated,other_mba_tech,mba_unknown,https://www.rubrik.com/company/careers/departments/job.8221800?gh_jid=8221800,open
efacbc309bb12eedf18b42e3bc4406b538987353849b9defa06e2c8bbccd79cd,Rubrik,Customer Retention Manager,"Palo Alto, CA",unstated,ai_product,mba_unknown,https://www.rubrik.com/company/careers/departments/job.8140013?gh_jid=8140013,open
e5be629c7569643b55d99e15cc506225afbfce31eed4881c203c62f63100db67,Rubrik,Senior Project Manager - Professional Services,"USA , Remote ",unstated,ai_product,mba_unknown,https://www.rubrik.com/company/careers/departments/job.8140556?gh_jid=8140556,open
ca5a730c929f4ad0cc871a42160e4307f04777d4d889a794de37764ef6efc3c2,Rubrik,Software Engineer - Reliability (US Citizen),"Palo Alto, CA ",unstated,ai_product,mba_unknown,https://www.rubrik.com/company/careers/departments/job.8177762?gh_jid=8177762,open
ca204dc99d331749586ac24ddb62de3379dd548b938e9323ea65a8459910f413,Rubrik,Software Engineering Winter Internship,"Palo Alto, CA",unstated,ai_product,mba_unknown,https://www.rubrik.com/company/careers/departments/job.8171088?gh_jid=8171088,open
b82ecb11f92b73b01d8adc432e6f683a4595c3943528c336878f65dd080ec510,Rubrik,"Services Engineering Leader, Professional Services","USA , Remote ",unstated,ai_product,mba_unknown,https://www.rubrik.com/company/careers/departments/job.8140589?gh_jid=8140589,open
a551504074f6efe26405d9b0cefb3f51197d10459df108eb1d870e1335322d89,Rubrik,"Global Resource Management Leader, Professional Services","USA , Remote ",unstated,other_mba_tech,mba_unknown,https://www.rubrik.com/company/careers/departments/job.8140591?gh_jid=8140591,open
9a1024b2533d518c8ceb105931d760f7cd65b151677e7683ef71b055aa748874,Rubrik,Field Sales Operations Manager,"Austin, TX or Palo Alto, CA",unstated,ai_product,mba_unknown,https://www.rubrik.com/company/careers/departments/job.8173615?gh_jid=8173615,open
864198b12fb3249fae54a69223f3f952e314ec78e058d5d3f70b9a43bb8ca614,Rubrik,"Lead, Customer Success Operations Analyst ","Palo Alto, CA",unstated,ai_product,mba_unknown,https://www.rubrik.com/company/careers/departments/job.8140173?gh_jid=8140173,open
68a9224e93ae39887600bedec6ebd16b53f9b069fb25786b3002c31fc083ded8,Rubrik,Software Engineer - SaaS Data Protection,"Palo Alto, CA",unstated,ai_product,mba_unknown,https://www.rubrik.com/company/careers/departments/job.8157246?gh_jid=8157246,open
62696da4fd68a30cd6708afebb68b0decb37db3a2351baf97406dbb51b3cf744,Rubrik,"Manager, Planning & Strategic Operations ","Palo Alto, CA",unstated,ai_product,mba_required,https://www.rubrik.com/company/careers/departments/job.8140226?gh_jid=8140226,open
20344bcd0dee52e01c4aff690cd2515b1e49ed450122a3d265cca7c08ebd3c42,Rubrik,Professional Services - Services Sales Manager ,USA -  Remote,unstated,other_mba_tech,mba_unknown,https://www.rubrik.com/company/careers/departments/job.8140599?gh_jid=8140599,open
105b555f7703f5c9fbb975a5ab7ab4f216b331fd50c86284b118ccf3c37ad560,Rubrik,Global Solutions Architect,"USA , Remote ",unstated,ai_product,mba_unknown,https://www.rubrik.com/company/careers/departments/job.8140609?gh_jid=8140609,open
eddb3926f93a7130779624c269282dd76c7419ba999437a17be18a3f7fb17f69,Rubrik,"Senior Engineering Manager, NAS Cloud Direct","Palo Alto, CA",unstated,ai_product,mba_unknown,https://www.rubrik.com/company/careers/departments/job.8081698?gh_jid=8081698,open
e3eadc8a8988cb4694bbf1fd16cc34b4d438663ea1bc29c22040b61fe2b36b42,Rubrik,"Healthcare Account Executive, TOLA","Houston, TX",unstated,other_mba_tech,mba_unknown,https://www.rubrik.com/company/careers/departments/job.8139407?gh_jid=8139407,open
e3c68349443d5ced8abbb300a61b5b815177382a233c1d54811fd0907546a814,Rubrik,"Strategic Account Executive, Bay Area","San Francisco, CA",unstated,other_mba_tech,mba_unknown,https://www.rubrik.com/company/careers/departments/job.8084242?gh_jid=8084242,open
e1bd728e18c235daae61177b165d534cfa31f53896cace568a2a16e6e108d744,Rubrik,"Manager, Customer Resilience Management - Customer Success",US Remote,unstated,ai_product,mba_unknown,https://www.rubrik.com/company/careers/departments/job.8139783?gh_jid=8139783,open
b9ad12d87a9be116bc3990bf11d14804503e0d97bcf15597a1ed5cdd4573348f,Rubrik,"Software Engineer, Atlas Distributed Systems ","Palo Alto, CA",unstated,other_mba_tech,mba_unknown,https://www.rubrik.com/company/careers/departments/job.8122613?gh_jid=8122613,open
b0aa191e71f41352c2fb33b49f854faa01fb6b2c16aa7538bb5f370eccff348c,Rubrik,"Sr. Manager, Digital Marketing ","Palo Alto, California ",unstated,ai_product,mba_unknown,https://www.rubrik.com/company/careers/departments/job.8074751?gh_jid=8074751,open
a3872df72e0dd16bb177020314af5a82ba8aa4e6ab8a07f217c0a5a90c4f1953,Rubrik,Senior GSI Partner Account Manager - Cognizant / Kyndryl,Remote - United States,unstated,ai_product,mba_unknown,https://www.rubrik.com/company/careers/departments/job.8132457?gh_jid=8132457,open
88fbf08407a4b221769d01eddd3d29b083bb15d9aaa1c3780302c8d6134067b8,Rubrik," Senior Director, IT Product Management — GTM & Customer Experience","Palo Alto, CA",unstated,ai_product,mba_preferred,https://www.rubrik.com/company/careers/departments/job.8144296?gh_jid=8144296,open
4c2d0dfd8a917a729fde86c051c4cda963dbcce1cb79000a38020ce294878403,Rubrik,Corporate Accounting Leader,"Palo Alto, CA",unstated,ai_product,mba_unknown,https://www.rubrik.com/company/careers/departments/job.8077844?gh_jid=8077844,open
30095238115d71a0e7ce8240d6724da86879ae9d78a561b8a539c7d0c6106c9a,Rubrik,"Senior Strategic Sourcing Manager, Cloud & Strategic Partnerships","Palo Alto, CA",unstated,other_mba_tech,mba_unknown,https://www.rubrik.com/company/careers/departments/job.8114559?gh_jid=8114559,open
2757b3cfd712de606ebd7e5fa313b84ff5c23e7a3be99f87dcd8fbc646cba3cf,Rubrik,"Staff Product Manager, Virtual Platforms","Palo Altp, CA",unstated,ai_product,mba_required,https://www.rubrik.com/company/careers/departments/job.8120738?gh_jid=8120738,open
025615b7c8f4dac8f89eb08780c494fd3650ba1f3949bb93f06713098a93f421,Rubrik,AI Product Sales Manager,"Southeast, U.S.",unstated,ai_product,mba_unknown,https://www.rubrik.com/company/careers/departments/job.8122039?gh_jid=8122039,open
baf14517005ef6edcdd542c44b44f40d07ebb3a15b3efe7ca63b2a81821e331d,Rubrik,Software Engineer - Orchestrated Application Recovery ,"Palo Alto, CA",unstated,ai_product,mba_unknown,https://www.rubrik.com/company/careers/departments/job.7844075?gh_jid=7844075,open
b34be40e6af4974185c2f19ec3b1e3a21001a1e93a66e472165cbac1bb23a28d,Rubrik,Sr. Sales Engineer - Rubrik Agent Cloud,"Colorado, Illinois ",unstated,ai_product,mba_unknown,https://www.rubrik.com/company/careers/departments/job.7472096?gh_jid=7472096,open
947f1fa74ae3bfc25058820911baf05f7972d69b4c12a48cc63d034455d7c5b1,Rubrik,Sales Development Representative,Austin (TX) Office,unstated,other_mba_tech,mba_unknown,https://www.rubrik.com/company/careers/departments/job.2146030?gh_jid=2146030,open
8da404f902534add3bfe1859caed27341c58639aa3b74af9936f84436f2790a2,Rubrik,Senior Machine Learning Engineer,"Palo Alto, CA",unstated,ai_product,mba_unknown,https://www.rubrik.com/company/careers/departments/job.7942501?gh_jid=7942501,open
6f2f58fdeef833001a7d9d1e3a1d5222017155bc2802e647d8dbaf6d3405e51c,Rubrik,"Director, Product Design","Palo Alto, CA",unstated,ai_product,mba_required,https://www.rubrik.com/company/careers/departments/job.7576642?gh_jid=7576642,open
5d3bbc2352762ec4e12c863b50a76964e21b9fd513d6ae1ebc535595a7078146,Rubrik,"VP, Government & Legal Affairs ","Reston, VA",unstated,other_mba_tech,mba_unknown,https://www.rubrik.com/company/careers/departments/job.7991225?gh_jid=7991225,open
49bc5a4b2367c16929631ef2f355dbf72fe8fe7a1fcb07a5d709b0082662e386,Rubrik,Strategic Account Executive,Arizona,unstated,other_mba_tech,mba_unknown,https://www.rubrik.com/company/careers/departments/job.7980440?gh_jid=7980440,open
337d9698139ec7191f5f5446de4cec5665f7c98b063d640ebb7fb66413f06f8c,Rubrik,Strategic Sales Engineer,"Seattle, WA",unstated,ai_product,mba_unknown,https://www.rubrik.com/company/careers/departments/job.8054518?gh_jid=8054518,open
3320885ec6bcef4b1b7ec5466ec43ecca414091ee244709af1c094f2ec5f238d,Rubrik,"Regional Director, North Central Healthcare","Chicago, IL",unstated,other_mba_tech,mba_unknown,https://www.rubrik.com/company/careers/departments/job.8046486?gh_jid=8046486,open
2eff7ba9d620b2d9a754961f00a5d5ab90ae6bd24462437da13346b57be0b232,Rubrik,"Channels Operations Manager, Managed Services","Palo Alto, CA",unstated,ai_product,mba_unknown,https://www.rubrik.com/company/careers/departments/job.8016354?gh_jid=8016354,open
104e93ffe18908ed49f411cf0079064e6e46e39490b939bb3c0ef2c93b923e0d,Rubrik,"Staff Product Manager, IT - GTM","Palo Alto, CA",unstated,ai_product,mba_unknown,https://www.rubrik.com/company/careers/departments/job.7885055?gh_jid=7885055,open
082e08bdbbb2995287e7a44fff643642066041a4bdb444accd6d9168ca82bdb0,Rubrik,Staff Software Engineer - Reliability (US Citizen Only),"Palo Alto, CA",unstated,ai_product,mba_unknown,https://www.rubrik.com/company/careers/departments/job.7918690?gh_jid=7918690,open
e60823953b3af6df5455cfced42d808caa66847b1846d152814391113321030d,Rubrik,"Renewals Account Manager, Strategic Accounts - US","Palo Alto, CA",unstated,other_mba_tech,mba_unknown,https://www.rubrik.com/company/careers/departments/job.7353766?gh_jid=7353766,open
a7bf67fc378a0c2bb07f98f2a828fc4992a989555a781a4672387c7f2272197b,Rubrik,"Staff Platform Product Manager, Platform & Cloud Security","Palo Alto, CA",unstated,ai_product,mba_unknown,https://www.rubrik.com/company/careers/departments/job.7423902?gh_jid=7423902,open
8384a08197e544f5b7f9b97a0548cf31fc5a5ac122aeead434e8b246598f027a,Instacart,Senior AI Solution Sales Executive,United States - Remote,unstated,other_mba_tech,mba_unknown,https://instacart.careers/job/?gh_jid=8241548,open
759b28280f82c55f03bd1408652961b82467ac27bc315d561de1756eb11ba6b6,SoFi,"Senior Director, Affiliates",NC - Charlotte; CA - San Francisco; NY - New York City,unstated,product_marketing,mba_unknown,https://sofi.com/careers/job/8011804003?gh_jid=8011804003,open
d4c688508626a1c63ef34823647ff5877bd117d9e116ef98d13548b4189909ae,Okta,"Strategic Account Executive, Auth0 Florida ",Florida; Georgia; North Carolina; Tennessee,unstated,ai_product,mba_unknown,https://www.okta.com/company/careers/opportunity/8248960?gh_jid=8248960,open
017925f5228443426bb19fa7333c087aabd450634d941b4d9ac5ae2862834aa9,Braze,"Staff Software Engineer, User Targeting",New York City,unstated,ai_product,mba_unknown,https://job-boards.greenhouse.io/braze/jobs/8238534,open
91f76e0b80214b39b33e2ccf698356421b9329e73d13f166a7284cb94d218e82,Braze,"Senior Software Engineer I, Core Objects",New York City,unstated,ai_product,mba_unknown,https://job-boards.greenhouse.io/braze/jobs/8247538,open
cd5285e83900407d2adcced58629aec649d01985a2102709ea7a405d712bf183,Coinbase,Corporate Development Manager,Remote - USA,unstated,ai_product,mba_unknown,https://www.coinbase.com/careers/positions/8238602?gh_jid=8238602,open
c8549b6d4ef73e9c2149f276c43a3fe0943f41dd101ce1e3c7790529e8afd526,Stripe,"Events Manager, Event Technology and Registration ",Remote US,unstated,product_marketing,mba_unknown,https://stripe.com/jobs/search?gh_jid=8222212,open
73d1d2a299a582c20cf6cfb37076bccb9614c1b416a93b9496a1031b9573ce7c,ZoomInfo,Senior GTM Development Representative,"Bethesda, Maryland, United States; Vancouver, Washington, United States; Waltham, Massachusetts, United States",unstated,ai_product,mba_unknown,https://www.zoominfo.com/careers?gh_jid=8754046002,open
d0b20ccc0861346ed4ffc097b30a8e3680cf85ec5d345173b203f1942325c079,Instacart,Legislative Counsel,United States - Remote,unstated,other_mba_tech,mba_unknown,https://instacart.careers/job/?gh_jid=8234578,open
a3255fedb3ec61c6ec4e0aabb3454f699f21ebaa10acad769fe164a5225667c9,Datadog,Strategic Account Executive,"Georgia, USA, Remote; Tennessee, USA, Remote",unstated,ai_product,mba_unknown,https://careers.datadoghq.com/detail/6522720/?gh_jid=6522720,open
824c1ebe434af1749b9de8b65064ffa26e0efffc806bfbb7c9d8b991b1ecdbe7,Scale AI,Revenue Operations Manager,"San Francisco, CA",unstated,ai_product,mba_unknown,https://job-boards.greenhouse.io/scaleai/jobs/4740043005,open
9e4d9933ca6aba3cfb8f2f29454b4cf1873ad92cdc6dabfe03318196bb7c53de,Peloton,Lead Expert - Canoga Park Topanga,"Canoga Park, California",unstated,ai_product,mba_unknown,https://careers.onepeloton.com/en/all-jobs/?gh_jid=8245795,open
4ff29ab12b6fe21c257093129554e8b8d42a0a45608419cff7f78c87fd008591,Brex,Mid-Market Client Sales Executive,"Seattle, Washington, United States",unstated,ai_product,mba_unknown,https://www.brex.com/careers/8504609002?gh_jid=8504609002,open
0637bd7c5142797fb03d4e27df8b2170b389a243c1ed7e79ca3e08161dfbe0cf,Brex,Mid-Market Client Sales Executive,"New York, New York, United States",unstated,ai_product,mba_unknown,https://www.brex.com/careers/8504608002?gh_jid=8504608002,open
8b1cbd51af46ace77a15215535d6f00fdfdd897a1920004bc1cde3745fae8153,Brex, Mid-Market Client Sales Executive,"San Francisco, California, United States",unstated,ai_product,mba_unknown,https://www.brex.com/careers/8504607002?gh_jid=8504607002,open
0d8936647240971c79b6a1eef47e2d850f734b67ac4b35ac1164a10d2fbe3b30,Duolingo,"Senior Creative, Social","New York, NY; Pittsburgh, PA",unstated,other_mba_tech,mba_unknown,https://careers.duolingo.com/jobs/8810661002?gh_jid=8810661002,open
fe156fab42bd7d5862b7b8035d3d374af99ceaba1f10758c823ddf50dbe85817,Stripe,"Staff Product Manager, Mobile","New York City, Toronto, Chicago, or Remote",unstated,ai_product,mba_unknown,https://stripe.com/jobs/search?gh_jid=8140438,open
7312df904bd8f69b608c10e12e37303c7c406a0df0daf5ce7811a33ebf659737,Duolingo,Executive Assistant to the CEO,"New York, NY; Pittsburgh, PA",unstated,other_mba_tech,mba_unknown,https://careers.duolingo.com/jobs/8602840002?gh_jid=8602840002,open
21192f8002cae7904a280592a16e0894359d5ef84de2214731f3a4ca3c70f7b0,Duolingo,"Senior/Software Engineer II, Android","New York, NY; Pittsburgh, PA",unstated,other_mba_tech,mba_unknown,https://careers.duolingo.com/jobs/8628658002?gh_jid=8628658002,open
77c40eddfef5d3652b491cef88dcc74d7a7750f531301f8dc9ab0fc6aab1b1d5,Faire,Senior Recruiter,"San Francisco, CA",unstated,ai_product,mba_unknown,https://boards.greenhouse.io/faire/jobs/8861788002?gh_jid=8861788002,open
5b2cbc0b73cb38fafadd7dd764cea05d3653520fe3ab19584b862702b36a807d,Duolingo,"Senior/Software Engineer II, Backend","New York, NY; Pittsburgh, PA",unstated,ai_product,mba_unknown,https://careers.duolingo.com/jobs/8584012002?gh_jid=8584012002,open
d8c2c54fee6c0a26b6938649b8458ead9f5d487df92c9b651862155901656add,Okta,Principal Customer Success Manager - Dedicated,"Chicago, Illinois; Colorado; San Francisco, California; Texas",unstated,ai_product,mba_unknown,https://www.okta.com/company/careers/opportunity/8094752?gh_jid=8094752,open
fcf80d94b0f4047a9bfd484518f15742ddb5f76786dd56ee26e922e6a5b59594,Coinbase,Staff Machine Learning Engineer(Platform - Identity),Remote - USA,unstated,ai_product,mba_unknown,https://www.coinbase.com/careers/positions/7891045?gh_jid=7891045,open
21a60aa0613b75ce7c0f1ba82bd8a16b4a7401c8363a67794476a0f95f3eac65,Asana,"Principal Software Engineer, Asana Platform",New York City,unstated,ai_product,mba_unknown,https://www.asana.com/jobs/apply/8227428?gh_jid=8227428,open
21b06677644c5e45b9f65f7d5b15b2ebceabf1ddc43e3b556daa9d568d719af5,Instacart,"Staff Android Engineer, Pick & Deliver",United States - Remote,unstated,other_mba_tech,mba_unknown,https://instacart.careers/job/?gh_jid=8237985,open
35ef9bd4d10ed504ad063a929e34e6ce406b317c17e6e1175ee442f220a0b5c6,Duolingo,Senior Site Reliability Engineer,"New York, NY; Pittsburgh, PA",unstated,other_mba_tech,mba_unknown,https://careers.duolingo.com/jobs/8784381002?gh_jid=8784381002,open
11d8698b7fb72349e3a3cbadf241faa2c9e0324aab5823d949e42ede5df4fe60,Duolingo,Senior iOS Engineer,"New York, NY; Pittsburgh, PA",unstated,ai_product,mba_unknown,https://careers.duolingo.com/jobs/8393272002?gh_jid=8393272002,open
878dbff89e7eb9c404bafcf32998c863d666ae4bded98aa8e80c5437affdb880,Duolingo,Senior Enterprise Engineer,"New York, NY; Pittsburgh, PA",unstated,other_mba_tech,mba_unknown,https://careers.duolingo.com/jobs/8761428002?gh_jid=8761428002,open
1216f8a11f519f48e7fba9ac139bc7aa7f5b024e631b35c37e9622161aadba08,Faire,"Senior Technical Recruiter, AI/ML","San Francisco, CA",unstated,ai_product,mba_unknown,https://boards.greenhouse.io/faire/jobs/8194932002?gh_jid=8194932002,open
f2c49df4d8cf363dda9744146cb01a9de2e421690327627737f2f397dfbbbf40,Duolingo,"Engineering Manager, Product","New York, NY",unstated,ai_product,mba_unknown,https://careers.duolingo.com/jobs/8734207002?gh_jid=8734207002,open
ee38ea8ae36ce0be78480a7c03f7a23c3a0ee8a536d9261c78536d2e58bbc2f4,Duolingo,"Senior Engineering Manager, Product","New York, NY; Pittsburgh, PA",unstated,product,mba_unknown,https://careers.duolingo.com/jobs/8725638002?gh_jid=8725638002,open
33e1ad42a2f7a4a249ea8402328ac9bae905153ff175486a045cc0bd8cd6db78,ZoomInfo,Principal GTM Onboarding Manager,"Bethesda, Maryland, United States; Vancouver, Washington, United States; Waltham, Massachusetts, United States",unstated,ai_product,mba_unknown,https://www.zoominfo.com/careers?gh_jid=8649147002,open
9b54a29a06a6d19c7a138bcb8841269f7c142be151f8cc977726816ff63964d5,Duolingo,"Senior Engineering Manager, AI Platform ","New York, NY; Pittsburgh, PA",unstated,ai_product,mba_unknown,https://careers.duolingo.com/jobs/8764849002?gh_jid=8764849002,open
dd184b94b7893d2fe9bd4fd71abae28be402b4e2bdb712796d4d198f5d10ed12,Discord,"Senior Data Engineer, Ads",Remote (U.S.),unstated,ai_product,mba_unknown,https://job-boards.greenhouse.io/discord/jobs/8299493002,open
2d07401fc6bb1786a8c6e3875994bcf9fd1bbe9eac2117c96565f9faf0e38d4e,Airbnb," Senior Machine Learning Engineer, Payments",Remote-USA,unstated,ai_product,mba_unknown,https://careers.airbnb.com/positions/7755758?gh_jid=7755758,open
838e85d31bfa89eba724c58f493b852dbb02f737dc1f83637d752ed2c6d6d4a5,Duolingo,"Senior Data Science Manager, User Growth","New York, NY; Pittsburgh, PA",unstated,ai_product,mba_unknown,https://careers.duolingo.com/jobs/8654296002?gh_jid=8654296002,open
7caf0989ec21954ca09bc89d79767f24120885908a750e9552ba54107d664bd8,Duolingo,"Senior Data Scientist, User Growth","New York, NY; Pittsburgh, PA",unstated,ai_product,mba_unknown,https://careers.duolingo.com/jobs/8750527002?gh_jid=8750527002,open
0a5f8c4c3a605b9721564c0aff28e0aa55aaf8f883b313af425d20fb67955edb,Duolingo,"Senior Data Scientist, Growth Forecasting","New York, NY; Pittsburgh, PA",unstated,ai_product,mba_unknown,https://careers.duolingo.com/jobs/8750636002?gh_jid=8750636002,open
eaece1bc3a0c86a9e7cb64ebbd99ce6effd9bf98a112d477f082e77efe44d820,Duolingo,"Senior Android Engineer, Client Platform - Application Stability and Performance","New York, NY; Pittsburgh, PA",unstated,ai_product,mba_unknown,https://careers.duolingo.com/jobs/8745752002?gh_jid=8745752002,open
15f203bd00bb40393cbebf6f586fc000957091cc9eda99793ab5f2c35ef56033,Duolingo,Senior Product Designer,"New York, NY; Pittsburgh, PA",unstated,ai_product,mba_unknown,https://careers.duolingo.com/jobs/8489189002?gh_jid=8489189002,open
a7fc189071f505b1e202d792c0dc8abc00ff48783b6460f04b0186fbeeddc3c0,Duolingo,VP of Strategy and Corporate Development,"New York, NY; Pittsburgh, PA",unstated,product,mba_unknown,https://careers.duolingo.com/jobs/8562297002?gh_jid=8562297002,open
f9e8f41b6b7a23e064c32fe859f93b6904f58eee40e0cee33639310fd8f4142b,Scale AI,"Solutions Architect, Enterprise","San Francisco, CA; New York, NY",unstated,other_mba_tech,mba_unknown,https://job-boards.greenhouse.io/scaleai/jobs/4554440005,open
87fedcb5e6f4a58a7dcacf3fa512ec282e0d68bcac9338a1b1a51ef66c826d1c,Scale AI,"Staff Solutions Architect, Enterprise","New York, NY; San Francisco, CA",unstated,ai_product,mba_unknown,https://job-boards.greenhouse.io/scaleai/jobs/4689909005,open
4d072c692b130dc259711255eaf7c280a4bfde75f5564e335e6f229cc3919bb8,Duolingo,"Manager, Strategy and Business Operations","New York, NY; Pittsburgh, PA",unstated,product_strategy,mba_unknown,https://careers.duolingo.com/jobs/8489240002?gh_jid=8489240002,open
835457d6aae40cdbf633f63faf6744a1023415787f9ef1f05ea700c48e29f8da,Datadog,Senior Procurement Analyst,"New York, New York, USA",unstated,other_mba_tech,mba_unknown,https://careers.datadoghq.com/detail/8244276/?gh_jid=8244276,open
de3e81eb09717abaeb33ef8f2e7ae18c5c487262a9751cb65e137c97dcf47732,Peloton,Product Safety and Compliance Engineer III,"Woodinville, Washington",unstated,ai_product,mba_unknown,https://careers.onepeloton.com/en/all-jobs/?gh_jid=8223424,open
e85512550567f5db8e9a3c9e625ddb504fa4b232a474ff082b59301bdc6a3cb8,ZoomInfo,Software Engineer III -Frontend Software Engineer,"Bethesda, Maryland, United States",unstated,ai_product,mba_unknown,https://www.zoominfo.com/careers?gh_jid=8623285002,open
49af1b753754141b3cce03d24bca69c1e94e216494516c3a9362ccbd033c004a,Figma,"Technical Program Manager, AI Tooling","San Francisco, CA • New York, NY • United States",unstated,ai_product,mba_unknown,https://boards.greenhouse.io/figma/jobs/6211910004?gh_jid=6211910004,open
00b55e37d190d497507d3956d854775a8430e64326ba3e5a4fe34a666853cb30,Affirm,"Senior Software Engineer, Backend (Card Loan Platform)",Remote US,unstated,other_mba_tech,mba_unknown,https://job-boards.greenhouse.io/affirm/jobs/8005075003,open
e025d96830a9a9bae255bc63f90e05d43d130ffe3a430d9aec15aa8bc87a2adb,Pinterest,"Director, Machine Learning Engineering, Ads Measurement","San Francisco, CA, US; Palo Alto, CA, US; Seattle, WA, US",unstated,ai_product,mba_unknown,https://www.pinterestcareers.com/jobs/?gh_jid=8234555,open
844a48c6b0fb99d41a033cdc757b8c09e616a36a5ba309f7502cba808f649499,Pinterest,"Sr. Manager, Machine Learning Engineering, Ads Measurement Products ","San Francisco, CA, US; Remote, US",unstated,ai_product,mba_unknown,https://www.pinterestcareers.com/jobs/?gh_jid=8234002,open
3910fdd8bb185da7db42a0401da8e760548a36e72fee88a9bee4b653a974d002,Pinterest,"Staff Machine Learning Engineer, Ads Bidding & Pacing","San Francisco, CA, US; Palo Alto, CA, US; Seattle, WA, US",unstated,ai_product,mba_unknown,https://www.pinterestcareers.com/jobs/?gh_jid=8238679,open
af51f8c0c303f41d9fe7310544087e1c519a47e9ad9c4456184cb5b8050decf9,Pinterest,"Software Engineer II, Data Analytics & Engineering","San Francisco, CA, US; Remote, US",unstated,ai_product,mba_unknown,https://www.pinterestcareers.com/jobs/?gh_jid=8213988,open
5d19dc0c853db03437d68c760e850e1e4fb64d44dd19c664a049475f4100429b,Pinterest,"Lead Client Partner, Pharma","New York, NY, US",unstated,ai_product,mba_unknown,https://www.pinterestcareers.com/jobs/?gh_jid=8210875,open
4ea9a3146d94401c3b3eae423a715bfda0c2da6b27d38a83989bf40e9ec5ce7d,Pinterest,"Sr. IT Project & Program Manager, Asset Management ","San Francisco, CA, US; Remote, US",unstated,ai_product,mba_unknown,https://www.pinterestcareers.com/jobs/?gh_jid=8209845,open
b0363b5e265a6e661f322820f9d1f378a94f8a18e1a8e9262ef6d57b5273343d,Pinterest,"Technical Program Manager II, Shopping Platforms","San Francisco, CA, US; Remote, US",unstated,ai_product,mba_unknown,https://www.pinterestcareers.com/jobs/?gh_jid=8209020,open
82bc06a0ffb67852e7e704d42b50b58d2673204bcc7899d2317995a0a6b5a15c,Pinterest,"Technical Program Manager II, Infrastructure (Capacity & Efficiency)","San Francisco, CA, US; Remote, US",unstated,ai_product,mba_unknown,https://www.pinterestcareers.com/jobs/?gh_jid=8209324,open
3fa639c86476f67803ff0a5a03a21e016df3d7083e82e4a8cbb43e0a4fc58221,Pinterest,"Sr. Technical Program Manager, Data Engineering","San Francisco, CA, US; Remote, US",unstated,ai_product,mba_unknown,https://www.pinterestcareers.com/jobs/?gh_jid=8209014,open
1b317a26d4a6ac3e8dea47c9bbe68f442d7090bf7d081fe0b6b9b69d2863010f,Pinterest,"Lead Client Partner, CPG","Berlin, DE",unstated,ai_product,mba_unknown,https://www.pinterestcareers.com/jobs/?gh_jid=8207249,open
e4a36986605d1260a5bd79f0e6a7982e51c8927d0e98b9dd3c00d49e158b83f7,Pinterest,"Sr. Client Account Manager, FinServ","Chicago, IL, US",unstated,ai_product,mba_unknown,https://www.pinterestcareers.com/jobs/?gh_jid=8171331,open
16dba9d2e44ef9dad920404bb9a3390e52f6cac44f2279081c3cc46556fef599,Pinterest,"Sr. Client Account Manager, Home","Atlanta, GA, US",unstated,ai_product,mba_unknown,https://www.pinterestcareers.com/jobs/?gh_jid=8168118,open
0e6d9100ef7b14bd3f739d66575b71381427c562e717c8d4532bfafe40a926e9,Pinterest,"Manager II, Machine Learning Engineering-Content Foundation","San Francisco, CA, US; Remote, CA, US",unstated,ai_product,mba_unknown,https://www.pinterestcareers.com/jobs/?gh_jid=8152750,open
e9a89203ea61207e3f90d3e0e8bc453c18cfc946407c677a32e52baf7fabf296,Pinterest,Master's University Grad Data Scientist (USA),"San Francisco, CA, US; Palo Alto, CA, US; Seattle, WA, US; New York, NY, US",unstated,ai_product,mba_unknown,https://www.pinterestcareers.com/jobs/?gh_jid=8140389,open
f61d5487dc377157896e709f1beefba5e76587a63afef51c64a9efd14b1c9124,Pinterest,PhD University Grad Machine Learning Engineer (USA) ,"San Francisco, CA, US; Palo Alto, CA, US; Seattle, WA, US",unstated,ai_product,mba_unknown,https://www.pinterestcareers.com/jobs/?gh_jid=8140363,open
ae5d33942a9dca63d189c3125a36cb57079dbef883259903779c4cd7fc6d8f53,Pinterest,Master's University Grad Machine Learning Engineer 2027 (USA),"San Francisco, CA, US; Palo Alto, CA, US; Seattle, WA, US; New York, NY, US",unstated,ai_product,mba_unknown,https://www.pinterestcareers.com/jobs/?gh_jid=8140219,open
5729cede973f281b10b893cedbac2e1f145e8cf18bc36e6a507c89a0f79431dd,Pinterest,UX Engineering Intern (San Francisco),"San Francisco, CA, US",unstated,ai_product,mba_unknown,https://www.pinterestcareers.com/jobs/?gh_jid=8140210,open
754e5e94deab0e41b107e343a3af6e3ae301fe5012c3e650eb36376a2b17d749,Pinterest,"Manager II, Recruiting","San Francisco, CA, US; Remote, US",unstated,ai_product,mba_unknown,https://www.pinterestcareers.com/jobs/?gh_jid=8132078,open
da956466ccc4190914e6f3cff4ce8b8fcb3499c4cc985dfb0163d551be1a2335,Pinterest,Sr. Client Partner (tvScientific),"San Francisco, CA, US; Remote, US",unstated,ai_product,mba_required,https://www.pinterestcareers.com/jobs/?gh_jid=8130616,open
bd169f601cc6087eae433bffca5e7d6af9139915907ba82ba2563c2b62e4cc44,Pinterest,Programmatic Ads Sales Lead,"New York, NY, US",unstated,ai_product,mba_unknown,https://www.pinterestcareers.com/jobs/?gh_jid=8129654,open
aeb81a2c9ff6b3efca58eade3d0898f7c7f26ff7143c7140116139a82b584096,Pinterest,Sales Strategy & Operations Lead,"New York, NY, US; Remote, US",unstated,ai_product,mba_unknown,https://www.pinterestcareers.com/jobs/?gh_jid=8120416,open
5cdf0a03fa6c73c85a3a6aa5e2c611381963146f1d335ee8327ee4c83a90e2a3,Pinterest,"Client Account Manager II, CPG (Food)","Chicago, IL, US",unstated,ai_product,mba_unknown,https://www.pinterestcareers.com/jobs/?gh_jid=8114760,open
c071ad654caef764086e2068ad4f9139c0603787f903781903baa174646ca6f4,Pinterest,"Manager II, Config Deployments","Seattle, WA, US; Remote, US",unstated,ai_product,mba_unknown,https://www.pinterestcareers.com/jobs/?gh_jid=8104117,open
84aac211e1ddf96e0f21b65e3bceb6add11bea5e6578de44ab204a933ce17f34,Pinterest,Sr. Ads Product Marketing Manager,"San Francisco, CA, US; Remote, US",unstated,ai_product,mba_unknown,https://www.pinterestcareers.com/jobs/?gh_jid=8095322,open
0a79d08531c4333f618195878573ca15512c0361b388c44fa2cc12cc3c440658,Pinterest,"Sr. Lead, Corporate Communications","New York, NY, US; Remote, US",unstated,ai_product,mba_unknown,https://www.pinterestcareers.com/jobs/?gh_jid=8097938,open
b14b2c3e9c2c8d656177c2d2becbd3f8520b81c7cdbbf9114a60eec176cfc8ac,Pinterest,Sr. Ads Product Marketing Manager- Ads Delivery,"Chicago, IL, US; New York, NY, US; San Francisco, CA, US; Los Angeles, CA, US; Atlanta, GA, US; Seattle, WA, US",unstated,ai_product,mba_unknown,https://www.pinterestcareers.com/jobs/?gh_jid=8082503,open
39cbaba65f83a893100e853142566302ebb39d08f742c7152e664f4e7dde66d9,Pinterest,"Sr. Client Partner [12-Month Fixed Term] Beauty, Health and Household","Hamburg, DE",unstated,ai_product,mba_unknown,https://www.pinterestcareers.com/jobs/?gh_jid=8074880,open
6497ddf733e873e381ad18b935a80271c340d35827f2ae3f7b26aad813db656c,Pinterest,"Director of Engineering, Core & Ads Serving Platform","San Francisco, CA, US; Palo Alto, CA, US",unstated,ai_product,mba_unknown,https://www.pinterestcareers.com/jobs/?gh_jid=8035163,open
66af43dcde2fd359c33ab0396a75d8789aa2a6acaa22aa53f423cb7d334a5ce0,Pinterest,"Lead Client Partner, Brand Sales (tvScientific) ","New York, NY, US",unstated,ai_product,mba_required,https://www.pinterestcareers.com/jobs/?gh_jid=8026862,open
4a2b9b46d15a80fc6374f54b22ba539fb0ebea33bf11a5a678af04f74e13830e,Pinterest,"Lead Client Partner, Consumer Apps (tvScientific)","San Francisco, CA, US",unstated,ai_product,mba_required,https://www.pinterestcareers.com/jobs/?gh_jid=8026869,open
52300a18c630a1bf4912d992f152b353d0972148528476adb3e6e66dfb074432,Pinterest,"Software Engineer II, Web","Toronto, ON, CA",unstated,ai_product,mba_unknown,https://www.pinterestcareers.com/jobs/?gh_jid=8024883,open
46073a623689d22884fd5b373c004d4ad0058433d72ccf8b6d9fda23a2f1e713,Pinterest,"Sr. Manager, Machine Learning Engineering-Applied Research","San Francisco, CA, US; Remote, US",unstated,ai_product,mba_unknown,https://www.pinterestcareers.com/jobs/?gh_jid=8015504,open
feffaf3e41aa8f6e094eca9aeca2394f2edf8ec40b92ce3413200e1dd335e342,Pinterest,"SDET II, tvScientific","San Francisco, CA, US; Remote, US",unstated,ai_product,mba_unknown,https://www.pinterestcareers.com/jobs/?gh_jid=8011568,open
81d7e9b0fee43404ecc7148096494698e8a778af54f8cb8da9345b83c950fa04,Pinterest,"Sr. Industry Manager, Retail","New York, NY, US; Chicago, IL, US",unstated,ai_product,mba_unknown,https://www.pinterestcareers.com/jobs/?gh_jid=7989247,open
8c5de11a3352e7313ec8b26b31c564790f412512aa718a66f461308588adb048,Pinterest,University Grad Software Engineer 2027 (USA),"San Francisco, CA, US; Remote, US",unstated,ai_product,mba_unknown,https://www.pinterestcareers.com/jobs/?gh_jid=7838591,open
57c3061fbc0a95d30f88b3c674e2ce2f9c4ebb18ce64bfc0a96e0ac7c8798a46,Pinterest,"Machine Learning Engineer II, Visual AI","San Francisco, CA, US; Remote, US",unstated,ai_product,mba_unknown,https://www.pinterestcareers.com/jobs/?gh_jid=7697137,open
e4af1da889fbed2342bcd9bcbc85b8aa1b8f1441028a31abedf36053fe6d3476,Pinterest,"Principal Engineer, Big Data Platform","San Francisco, CA, US; Remote, US",unstated,ai_product,mba_unknown,https://www.pinterestcareers.com/jobs/?gh_jid=7683981,open
e092561f73b651c86fdc3495dd3524434e553240cdec2b483aea67616cfc3506,Pinterest,"Staff Qualitative UX Researcher, Monetization","San Francisco, CA, US; Remote, US",unstated,ai_product,mba_unknown,https://www.pinterestcareers.com/jobs/?gh_jid=7684577,open
400b7f6a137307eceb263c97efe2f984069b3a80111d30b0e48b708453d77222,Pinterest,"Principal Engineer, AI Platform","San Francisco, CA, US; Remote, US",unstated,ai_product,mba_unknown,https://www.pinterestcareers.com/jobs/?gh_jid=7683977,open
a2f5d1353e275595b4055e2bde749d4bffcb91a8c367e87b69fc7d48f7e05caf,Pinterest,"Sr. Client Account Manager, Financial Services","Chicago, IL, US",unstated,ai_product,mba_unknown,https://www.pinterestcareers.com/jobs/?gh_jid=7656243,open
ed8a14f62e478e02d6664a1fb55840c13643b6719e026b29a8c1218feb43ad98,Pinterest,"Staff Software Engineer, Capacity Engineering","San Francisco, CA, US; Remote, US",unstated,ai_product,mba_unknown,https://www.pinterestcareers.com/jobs/?gh_jid=7494668,open
c7cd661236bb10296c560fab6e3de4273fd47778d1bf342e48354278fef6f97d,Pinterest,"Machine Learning Engineer II, Core Engineering ","Toronto, ON, CA",unstated,ai_product,mba_unknown,https://www.pinterestcareers.com/jobs/?gh_jid=7473497,open
cc1d4bb96b04d9ab481c01f029b4fbc7746b0f04a9677ba159c5d0a41aa2832f,Pinterest,"Software Engineer, iOS","Toronto, ON, CA",unstated,ai_product,mba_unknown,https://www.pinterestcareers.com/jobs/?gh_jid=6922682,open
a9fd1f4bb95291cfe72cbb79fa7fff59cccf56ea99e0c4881cf43495e7ff7b37,Pinterest,"Sr. Machine Learning Engineer, Applied Science","San Francisco, CA, US; Remote, US",unstated,ai_product,mba_unknown,https://www.pinterestcareers.com/jobs/?gh_jid=6894747,open
b12fea254581289d56e27e8f9aa10f807155dc991c48633d8ee6d216bac8fa0c,Pinterest,Sr. Data Scientist,"Toronto, ON, CA",unstated,ai_product,mba_unknown,https://www.pinterestcareers.com/jobs/?gh_jid=6659114,open
97a4f94a3eef71545ef0474a5236bb5ed9d187cf0482794c57a519b716e35da5,Pinterest,Sr. Software Engineer - Full Stack,"Toronto, ON, CA",unstated,ai_product,mba_unknown,https://www.pinterestcareers.com/jobs/?gh_jid=6510646,open
ee6f0e367565430b4a85f53ddb3ba5c7aa0f673032afc4ef0e880bab69dd4fd9,Pinterest,"Machine Learning Engineer, Monetization Engineering","San Francisco, CA, US; Palo Alto, CA, US; Seattle, WA, US",unstated,ai_product,mba_unknown,https://www.pinterestcareers.com/jobs/?gh_jid=6121543,open
eb44030ddbd9bf753581b0f3118f4d3ffd568e48b029282c2f7f8e153499326e,Pinterest,"Machine Learning Engineer, Core Engineering","San Francisco, CA, US; Palo Alto, CA, US; Seattle, WA, US; Remote, US",unstated,ai_product,mba_unknown,https://www.pinterestcareers.com/jobs/?gh_jid=6121450,open
870e0c6ebff3f3dcf9e4c989c13e9bee4995d1464adcbfb6a4d806463d6bb6bf,Pinterest,"Sr. Machine Learning Engineer, Monetization Engineering","San Francisco, CA, US; Palo Alto, CA, US; Seattle, WA, US",unstated,ai_product,mba_unknown,https://www.pinterestcareers.com/jobs/?gh_jid=6121551,open
1c6538c0bf525c72583438b1c1930205684ba4d1e2669515d23a3add973951db,Pinterest,"Sr. Machine Learning Engineer, Core Engineering ","San Francisco, CA, US; Palo Alto, CA, US; Seattle, WA, US",unstated,ai_product,mba_unknown,https://www.pinterestcareers.com/jobs/?gh_jid=6121464,open
271a932d38abec6ad8fe12d99fcd82acdc29b27e3d1ac28b11b25db9dbe4f376,Pinterest,"Sr. Data Scientist, Core","San Francisco, CA, US; Remote, US",unstated,ai_product,mba_unknown,https://www.pinterestcareers.com/jobs/?gh_jid=6087213,open
cf349baaa81f06a84256d9f92e2c6184b44c1b738c22b0e944d033b097154025,Pinterest,"Sr. Data Scientist, Monetization","San Francisco, CA, US; Seattle, WA, US",unstated,ai_product,mba_unknown,https://www.pinterestcareers.com/jobs/?gh_jid=5740948,open
520278bd90c8e509bb417fdd894ff028b77483a52d04fa3e2af51f4b5be3585e,Pinterest,"Software Engineer II, Full Stack","Toronto, ON, CA",unstated,ai_product,mba_unknown,https://www.pinterestcareers.com/jobs/?gh_jid=5459622,open
f2627d2d366dbb4d255a399673b56c989c161ba3044396e28206ecc4dea35232,Pinterest,"Sr. Software Engineer, Web","San Francisco, CA, US; Remote, US",unstated,ai_product,mba_unknown,https://www.pinterestcareers.com/jobs/?gh_jid=5412514,open
986e98459a62f08084e721bbc86573a44da1b307762d11070edcae55c293986b,Datadog,Senior Technology Partner Engineer,"New York, New York, USA",unstated,ai_product,mba_unknown,https://careers.datadoghq.com/detail/8247686/?gh_jid=8247686,open
aea70e2e4a68cde318c20a31f89deafb9794511c69952425527d19c594b75ffa,Betterment,Sr. 401(k) Onboarding Associate,Betterment HQ - New York City,unstated,other_mba_tech,mba_unknown,https://www.betterment.com/careers/current-openings/job?gh_jid=8233602&gh_jid=8233602,open
6ae94731049aded5ca82e268ed907e475ae14b0d3bcfd4255ae718ab3a922511,Betterment,Revenue Operations Manager - Revenue Planning & Insights ,Betterment HQ - New York City,unstated,ai_product,mba_unknown,https://www.betterment.com/careers/current-openings/job?gh_jid=8177550&gh_jid=8177550,open
756a459e27d32859709a8360238933c5a3804084a288baf7197a734b079067d4,Betterment,Incentive Compensation Manager,Betterment HQ - New York City,unstated,other_mba_tech,mba_unknown,https://www.betterment.com/careers/current-openings/job?gh_jid=8078001&gh_jid=8078001,open
9e5f0b230a0b0d8965d719cc4b2159cbe03d2ce031a24216f134b0bd810e2b3b,ZoomInfo,GTM Delivery Manager,"Bethesda, Maryland, United States; Vancouver, Washington, United States; Waltham, Massachusetts, United States",unstated,ai_product,mba_unknown,https://www.zoominfo.com/careers?gh_jid=8786482002,open
f6b89c6d9b71ce6cbf780aa2a326b2c0f4606aa7ce053700f60ff9b7fd42cc36,Lyft,"Associate Counsel, Employment","Washington, DC",unstated,other_mba_tech,mba_unknown,https://app.careerpuck.com/job-board/lyft/job/8863276002?gh_jid=8863276002,open
3a718302068e9751f2a394c3eef4b281f149857fcf47cc32dab795cbc3a4505a,Datadog,"VP, Investor Relations","New York, New York, USA",unstated,ai_product,mba_required,https://careers.datadoghq.com/detail/8243782/?gh_jid=8243782,open
bea9ba8681906dd2405e694c6b0673a4c4875d83e650df69a298a6f9e5ee79bc,Airbnb,"Senior Program Manager, Workplace Operations","San Francisco, United States",unstated,other_mba_tech,mba_unknown,https://careers.airbnb.com/positions/8079378?gh_jid=8079378,open
5909238748baf81199abe365eef0ce8ffcdadf5ef93113ef0c473d5ac113afc0,ZoomInfo,Senior Principal Demand Generation - Expansion,"Waltham, Massachusetts, United States",unstated,ai_product,mba_unknown,https://www.zoominfo.com/careers?gh_jid=8863212002,open
fecaf6551a3c9fddc60d269c27803ab7737281ef57e336ca07107d1f63b31d69,Datadog,"Manager, Revenue Accounting","New York, New York, USA",unstated,ai_product,mba_unknown,https://careers.datadoghq.com/detail/8238132/?gh_jid=8238132,open
d19733a7536041c0aa33992e2151b2c3a837c6c6a4bf345010afa9de0697d3e3,Lyft,"Sr. Manager, Accounts Payable","San Francisco, CA",unstated,other_mba_tech,mba_required,https://app.careerpuck.com/job-board/lyft/job/8626176002?gh_jid=8626176002,open
52716ffee366a1ddcea0ee049ba9799754aa1980920331bac2f71485510d4955,Samsara,Senior Security Engineer - Threat Detection,Remote - CA,unstated,ai_product,mba_unknown,https://www.samsara.com/company/careers/roles/8212787?gh_jid=8212787,open
4a70b6daf125a1bd845296995f3599252ab49a268fea8a271715125d83e61c1e,Klaviyo,"Lead Software Engineer, CICD","Boston, MA",unstated,other_mba_tech,mba_unknown,https://www.klaviyo.com/careers/jobs/7990569003?gh_jid=7990569003,open
de403f491e7bdc490b515a99404a3369faf6e57de420ecf6dc5afab84aa2a531,Klaviyo,"Lead Engineer, Applied AI (Customer Agent)","Boston, MA",unstated,ai_product,mba_unknown,https://www.klaviyo.com/careers/jobs/7802701003?gh_jid=7802701003,open
4622a1fba993c01101cc93d0d8ba1a3df0256efb77b36e6a69491e7ddd0139cc,Klaviyo,"Staff Engineer, Applied AI (Customer Agent)","Boston, MA",unstated,ai_product,mba_unknown,https://www.klaviyo.com/careers/jobs/7993282003?gh_jid=7993282003,open
4506658930405c524765b53353c8cf404ca0b85f24b86c5cb1ed0c49e26796d0,Scale AI,Global Head of Workplace,"San Francisco, CA",unstated,other_mba_tech,mba_unknown,https://job-boards.greenhouse.io/scaleai/jobs/4738221005,open
8d01f229e18fe70561feab91159317ef22da935bea4d867e67ab41ca8d3e04a0,SoFi,Compliance Analytics Senior Analyst,United States,unstated,other_mba_tech,mba_unknown,https://sofi.com/careers/job/8008778003?gh_jid=8008778003,open
6f82ef460f4b85b87efb9f81f5f41040732f4f2b066a838fe3729f20f8eb1ef9,SoFi,Vulnerability Management Engineer,CA - San Francisco,unstated,other_mba_tech,mba_unknown,https://sofi.com/careers/job/7987003003?gh_jid=7987003003,open
6ba1ac8f7479d03d8e826e4a31e655b45eab01111d071c519107b29ffde7fdc7,SoFi,"Applications Administrator, Home Lending",NC - Charlotte,unstated,other_mba_tech,mba_unknown,https://sofi.com/careers/job/7990744003?gh_jid=7990744003,open
1075b0b881642d46bba78fc6f54b365ed05d548b769b6c49c62e521b03ef5a53,SoFi,"Sr Staff Forward Deployed Engineer, Enterprise AI",WA - Seattle; CA - San Francisco; UT - Cottonwood Heights,unstated,ai_product,mba_unknown,https://sofi.com/careers/job/7996286003?gh_jid=7996286003,open
b59ccf7642f6cab6712870925af2e2f6d76c8757760973b84533d377e3a1d5cc,SoFi,"Staff Security Detection Engineer, Machine Learning",WA - Seattle; CA - San Francisco ,unstated,other_mba_tech,mba_unknown,https://sofi.com/careers/job/7818418003?gh_jid=7818418003,open
a4825ea10edd48fa40b1719c27137638fb0196c52a9ae6c6d913de5a2b6c4cb2,SoFi,Offensive Security Lead,CA - San Francisco; WA - Seattle; NY - New York City; UT - Cottonwood Heights; TX - Frisco; MT - Helena,unstated,ai_product,mba_unknown,https://sofi.com/careers/job/7985585003?gh_jid=7985585003,open
948291d991c1ac8f3e76acefa33a36146a0ad0d256a54f2c7c3d172e52fa562b,SoFi,Director of Digital Employee Experience,CA - San Francisco,unstated,ai_product,mba_unknown,https://sofi.com/careers/job/7930079003?gh_jid=7930079003,open
6f34d91bc36b211542a22f9761d801cc4a0a78688da59e8522159ceb94d32631,SoFi,"Independent Risk Management Director, Investment Products",TX - Frisco,unstated,other_mba_tech,mba_unknown,https://sofi.com/careers/job/7805243003?gh_jid=7805243003,open
6a6e7a24ab3a6dce9c71397cb9820bf48b51ae8201ef493961a0b880b4b75a7f,SoFi,"Senior Director, AI Enterprise Transformation",CA - San Francisco,unstated,ai_product,mba_required,https://sofi.com/careers/job/7921209003?gh_jid=7921209003,open
27631460703b75591a5582a91c571d2d42b4d195e50c911a13557c57a71d9c27,SoFi,"Staff Backend Engineer, Custody Core (Crypto Security)",CA - San Francisco; WA - Seattle; NY - New York City; TX - Frisco; UT - Cottonwood Heights; MT - Helena; FL - Jacksonville,unstated,other_mba_tech,mba_unknown,https://sofi.com/careers/job/7819801003?gh_jid=7819801003,open
0e5ef8a0ae247d3595aae56f9cb19c57b916bfeba631d2598f5ab3bfbfd5bca8,SoFi,Senior Vulnerability Management Engineer,WA - Seattle; CA - San Francisco,unstated,other_mba_tech,mba_unknown,https://sofi.com/careers/job/7986999003?gh_jid=7986999003,open
fba9a6c91afabc4043c62497c18e6dc8cff21fb618b8c69bb71f243537f170bb,SoFi,Credit Strategy Manager,CA - San Francisco,unstated,other_mba_tech,mba_unknown,https://sofi.com/careers/job/7655871003?gh_jid=7655871003,open
29b0b929efa84ddf8b6a5fca164a4c3a6d5a82f800a48612d1b0f982940233ca,SoFi,"Senior Director, International Risk Oversight",UT - Cottonwood Heights; CA - San Francisco; NY - New York City,unstated,other_mba_tech,mba_required,https://sofi.com/careers/job/7607580003?gh_jid=7607580003,open
d3043406d801fb6b5fe0d2f437f6ff00aea43be48e0857fe9de001592c6b28d3,Airbnb,"Staff Advanced Analytics, Product",United States,unstated,ai_product,mba_unknown,https://careers.airbnb.com/positions/7943874?gh_jid=7943874,open
eb2aa94999f781e98851a37041e110a1a11e4f3a7f2a1b2374a21b455a2de1ad,Chime,Senior Partner Manager,"Remote, USA",unstated,ai_product,mba_unknown,https://boards.greenhouse.io/chime/jobs/8564916002?gh_jid=8564916002,open
7dbadfa1dcd2c4ee53d11b8b1590aac5a9e8b98b6315e2fe76dde7d9dba8abc8,Coinbase,"Senior Marketing Manager, Brand Strategy",Remote - USA,unstated,ai_product,mba_unknown,https://www.coinbase.com/careers/positions/8242207?gh_jid=8242207,open
5ec6e0900d8e7d04f2352d66b863dfedd498fae53e2a300b0c3f7d4315c23b49,Okta,Principal Product Acceleration Specialist - Auth0,"Chicago, Illinois; New York, New York; Toronto, Ontario, Canada; Washington, DC",unstated,ai_product,mba_unknown,https://www.okta.com/company/careers/opportunity/8211192?gh_jid=8211192,open
3a74292a1f148c3c8f7aaf96632cad091f63a2fd8d39fa4660eac25b74297af4,Scale AI,Account Based Marketing Lead,"San Francisco, CA; New York, NY",unstated,ai_product,mba_unknown,https://job-boards.greenhouse.io/scaleai/jobs/4739727005,open
d57624413000e231ac003ea1a4eb2e080debe59bb70153c6d1ae4b5f19149f2e,Lyft,"Sr. Manager, GTM Strategy & Sales Packaging","New York, NY",unstated,product_marketing,mba_unknown,https://app.careerpuck.com/job-board/lyft/job/8838923002?gh_jid=8838923002,open
04cfd4e08081c6e518f9e7aac15fde9c84976f12a3581cb8f83ef32f474d36bc,Okta,Senior Product Manager - Okta Identity Governance,"Bellevue, Washington; Chicago, Illinois; New York, New York; San Francisco, California; Seattle, Washington; Washington, DC",unstated,ai_product,mba_required,https://www.okta.com/company/careers/opportunity/8213755?gh_jid=8213755,open
f4cb42e2dc5d037462d4cbdb13f156e2236f05652035bff55b3278e313b5445c,Flexport,Global Operations Specialist,"Dallas, Texas, United States",unstated,other_mba_tech,mba_unknown,https://job-boards.greenhouse.io/flexport/jobs/8198155,open
ffd2a02dc95e5613d7b77f0366f8f5740eb95fe50cd83dfee412f1f369cce282,Scale AI,IT Systems Engineer,"Washington, DC",unstated,other_mba_tech,mba_unknown,https://job-boards.greenhouse.io/scaleai/jobs/4704551005,open
f7b5c07df1f7d039b8b44fc1a1b38580c4c300b7a4244404defcba5eb483abcb,Scale AI,Payroll Analyst,"San Francisco, CA",unstated,other_mba_tech,mba_unknown,https://job-boards.greenhouse.io/scaleai/jobs/4734728005,open
f49558996369c2f1da9eb0d00b9adb55e267f2c3f66e21c37440ce0d37b5874b,Scale AI,"Infrastructure Software Engineer, Enterprise GenAI","San Francisco, CA; New York, NY",unstated,ai_product,mba_unknown,https://job-boards.greenhouse.io/scaleai/jobs/4665557005,open
f08dc406f684f6eab1b89150b18da2cd0474bae90642599e8978a128a1098146,Scale AI,"Senior Product Design Manager, Enterprise","New York, NY",unstated,ai_product,mba_unknown,https://job-boards.greenhouse.io/scaleai/jobs/4721008005,open
ed35c19a44e1b96ede793d2d4300f73e54f6908509b16d9120573391e95d74c6,Scale AI,Senior Staff Frontier Agents Engineer,"San Francisco, CA; New York, NY",unstated,ai_product,mba_unknown,https://job-boards.greenhouse.io/scaleai/jobs/4694869005,open
ec440a124725dbfeb3ced01867ab89c160387cb593677e570770e14fec02f46d,Scale AI,"Technical Program Lead, Public Sector","Washington, DC",unstated,ai_product,mba_unknown,https://job-boards.greenhouse.io/scaleai/jobs/4735208005,open
ebf71112a8ed7bb6bb3c6b0d55cd1687fec83e2b33c94b3243a599bf973dd81f,Scale AI,"Engagement Manager (Homeland Layered Defense), Public Sector","Washington, DC",unstated,ai_product,mba_unknown,https://job-boards.greenhouse.io/scaleai/jobs/4726264005,open
ebcb894a6b97b55a919f0db73206f6b5c5c09ed9cc53f3ed0c43783009269fcc,Scale AI,Growth Strategy & Operations Lead,"San Francisco, CA; New York, NY",unstated,ai_product,mba_unknown,https://job-boards.greenhouse.io/scaleai/jobs/4701543005,open
eb8f10293006543f222e37340d48109505072e28c1c751e44bdebeb9ebb75d00,Scale AI,"Field Engineer, Data Engine","Colorado Springs, CO; Omaha, NE; St. Louis, MO; Washington, DC",unstated,other_mba_tech,mba_unknown,https://job-boards.greenhouse.io/scaleai/jobs/4518690005,open
e8454e311e1eec06a11bd1a2a1998b53f794410f26918897976e9c05a9c8b8a5,Scale AI,"Software Engineer, Public Sector","San Francisco, CA; St. Louis, MO; New York, NY; Washington, DC",unstated,ai_product,mba_unknown,https://job-boards.greenhouse.io/scaleai/jobs/4302243005,open
e7f14a6eca32eeb22e20d0615f7eead717fe9c61b8a5b57761426fcfdb877a29,Scale AI,"Engineering Manager, Frontier AI Infrastructure - Public Sector ","Washington, DC",unstated,ai_product,mba_unknown,https://job-boards.greenhouse.io/scaleai/jobs/4732365005,open
e5b1c6ddbe59f00a372315aa43dfb6c7d01d919901d33c65658cc6468fb28b5f,Scale AI,Deployment Strategist - DHS/DOJ,"Washington, DC",unstated,ai_product,mba_preferred,https://job-boards.greenhouse.io/scaleai/jobs/4727671005,open
df9645d932d4b64c510e531c0c6bf25f9794d5f4dd9a3588a95aff2846065baa,Scale AI,"Team Lead, ARC Software Engineering Team","Washington, DC",unstated,ai_product,mba_unknown,https://job-boards.greenhouse.io/scaleai/jobs/4717701005,open
df40bc9aab2841aac9229df9a3693f44b832e51256cf67818a6c82facbc1d6c5,Scale AI,"Forward Deployed Product Manager, Enterprise","New York, NY",unstated,ai_product,mba_unknown,https://job-boards.greenhouse.io/scaleai/jobs/4673051005,open
dd93e98b4419129b1d1c475d9ca9e468e76ae152fc1dc1fd868728c16425a883,Scale AI,"Engagement Manager, Public Sector (Midwest)","Omaha, NE",unstated,other_mba_tech,mba_unknown,https://job-boards.greenhouse.io/scaleai/jobs/4725926005,open
dc672ac4dbc45ae4f269e74b582a6c064e2117b16537caf7c7a3493f6553effa,Scale AI,Solutions Engineer (Clearance Required),"Washington, DC",unstated,ai_product,mba_unknown,https://job-boards.greenhouse.io/scaleai/jobs/4663481005,open
d79f9c33e32f15d0b4ede197e12e37ce665fbbe01cf385a7f970b6024316639d,Scale AI,"Staff Software Engineer, Enterprise GenAI","San Francisco, CA; New York, NY",unstated,ai_product,mba_unknown,https://job-boards.greenhouse.io/scaleai/jobs/4569678005,open
d66cf6831ed8a0dd8f930dfa587d722a9d35c38bcd68e9e118af586fe5ae79af,Scale AI,"Technical Program Manager, Red Team","San Francisco, CA; New York, NY",unstated,other_mba_tech,mba_unknown,https://job-boards.greenhouse.io/scaleai/jobs/4702122005,open
d10ca37a5e2e360c6d5b3c7a793af808252f23a1bb1b509ded81766c3cb4fe62,Scale AI,"Head of GTM Strategy & Operations, Enterprise","San Francisco, CA",unstated,ai_product,mba_unknown,https://job-boards.greenhouse.io/scaleai/jobs/4662232005,open
cae68656d8f6c5bde21b91e4ce5ad8abbd797d73305e9b68d3a32fd2570d1a3f,Scale AI,"Data Acquisition Lead, Frontier Environments","San Francisco, CA; New York, NY",unstated,ai_product,mba_unknown,https://job-boards.greenhouse.io/scaleai/jobs/4725509005,open
c828c90593a5e93ef145303ca2b462765de7a826376a05dccdecaeee37114f47,Scale AI,"Engagement Manager, Public Sector (CO Springs)","Colorado Springs, CO",unstated,other_mba_tech,mba_unknown,https://job-boards.greenhouse.io/scaleai/jobs/4721010005,open
c7945e0d71999d6f3e74c73bd3e9e72b11b87be9ef0005e6e5a71ac262ae4c68,Scale AI,"Business Development Representative, Partnerships (Physical AI)","New York, NY",unstated,ai_product,mba_unknown,https://job-boards.greenhouse.io/scaleai/jobs/4694836005,open
c75fa85214a5eb96b8c940d24b2c795259d41cfdb96a7824897b776fc59dfb1e,Scale AI,"Chief of Staff, Public Sector Engineering & Security ","Washington, DC",unstated,other_mba_tech,mba_required,https://job-boards.greenhouse.io/scaleai/jobs/4720163005,open
c6eb2a8e446ea4b2bed64eba76ec8f947e92281262e26b23c1104f1e1f659a62,Scale AI,"Senior AI Product Manager, Finance Agents","San Francisco, CA; New York, NY",unstated,ai_product,mba_unknown,https://job-boards.greenhouse.io/scaleai/jobs/4611776005,open
c5a0134025ebb0db8aa55accdde55521553866e5ad751c217d8c2e2047655cc4,Scale AI,"Staff/Senior Machine Learning Research Engineer, Intelligent Systems","San Francisco, CA; New York, NY",unstated,ai_product,mba_unknown,https://job-boards.greenhouse.io/scaleai/jobs/4714527005,open
c56015f076c31c7022fb4c29332e7ea71e5a1e2f5a217734a77b95d485f7cb72,Scale AI,Medical Fellow - Human Frontier Collective (US),United States,unstated,other_mba_tech,mba_unknown,https://job-boards.greenhouse.io/scaleai/jobs/4591782005,open
c31c0d4ae8747118ed1bed6b6640e4571bbc0ca1a08c58f3aa17bccb947e4eb7,Scale AI,"Program Manager, Sales Enablement","Washington, DC",unstated,other_mba_tech,mba_unknown,https://job-boards.greenhouse.io/scaleai/jobs/4727138005,open
c21205c903dae0fed76f66a3ae8b2e4d9ae0f65293eae5a6a67bc03674e7a475,Scale AI,"Research Scientist, Safety Post Training","San Francisco, CA; New York, NY",unstated,ai_product,mba_unknown,https://job-boards.greenhouse.io/scaleai/jobs/4696595005,open
bf50a3402cb9e79ece22dfc03b4b15973d1777500890eaf366b3e6567d97944e,Scale AI,"AI Strategy Consultant, Frontier Tech","San Francisco, CA",unstated,other_mba_tech,mba_unknown,https://job-boards.greenhouse.io/scaleai/jobs/4472223005,open
be8be7133d2333ab7aec1e35f15e4f42f9fc2da7e48d9f8f88cb7043e1232de1,Scale AI,"Product Manager, Enterprise Core Platform","New York, NY; San Francisco, CA",unstated,ai_product,mba_unknown,https://job-boards.greenhouse.io/scaleai/jobs/4699779005,open
be68f95b22e19b95632bb49c925e45c93a83160c103b86ec4d6b84f6b44858af,Scale AI,"Subcontracts Manager, Public Sector","Washington, DC",unstated,other_mba_tech,mba_unknown,https://job-boards.greenhouse.io/scaleai/jobs/4727162005,open
bd792cec2eef50f728a6d027766d90477fe6ddb9e5f8795af91065d8e91baf3f,Scale AI,Software Engineer - New Grad,"San Francisco, CA",unstated,ai_product,mba_unknown,https://job-boards.greenhouse.io/scaleai/jobs/4730836005,open
bc7a070e398ce5242a6d6c1ab28a50303c458a000fe84ee3cb63213e2e87c364,Scale AI,"Software Engineering Manager, Public Sector ","Washington, DC",unstated,ai_product,mba_unknown,https://job-boards.greenhouse.io/scaleai/jobs/4715325005,open
b84401e841878b095dc3d4af3e5508a675a8c0bc5d7d4a478d57cf32af4b3151,Scale AI,AI Advisory Principal,"San Francisco, CA; New York, NY",unstated,other_mba_tech,mba_unknown,https://job-boards.greenhouse.io/scaleai/jobs/4715976005,open
b56e3640e33fcc9b7bb8eab5391a67f55aadf375c031c5dc2580b9b1f685b291,Scale AI,"Tech Lead Manager- MLRE, ML Systems","San Francisco, CA; New York, NY",unstated,other_mba_tech,mba_unknown,https://job-boards.greenhouse.io/scaleai/jobs/4618046005,open
b02475eb147944b15cfb2f78b9a84044d0f31d9df86603b89bbc33b4e2883d4a,Scale AI,"Machine Learning Research Scientist, Post-Training","San Francisco, CA; Seattle, WA; New York, NY",unstated,other_mba_tech,mba_unknown,https://job-boards.greenhouse.io/scaleai/jobs/4528009005,open
af88502988342a22441bfa5c861481aa36b0d6980887afc5d8001cc74b8310ae,Scale AI,"Forward Deployed Software Engineer, Public Sector","Austin, TX; Colorado Springs, CO; Honolulu, HI; Omaha, NE; St. Louis, MO; Washington, DC",unstated,ai_product,mba_unknown,https://job-boards.greenhouse.io/scaleai/jobs/4481921005,open
af814502e289a0ab7a4d420eaf21fbd31852d8b3d402eaa266b7a49d6750cf9d,Scale AI,Principal Architect,"Washington, DC",unstated,ai_product,mba_unknown,https://job-boards.greenhouse.io/scaleai/jobs/4599202005,open
af3337445b61b713d25a6b7cc5122b7c74028fb66932d4b26be19033c1291b92,Scale AI,Legal Fellow - Human Frontier Collective (US),United States,unstated,other_mba_tech,mba_unknown,https://job-boards.greenhouse.io/scaleai/jobs/4565834005,open
ae45f6e8f7f3170e5e7c10f2c3857640a7a6e16331acb2a582abea55ac08ef09,Scale AI,Senior Software Engineer - Agentic Tooling & Productivity,"San Francisco, CA",unstated,ai_product,mba_unknown,https://job-boards.greenhouse.io/scaleai/jobs/4654897005,open
ac83ab204d63811adf889dd0b6064d26c84230e0d477f64ba44cc836b8a4c388,Scale AI,"Staff Software Engineer, Full Stack - Gen AI ","New York, NY; San Francisco, CA; Seattle, WA; New York, NY",unstated,ai_product,mba_unknown,https://job-boards.greenhouse.io/scaleai/jobs/4713608005,open
a8226391920e5a3357a4d70fc94260e9ac07166850daceed1c2dc0b30aa370fb,Scale AI,Deployment Strategist ,"Washington, DC",unstated,other_mba_tech,mba_preferred,https://job-boards.greenhouse.io/scaleai/jobs/4709157005,open
a80afe0ea5524ccdcba19ed342b886815167be5cc455212c9f2211356cb2c648,Scale AI,Senior AI Product Manager,"New York, NY; San Francisco, CA",unstated,ai_product,mba_unknown,https://job-boards.greenhouse.io/scaleai/jobs/4720501005,open
a7bb3f32b1ba037e5cb18b3afedde61a31bc7eaad37ac4a475549e4d56c4642d,Scale AI,"Technical Program Manager, Gen AI Operations Planning","San Francisco, CA; New York, NY",unstated,other_mba_tech,mba_unknown,https://job-boards.greenhouse.io/scaleai/jobs/4693449005,open
a4417500429774091a13d92fcc2423b4c4b68cb19846d3b945beb3052c53c525,Scale AI,"Senior Manager, Research Scientist","San Francisco, CA; New York, NY",unstated,ai_product,mba_unknown,https://job-boards.greenhouse.io/scaleai/jobs/4718431005,open
a1594639c4e68d5a84e0d0faaab0c0259770c975b9e6844f04901eb20a351091,Scale AI,Enterprise Account Executive,"San Francisco, CA",unstated,ai_product,mba_unknown,https://job-boards.greenhouse.io/scaleai/jobs/4646946005,open
9f79a8fd9a6de18f5b1747a75205246f248dad3705a7d71354532ef58844abb0,Scale AI,Senior Frontier Agents Engineer (Applied AI),"San Francisco, CA; New York, NY",unstated,ai_product,mba_unknown,https://job-boards.greenhouse.io/scaleai/jobs/4720478005,open
9eeb38fdca192127c26ef6c38f056fc8b908308339f411455d20b0d7fdc48171,Scale AI,"VP, Research","San Francisco, CA; New York, NY",unstated,ai_product,mba_unknown,https://job-boards.greenhouse.io/scaleai/jobs/4611448005,open
9a3138eda745ca2d22517b4add6c5e91fce292c840aef0177db858bc541e5a44,Scale AI,"Sr. Director, (Applied AI)  Forward Deployed Engineering ","New York, NY",unstated,ai_product,mba_unknown,https://job-boards.greenhouse.io/scaleai/jobs/4722811005,open
990affdc5f6d29365f588c02454716d5e50cea14805eda4390ca69fbf69b9305,Scale AI,"Technical Program Manager, Public Sector","Washington, DC",unstated,ai_product,mba_unknown,https://job-boards.greenhouse.io/scaleai/jobs/4633072005,open
98cb8bb129cb6300b526c3022cb7e9ebea164d92e79015bcb09a22863cdb7381,Scale AI,"Staff Software Engineer, Public Sector","San Francisco, CA; St. Louis, MO; New York, NY; Washington, DC",unstated,ai_product,mba_unknown,https://job-boards.greenhouse.io/scaleai/jobs/4674913005,open
96edbef7a09909aa5b6c8ed906b7524e425a40e473c78753fcd66bd5067cf6af,Scale AI,"ML Research Engineer, ML Systems","San Francisco, CA; Seattle, WA; New York, NY",unstated,other_mba_tech,mba_unknown,https://job-boards.greenhouse.io/scaleai/jobs/4534631005,open
9431d1939fbad788b6f5414d51cea3f36c0c9de07e5b3f3edc150065a8073b28,Scale AI,"Deployment Strategist, Space Systems Command","Los Angeles, CA",unstated,ai_product,mba_preferred,https://job-boards.greenhouse.io/scaleai/jobs/4713532005,open
93a6c045b3576968a424e130d2199349258a527d6a3a574fd3b2c97b366316b2,Scale AI,"Product Marketing Lead, Public Sector","Washington, DC",unstated,ai_product,mba_unknown,https://job-boards.greenhouse.io/scaleai/jobs/4739058005,open
8deab488af7c53dd13545074a6145c906f4e7b5327b004f6c5111833ab1b7c57,Scale AI,"Senior Infrastructure Software Engineer, Enterprise AI","New York, NY; San Francisco, CA",unstated,ai_product,mba_unknown,https://job-boards.greenhouse.io/scaleai/jobs/4599700005,open
8d2135047223484ee99d71396cfc80c22cecdd9ce48e06637e0b75a54a687798,Scale AI,"Field Engineer, Public Sector","Austin, TX; Colorado Springs, CO; Omaha, NE; St. Louis, MO; Washington, DC",unstated,ai_product,mba_unknown,https://job-boards.greenhouse.io/scaleai/jobs/4717648005,open
8a1414f1efdc7e9e2f006ee20c8479b60b08c6e51376ee38af7c514b1d612ff1,Scale AI,Senior Frontier Agents Engineer (Forward Deployed Engineering),"San Francisco, CA; New York, NY",unstated,ai_product,mba_unknown,https://job-boards.greenhouse.io/scaleai/jobs/4694863005,open
89ed6e5587124d005f387d61ab22d904fd1af970d7e8cd5180dc6532b2a4682f,Scale AI,AI Product Manager (Coding/Multimodal),"San Francisco, CA",unstated,ai_product,mba_unknown,https://job-boards.greenhouse.io/scaleai/jobs/4609736005,open
89ae29c00217eaacc9ca5cf9da80d44ba45b22b9631c4cdb327ea73ce35d1fef,Scale AI,Senior Frontier Data Strategist,"San Francisco, CA; New York, NY",unstated,ai_product,mba_unknown,https://job-boards.greenhouse.io/scaleai/jobs/4687052005,open
87b9d80761e18e7b1a21be7d1a2adaa68cc4b0beaf342c9f39ce9faa33f57336,Scale AI,Staff Frontier Agents Engineer (Forward Deployed Engineering),"San Francisco, CA; New York, NY",unstated,ai_product,mba_unknown,https://job-boards.greenhouse.io/scaleai/jobs/4694865005,open
8591b1380599ed7670a930ce44ec942d9fd27c337ac4350ec34c5e7a0025aa5f,Scale AI,"Engagement Manager, Public Sector","Washington, DC",unstated,other_mba_tech,mba_unknown,https://job-boards.greenhouse.io/scaleai/jobs/4692188005,open
85320ea7dc4c4e09112a080ca81f31f1b4dc6deb731ba9799592698e21c8b6b5,Scale AI,"Engagement Manager (Hawaii), Public Sector","Honolulu, HI",unstated,other_mba_tech,mba_unknown,https://job-boards.greenhouse.io/scaleai/jobs/4687384005,open
8317e20130d2f52889dcafee0b5fb4793c186fe735ac59cf37515313d2628da5,Scale AI,Staff Product Designer,"New York, NY; Washington, DC",unstated,ai_product,mba_unknown,https://job-boards.greenhouse.io/scaleai/jobs/4724276005,open
7c97aab183a4022848381f1fe1c9ed44663053b4f76b06003574d8a357a8dcd6,Scale AI,"Product Security Engineer, Public Sector","New York, NY; St. Louis, MO; Washington, DC",unstated,ai_product,mba_unknown,https://job-boards.greenhouse.io/scaleai/jobs/4651559005,open
79ed5e19ebae3fc41318bb525c6770526629eae7b439250aacb55fcfddd69066,Scale AI,"DevOps Engineer, Infrastructure & Security","Washington, DC",unstated,ai_product,mba_unknown,https://job-boards.greenhouse.io/scaleai/jobs/4674863005,open
782d5d2ec48b62271574ffd84125da6f4094dcdc7b5f4a3783c8c25e558ea96c,Scale AI,"Contributor Experience Manager, Community","San Francisco, CA; New York, NY",unstated,ai_product,mba_unknown,https://job-boards.greenhouse.io/scaleai/jobs/4731928005,open
75ab0a48946c9a8448fe6024277b5ee070fb3095b6b49b8044860ce3ff455f7a,Scale AI,"Program Manager - Growth Operations, Contract","San Francisco, CA; New York, NY",unstated,other_mba_tech,mba_unknown,https://job-boards.greenhouse.io/scaleai/jobs/4720969005,open
7534616d056b4f02aac820400de5a3b832b89339389518b4023f8180a52a445c,Scale AI,"Software Engineer, ARC Team","San Francisco, CA; St. Louis, MO; New York, NY; Washington, DC",unstated,ai_product,mba_unknown,https://job-boards.greenhouse.io/scaleai/jobs/4673771005,open
743d77c9f4805443aa0361096afed749ebd28bf0a2db2dce2cf728f2ce744104,Scale AI,"Strategic Finance Manager, Corporate","San Francisco, CA",unstated,other_mba_tech,mba_unknown,https://job-boards.greenhouse.io/scaleai/jobs/4722944005,open
732184677d1997427f3f7c8d99c7b59288d3bd578815491739a9e8fd84ba5017,Scale AI,Partner Development Manager,"Washington, DC",unstated,other_mba_tech,mba_unknown,https://job-boards.greenhouse.io/scaleai/jobs/4725317005,open
70fd3324e4fcf900206c3153fc2bc68cea39dc2c7a1a038ee5481f458f6fb2f0,Scale AI,"Software Engineer, Enterprise AI","New York, NY; San Francisco, CA",unstated,ai_product,mba_unknown,https://job-boards.greenhouse.io/scaleai/jobs/4513943005,open
701536457c0584828244451e9208cab23943e674f014d86c1fd427d3cdb83711,Scale AI,"Engineering Manager, Customer Platform (GenAI)","San Francisco, CA; New York, NY",unstated,ai_product,mba_unknown,https://job-boards.greenhouse.io/scaleai/jobs/4733702005,open
6e9f35f5b1d0aaa8a98d4526701c260d7799df04f6c8f2a337f0acd255e8e758,Scale AI,"Software Engineer, Public Sector - New Grad","San Francisco, CA",unstated,ai_product,mba_unknown,https://job-boards.greenhouse.io/scaleai/jobs/4736426005,open
6da36c801149fa072ff034427ada881091b33b18ee166ba0babec6ac8bd911a7,Scale AI,"Staff Software Engineer, RL Environments  ","San Francisco, CA; New York, NY",unstated,other_mba_tech,mba_unknown,https://job-boards.greenhouse.io/scaleai/jobs/4729820005,open
6d8cfc0c72dc82f889d3ea20ddcfa564f74cea7eb37c75912cc828102a29bce4,Scale AI,Finance Systems Integration Lead,"San Francisco, CA",unstated,other_mba_tech,mba_unknown,https://job-boards.greenhouse.io/scaleai/jobs/4688021005,open
6d19f0c7a3ed19ced400271dfb7e8c1eb28c32f2ffd3bf1d89d1412c792ca5ca,Scale AI,"Senior Data Engineer, Public Sector","Washington, DC",unstated,other_mba_tech,mba_unknown,https://job-boards.greenhouse.io/scaleai/jobs/4713597005,open
6c8c6c8a01659a39802429e765c5d8d9a66b757f3d8e2c284b0c643bfc9b2af1,Scale AI,Frontier Data Strategist,"San Francisco, CA; New York, NY",unstated,ai_product,mba_unknown,https://job-boards.greenhouse.io/scaleai/jobs/4687050005,open
6b8a0b95aded390cfa0f16e5aeba18b32279d528c0c3e8bb96d9bf9b0f6bd26b,Scale AI,AI Advisory Consultant,"San Francisco, CA; New York, NY",unstated,other_mba_tech,mba_unknown,https://job-boards.greenhouse.io/scaleai/jobs/4715970005,open
66a95380f01f25ccbffffc48a03bd3a7add1c7fffe16d9c51fc4f742be0b303e,Scale AI,Frontier Agents Engineer (Applied AI),"San Francisco, CA; New York, NY",unstated,ai_product,mba_unknown,https://job-boards.greenhouse.io/scaleai/jobs/4720573005,open
663c8e031221f796f8ed284d1f18e4e5219bef2bf8256f0f1141428d114af8b1,Scale AI,"Security Engineer, Infrastructure","New York, NY; San Francisco, CA; Seattle, WA; Washington, DC",unstated,ai_product,mba_unknown,https://job-boards.greenhouse.io/scaleai/jobs/4646888005,open
63bc9a558ae801966652522f4ece7ad925217531a938f695be53734055b5fd27,Scale AI,"Forward Deployed Product Manager, Public Sector","New York, NY; Washington, DC",unstated,ai_product,mba_unknown,https://job-boards.greenhouse.io/scaleai/jobs/4713648005,open
58916bc400fb8d47467e0eccf3ac75e73a19f90e93be0ea4916a5c9235e2b930,Scale AI,Enterprise Pricing Manager,"San Francisco, CA; New York, NY",unstated,other_mba_tech,mba_unknown,https://job-boards.greenhouse.io/scaleai/jobs/4725451005,open
574005e109b520cb5fa89dd5f2d26df3e4b991f610f5a9b839fa73e2eeb045c3,Scale AI,Enterprise Account Executive (Healthcare & Life Sciences),"New York, NY; San Francisco, CA",unstated,ai_product,mba_unknown,https://job-boards.greenhouse.io/scaleai/jobs/4689919005,open
54645c3430283b6881004e94772734fe5e3166e5ce19c6cd8d25636772ff26bb,Scale AI,"Strategic Projects Lead, Generative AI","San Francisco, CA; New York, NY",unstated,ai_product,mba_unknown,https://job-boards.greenhouse.io/scaleai/jobs/4282118005,open
52c6b39f4220af0c9da65c5548983c568b17c232533bc485a2b223c57764c9c9,Scale AI,"Senior Data Analyst, Public Sector","Washington, DC",unstated,ai_product,mba_unknown,https://job-boards.greenhouse.io/scaleai/jobs/4729899005,open
50f311f66e27422b6e08c4225d9ca9621b2cfc11b8f7bce0d6c8d2b73298ab3c,Scale AI,"Infrastructure Security Engineer, Public Sector","New York, NY; St. Louis, MO; Washington, DC",unstated,ai_product,mba_unknown,https://job-boards.greenhouse.io/scaleai/jobs/4718258005,open
5065b79ee949ab0dabb72d392870cc77c7fb2d64a581a4b15595f25b670b8d88,Scale AI,"Program Manager, Technical Enablement","San Francisco, CA; New York, NY",unstated,ai_product,mba_unknown,https://job-boards.greenhouse.io/scaleai/jobs/4727135005,open
4bbba281c13a373b87e5ae883d3aae629ac75029d4e5f99e0c70a7ec3cfd7126,Scale AI,"Senior Software Engineer, Platform","San Francisco, CA; New York, NY",unstated,ai_product,mba_unknown,https://job-boards.greenhouse.io/scaleai/jobs/4730512005,open
4b3123f9f295f69cd65b5a1f095e9ce03532957f82f33ca8ac1662281face0b2,Scale AI,"Senior Mission Software Engineer, Public Sector","Austin, TX; Colorado Springs, CO; Honolulu, HI; Omaha, NE; St. Louis, MO; Washington, DC",unstated,ai_product,mba_unknown,https://job-boards.greenhouse.io/scaleai/jobs/4720422005,open
42fe63e70cb4638a39658e561ddd1adf9f95346a6afea01b2c1e5093f298d97d,Scale AI,"Machine Learning Engineer, Public Sector","Denver, CO; Honolulu, HI; Washington, DC",unstated,ai_product,mba_unknown,https://job-boards.greenhouse.io/scaleai/jobs/4631848005,open
3e890cccb7eef7673c51301a596322635f66a40922d58f5217a511969cd0c909,Scale AI,"Research Scientist, AI Controls and Monitoring","San Francisco, CA; New York, NY",unstated,ai_product,mba_unknown,https://job-boards.greenhouse.io/scaleai/jobs/4675694005,open
3cb8f134d1d96ccc88e2a01803c466978f4eb3bd276d799c96cca302278e7fa5,Scale AI,Frontier Agents Engineer (Forward Deployed Engineering),"San Francisco, CA; New York, NY",unstated,ai_product,mba_unknown,https://job-boards.greenhouse.io/scaleai/jobs/4694861005,open
3aab64616bada74dfd581b6debc555ccdf558805a5758987feff84037de1f5fc,Scale AI,Finance Fellow - Human Frontier Collective (US),United States,unstated,other_mba_tech,mba_unknown,https://job-boards.greenhouse.io/scaleai/jobs/4565836005,open
382b70ff32a1efcd7551d3473776c4f2ec0199bd6286a7edbf0f746261e925bf,Scale AI,"Growth Recruiter, High Volume - Contract","San Francisco, CA; New York, NY",unstated,other_mba_tech,mba_unknown,https://job-boards.greenhouse.io/scaleai/jobs/4720975005,open
378fdebf991e400b9ad5c31b415e003482b5ba70c68031573fb2348a1fe3480c,Scale AI,"Staff Product Manager, Agentic Platform","New York, NY; San Francisco, CA; Washington, DC",unstated,ai_product,mba_unknown,https://job-boards.greenhouse.io/scaleai/jobs/4612403005,open
345c59c8aebd5e3548f7d885fd111a44a62f765b1d0a0cd2539d2f282b4be6da,Scale AI,"Senior Software Engineer, Public Sector","San Francisco, CA; St. Louis, MO; New York, NY; Washington, DC",unstated,ai_product,mba_unknown,https://job-boards.greenhouse.io/scaleai/jobs/4674911005,open
32ba783eddc6034894e0f51412d5e5f58e94bb9e467da263c487b75f3030fe0f,Scale AI,"Machine Learning Research Scientist, Evaluations","San Francisco, CA; Seattle, WA; New York, NY",unstated,other_mba_tech,mba_unknown,https://job-boards.greenhouse.io/scaleai/jobs/4728014005,open
328967ff02e8acaa4edac1d382999d3e368ecd251b1a1bf42c85db1f3ba70b57,Scale AI,Executive Assistant,"Washington, DC",unstated,other_mba_tech,mba_unknown,https://job-boards.greenhouse.io/scaleai/jobs/4717642005,open
30f156e0d6208685e761413e87ee0c62fe014693d61a1c979d45e39c657dbfe4,Scale AI,SWE Fellow - Human Frontier Collective (US),United States,unstated,other_mba_tech,mba_unknown,https://job-boards.greenhouse.io/scaleai/jobs/4689947005,open
2ecfd0897d7cb1e2fa397baa34164692ace2d786a1bf648f69235c0695c49d6e,Scale AI,"Senior/Staff Machine Learning Research Engineer, General Agents, Enterprise GenAI","San Francisco, CA; New York, NY",unstated,ai_product,mba_unknown,https://job-boards.greenhouse.io/scaleai/jobs/4658162005,open
297795978e2ce3c87d5d4244dffa242b300394381d491b4643f42db780e2b7b0,Scale AI,Software Engineer - AI Enablement,"San Francisco, CA",unstated,ai_product,mba_unknown,https://job-boards.greenhouse.io/scaleai/jobs/4722512005,open
26e4407d32587af70a4f53dc62418cc231b715526cbd1ea7d1ed84c5fe98ee52,Scale AI,"Senior AI Product Manager, Cybersecurity","New York, NY; San Francisco, CA",unstated,ai_product,mba_unknown,https://job-boards.greenhouse.io/scaleai/jobs/4720213005,open
24e7fbac166ada08520f69dcda9066fa17436a57c3166e09441b435a96b6f9c3,Scale AI,"Research Scientist, Frontier Risk Evaluations","San Francisco, CA; New York, NY",unstated,ai_product,mba_unknown,https://job-boards.greenhouse.io/scaleai/jobs/4677657005,open
23c245563dfc923787cd2710368167f358b74ed29caf8a0072456f99e5bc5798,Scale AI,Research Advisor - Human Frontier Collective (US),United States,unstated,ai_product,mba_unknown,https://job-boards.greenhouse.io/scaleai/jobs/4693078005,open
2311297e5223a4f123b2f5da1c300d2778a535539d341b0d9aba1d6a795cd561,Scale AI,"Research Scientist, Agent Robustness","San Francisco, CA; New York, NY",unstated,ai_product,mba_unknown,https://job-boards.greenhouse.io/scaleai/jobs/4675684005,open
1f909d2aa79e00393485745162455d9b9d87adab683cc469a7df407e0e23bfba,Scale AI,"Security Engineer, Product Security","New York, NY; San Francisco, CA; Seattle, WA; Washington, DC",unstated,ai_product,mba_unknown,https://job-boards.greenhouse.io/scaleai/jobs/4643029005,open
1eccd33b8c6a54d2aca7f86513b3fdc8a0ab7b16e55c13b57b5aff16764bc8c2,Scale AI,"Product Marketing Lead, Enterprise","San Francisco, CA; New York, NY",unstated,ai_product,mba_unknown,https://job-boards.greenhouse.io/scaleai/jobs/4722998005,open
183d6b500269439c34a0d62aee855c3e9e5c5400863219be31bc2bd7371bf4f1,Scale AI,Senior Accountant,"San Francisco, CA",unstated,other_mba_tech,mba_unknown,https://job-boards.greenhouse.io/scaleai/jobs/4663533005,open
1739ca3e9154583f24df5dfd31dcded2e82cf9ec342b4fff6f6782425a772368,Scale AI,"Staff Machine Learning Engineer, Public Sector","Denver, CO; Washington, DC",unstated,ai_product,mba_unknown,https://job-boards.greenhouse.io/scaleai/jobs/4654382005,open
162043ad8c4bc85bba72e6d1c67472031d1e6fe480615bc9bc0d744b3e3022cc,Scale AI,"Senior Software Engineer, Orchestration Platform","San Francisco, CA; New York, NY",unstated,ai_product,mba_unknown,https://job-boards.greenhouse.io/scaleai/jobs/4739920005,open
153f888cb6b6bc237e0b485be7ba7eee2bf44a97af5f5f07f9f786e5bbd299e1,Scale AI,"Senior Machine Learning Engineer, Public Sector","Denver, CO; Honolulu, HI; Washington, DC",unstated,ai_product,mba_unknown,https://job-boards.greenhouse.io/scaleai/jobs/4732798005,open
1163150fb33d1368c64a758e47bb7aea08ea2fd170cfdba1441a01a3b50dd506,Scale AI,"Staff Product Manager, Gen AI","New York, NY; San Francisco, CA",unstated,ai_product,mba_unknown,https://job-boards.greenhouse.io/scaleai/jobs/4675842005,open
0da5566e41db4d13e4f06abbe59d8b319ff13385bc1fdf335e4ed33a44bec77b,Scale AI,Enterprise Account Executive (Financial Services),"New York, NY; San Francisco, CA",unstated,ai_product,mba_unknown,https://job-boards.greenhouse.io/scaleai/jobs/4689917005,open
0bb78606bc8480d383c40aeb262cde1bf25b9ac3d9d574e7cc269a6eb7513755,Scale AI,Subject Matter Expert,Canada; United States,unstated,other_mba_tech,mba_unknown,https://job-boards.greenhouse.io/scaleai/jobs/4704285005,open
0b760889f95261b8962f0bd239435f56c481d050492cd4cbd7fad56381ce3855,Scale AI,"Technical Program Manager (Homeland Layered Defense), Public Sector ","Washington, DC",unstated,ai_product,mba_unknown,https://job-boards.greenhouse.io/scaleai/jobs/4726268005,open
09420e8c5f5ee69cca4bcd8cca553fd704b193c381b6d9328be906f39bb9cbdc,Scale AI,National Security Hackathon 2026 - General Interest,"San Francisco, CA; New York, NY; Washington, DC",unstated,other_mba_tech,mba_unknown,https://job-boards.greenhouse.io/scaleai/jobs/4687588005,open
087f9fb3c6f31774430c351bcb0523e990de7a7694d2bfe7b8daaede9ea85023,Scale AI,"Staff Product Designer, Enterprise","New York, NY; San Francisco, CA",unstated,ai_product,mba_unknown,https://job-boards.greenhouse.io/scaleai/jobs/4718917005,open
07ef0be24d2c64cb3b9ed8b46e86f2edf19564d595fedba836bac5396bfbb22d,Scale AI,"Engineering Manager, Agent Oversight","San Francisco, CA; New York, NY",unstated,ai_product,mba_unknown,https://job-boards.greenhouse.io/scaleai/jobs/4625271005,open
04854368056019706cf99c4aa9af50a54013588fdf1d30fef00d346096df20ee,Scale AI,"Software Engineer, Frontier AI Infrastructure","San Francisco, CA; St. Louis, MO; New York, NY; Washington, DC",unstated,ai_product,mba_unknown,https://job-boards.greenhouse.io/scaleai/jobs/4363623005,open
0125bc7b00498ca7250f609a0c375c5ebf16641c52f27beb93a91267c595bc63,Scale AI,"Senior / Staff Machine Learning Research Scientist, Agents","San Francisco, CA; Seattle, WA; New York, NY",unstated,ai_product,mba_unknown,https://job-boards.greenhouse.io/scaleai/jobs/4488520005,open
ecb9ae26c7fa87bbe5fc51e53494ba4082c2255d878c23181c7adb4e373ac832,Chime,Security Risk Governance Analyst,"San Francisco, CA, USA",unstated,other_mba_tech,mba_unknown,https://boards.greenhouse.io/chime/jobs/8806197002?gh_jid=8806197002,open
e97b6a5598bced527fd7f34ac2facd3955ce764b9289b5fa9cdde8877d5a8496,Chime,"Sr. Product Marketing Manager, Trust & Safety","San Francisco, CA, USA",unstated,product_strategy,mba_unknown,https://boards.greenhouse.io/chime/jobs/8694719002?gh_jid=8694719002,open
e113e9f3316bf3c5b0c8e825a0e531d280a866af7cc94827ec0f045903497b73,Chime,"Sr. Instructional Designer, Learning Operations","Remote, USA",unstated,other_mba_tech,mba_unknown,https://boards.greenhouse.io/chime/jobs/8842932002?gh_jid=8842932002,open
db0bb4083f49aba14cb47067f98f35213269d6bb359c98aee0a6eaea56c600d4,Chime,"Tech Lead Manager, Data Integration Platform","San Francisco, CA, USA",unstated,ai_product,mba_unknown,https://boards.greenhouse.io/chime/jobs/8733757002?gh_jid=8733757002,open
d65dc788bff313f080b9edec1d78aae4c8f078f610c9ace511de627912178956,Chime,"Senior Business Analyst, TPRM","San Francisco, CA, USA",unstated,other_mba_tech,mba_unknown,https://boards.greenhouse.io/chime/jobs/8742766002?gh_jid=8742766002,open
d504e957c6e4c35307ef81eeb9d66a0c090055184b026b6bbdca154c9681c8a0,Chime,"Senior Associate, Compliance Advisory","Chicago, IL, USA; New York, NY, USA; San Francisco, CA, USA",unstated,ai_product,mba_unknown,https://boards.greenhouse.io/chime/jobs/8786182002?gh_jid=8786182002,open
c9921599d4c40ea50dac27137dc97ec254cd4599baab8640c35d16d0a6cce647,Chime,"Sr. MarTech Manager, Communications","San Francisco, CA, USA",unstated,ai_product,mba_unknown,https://boards.greenhouse.io/chime/jobs/8838389002?gh_jid=8838389002,open
b97093d3318bed96dcb5182245801d7a7bdf9dff614cf9120d5480730b021b94,Chime,Lead Sourcer,"San Francisco, CA, USA",unstated,other_mba_tech,mba_unknown,https://boards.greenhouse.io/chime/jobs/8744349002?gh_jid=8744349002,open
b6e1cbdc0d345a4d957b176a28e8468553ad83146ed45d5a774099cad6618433,Chime,"Senior Software Engineer, Cards","San Francisco, CA, USA",unstated,ai_product,mba_unknown,https://boards.greenhouse.io/chime/jobs/8770314002?gh_jid=8770314002,open
b4666564bc6f03b7b4b0cb63caca1d1df4313f4d70d295c31995db9f7110c515,Chime,"Senior Software Engineer, Machine Learning Platform","San Francisco, CA, USA",unstated,ai_product,mba_unknown,https://boards.greenhouse.io/chime/jobs/8765684002?gh_jid=8765684002,open
ad9d7b61f6439b09b9315a61c9e3916210c9e9b1a3dd09235512fa1c0a9b8681,Chime,Senior Systems Engineer,"Chicago, IL, USA; New York, NY, USA; San Francisco, CA, USA",unstated,other_mba_tech,mba_unknown,https://boards.greenhouse.io/chime/jobs/8765682002?gh_jid=8765682002,open
abea4aa3ed2983a1b4ef4b7374322cbae769a01bbce9567fac9ff6c1381eb5cd,Chime,"Senior Manager, Accounting","San Francisco, CA, USA",unstated,other_mba_tech,mba_unknown,https://boards.greenhouse.io/chime/jobs/8720968002?gh_jid=8720968002,open
a168312b8cb081ad4b6c1c7a68be5be35d6b13d5cf1fef02cc72a1030183443c,Chime,"Visual Designer, Web","San Francisco, CA, USA",unstated,ai_product,mba_unknown,https://boards.greenhouse.io/chime/jobs/8694809002?gh_jid=8694809002,open
97996190bac62bb12b679dbefb8649b402e42a5deb1f9d08bc952878035c8ae9,Chime,"Lead Analyst, Financial Crimes","Chicago, IL, USA",unstated,other_mba_tech,mba_unknown,https://boards.greenhouse.io/chime/jobs/8779819002?gh_jid=8779819002,open
64507a7d8b96db617f72dab06777a79d4b5faddbbf2ba727abca49dbd09aa16a,Chime,"Senior Associate, Strategic Finance","San Francisco, CA, USA",unstated,ai_product,mba_unknown,https://boards.greenhouse.io/chime/jobs/8801438002?gh_jid=8801438002,open
63f318ea4ba51c3d2fb60e2f805e4961c1bb45df3a1cfa1c5516d42de5ae3bac,Chime,"Senior Associate, Compliance Assurance & Testing","Chicago, IL, USA; New York, NY, USA; San Francisco, CA, USA",unstated,other_mba_tech,mba_unknown,https://boards.greenhouse.io/chime/jobs/8817972002?gh_jid=8817972002,open
5a3a2545a34e8d3ac600e4df3175a4a32d1c4110f71da34d3a91468e0e16f615,Chime,"Director, Lifecycle Marketing Operations","San Francisco, CA, USA",unstated,ai_product,mba_unknown,https://boards.greenhouse.io/chime/jobs/8694723002?gh_jid=8694723002,open
4febd91e5185c3c9ec16fcc20ab9d52305a2f96a048221234201a244fa834fda,Chime,Senior Litigation Paralegal,"San Francisco, CA, USA",unstated,ai_product,mba_unknown,https://boards.greenhouse.io/chime/jobs/8792103002?gh_jid=8792103002,open
3cdfc45647d247b2e226acd93c1ef87c852f13f0e79d7e36f399a2d18ed97686,Chime,"Software Engineer, Growth","San Francisco, CA, USA",unstated,other_mba_tech,mba_unknown,https://boards.greenhouse.io/chime/jobs/8782503002?gh_jid=8782503002,open
243fb5d65a87d7d4416e80a4b1efc5aca655e95fe44cf88c181bce01b740612b,Chime,"Senior Software Engineer, AI Enablement ","San Francisco, CA, USA",unstated,ai_product,mba_unknown,https://boards.greenhouse.io/chime/jobs/8788272002?gh_jid=8788272002,open
1a6cf6b4e595db518e3eaa22dd849c2ab9761b3f239fffb843921b64c4dd2905,Chime,Sr. Growth Product Marketing Manager,"New York, NY, USA",unstated,product_marketing,mba_unknown,https://boards.greenhouse.io/chime/jobs/8790029002?gh_jid=8790029002,open
133debe32b3611d754f92c30f50dee0801855d06e35d2871ade539a6927c39cd,Chime,"Tech Lead Manager, Lending","Chicago, IL, USA; New York, NY, USA; San Francisco, CA, USA",unstated,ai_product,mba_unknown,https://boards.greenhouse.io/chime/jobs/8795524002?gh_jid=8795524002,open
0346c6934d5fe8a9baeb5d6a5c48b351f0d947a58d96133d5953273c77ad8230,Chime,"Software Engineer, Communication Platform","San Francisco, CA, USA",unstated,other_mba_tech,mba_unknown,https://boards.greenhouse.io/chime/jobs/8681191002?gh_jid=8681191002,open
fd979dc22d0941642fbbfe6090ad07e61a4d7fc6638a0c1ceec01d0b57f078b2,Chime,"Manager, Product Security","San Francisco, CA, USA",unstated,ai_product,mba_unknown,https://boards.greenhouse.io/chime/jobs/8526680002?gh_jid=8526680002,open
f00c5bb492a207945bd58994e843270bffe19d330aef9b5502651b5cef7d964a,Chime,"Senior Data Scientist, Organic Growth","San Francisco, CA, USA",unstated,other_mba_tech,mba_unknown,https://boards.greenhouse.io/chime/jobs/8790231002?gh_jid=8790231002,open
ec65baef60bcded4be8ec5f95a2721b8670c628b12adc4166b25a98a3c83e491,Chime,"Tech Lead Manager, Decision Platform","Chicago, IL, USA",unstated,ai_product,mba_unknown,https://boards.greenhouse.io/chime/jobs/8322483002?gh_jid=8322483002,open
e8a4b67bbbac09735de0eb1feb06f675ca9838847acedeaec4106606f5175680,Chime,"Tech Lead Manager, Cards","San Francisco, CA, USA",unstated,ai_product,mba_unknown,https://boards.greenhouse.io/chime/jobs/8609159002?gh_jid=8609159002,open
e39dfad1b7c0aee5694138d62ebb0d613ebb70edf9516960883bec5149d76f58,Chime,Director Engineering,"New York, NY, USA; San Francisco, CA, USA",unstated,ai_product,mba_unknown,https://boards.greenhouse.io/chime/jobs/8681193002?gh_jid=8681193002,open
d6f28d5b9683b107f349ddba1695ed3dc23ad4929a625e10f7505cfc885b5596,Chime,"Senior Software Engineer, Growth","San Francisco, CA, USA",unstated,other_mba_tech,mba_unknown,https://boards.greenhouse.io/chime/jobs/8627466002?gh_jid=8627466002,open
c48711cbe54119407de9b15834589e30b78d6580fe1b687878113dbacd9577f1,Chime,"Principal Product Designer, Spending","New York, NY, USA; San Francisco, CA, USA",unstated,other_mba_tech,mba_unknown,https://boards.greenhouse.io/chime/jobs/8525325002?gh_jid=8525325002,open
c327336dad2c314e3be2d9868e2e52c7cf7cdffcb905c3c7c7fbafe71abe2060,Chime,"Senior Software Engineer, Lending","New York, NY, USA; San Francisco, CA, USA",unstated,ai_product,mba_unknown,https://boards.greenhouse.io/chime/jobs/8656937002?gh_jid=8656937002,open
c14272d29e7acdb0c701f30f67d756b1e2ecc24c3f9260d4e5fbd9937cea7ee3,Chime,"Software Engineer, Financial Platform","New York, NY, USA; San Francisco, CA, USA; Seattle, WA, USA",unstated,other_mba_tech,mba_unknown,https://boards.greenhouse.io/chime/jobs/8594959002?gh_jid=8594959002,open
b5c6eef06d7a7b49999592f53673df5ec3e703504e46e109399820b9352e4205,Chime,"Software Engineer, Support Foundations","San Francisco, CA, USA",unstated,ai_product,mba_unknown,https://boards.greenhouse.io/chime/jobs/8607195002?gh_jid=8607195002,open
ab3b2cbefa6d8c1f76deb5564886bdbe9f5f5bcc1c9162eff1091b77b019e603,Chime,"Product Manager, Trust and Safety","Chicago, IL, USA; San Francisco, CA, USA",unstated,ai_product,mba_unknown,https://boards.greenhouse.io/chime/jobs/8831472002?gh_jid=8831472002,open
aaf17d899bc237f6494aa223f4500944ada94c0974debfa14178d0185d575f7b,Chime,"Sr. Director, Product Management","San Francisco, CA, USA",unstated,product,mba_unknown,https://boards.greenhouse.io/chime/jobs/8569267002?gh_jid=8569267002,open
99d5c4354858e49e0db933dd321bd3692a2edfae4edf9f2c12743dc2512bfb5c,Chime,"Software Engineer, Infrastructure","Chicago, IL, USA; New York, NY, USA; San Francisco, CA, USA",unstated,ai_product,mba_unknown,https://boards.greenhouse.io/chime/jobs/8616359002?gh_jid=8616359002,open
8c0753c9a1174a91a390c01b9ff77109b9314eecc71b5e60a0d67957236a930e,Chime,"Staff Engineer, Growth","San Francisco, CA, USA",unstated,ai_product,mba_unknown,https://boards.greenhouse.io/chime/jobs/8607191002?gh_jid=8607191002,open
8491fa23e4c28fd4e80d077c8e3795cdf1fef328b3f2f0c030094f5e4ebc688e,Chime,"Tech Lead Manager, Spending, Savings, & Investing","San Francisco, CA, USA",unstated,ai_product,mba_unknown,https://boards.greenhouse.io/chime/jobs/8535340002?gh_jid=8535340002,open
7ea77bc43309c9b59287e4d8192ff4fa5c8c4222737d6754174db1ce65ad0cc9,Chime,Senior Lifecycle Marketing Manager,"San Francisco, CA, USA",unstated,ai_product,mba_unknown,https://boards.greenhouse.io/chime/jobs/8609485002?gh_jid=8609485002,open
74b21ecc0d381ae15b48a2c861a0bcfcb4259cecefff9d0d56f6c1d8f931020e,Chime,"Senior Software Engineer, Data Engineering","San Francisco, CA, USA",unstated,other_mba_tech,mba_unknown,https://boards.greenhouse.io/chime/jobs/8505462002?gh_jid=8505462002,open
743b7aaab570153868186d06188c25449787114c48a44b0447e3fddc54727905,Chime,Global Workforce Planning & Transformation,"Remote, USA",unstated,other_mba_tech,mba_unknown,https://boards.greenhouse.io/chime/jobs/8715079002?gh_jid=8715079002,open
6f12d0352ba2f2e4268921cd690a09a20666d648735b25206fb38cd1ed5ec138,Chime,"Senior Software Engineer, AI & App Experience","New York, NY, USA; San Francisco, CA, USA",unstated,ai_product,mba_unknown,https://boards.greenhouse.io/chime/jobs/8625622002?gh_jid=8625622002,open
66a32ab9ccc6f42aca5cdebc1f1b44629d4617e2b110d067b9ad7d12ba95ac35,Chime,"Software Engineer, Lending","San Francisco, CA, USA",unstated,ai_product,mba_unknown,https://boards.greenhouse.io/chime/jobs/8657011002?gh_jid=8657011002,open
5b47e89b4ac1281f925d70f155525a82652053e49f5d4bb4029102637b56ad0f,Chime,"Principal Product Designer, Lending","New York, NY, USA; San Francisco, CA, USA",unstated,ai_product,mba_unknown,https://boards.greenhouse.io/chime/jobs/8342899002?gh_jid=8342899002,open
4b1698ad3bf86958ac55ee1fcaf4a853c73f99972ae6367603b4b9efccb494ea,Chime,"Sr. Product Marketing Manager, Lending","San Francisco, CA, USA",unstated,product_strategy,mba_unknown,https://boards.greenhouse.io/chime/jobs/8684361002?gh_jid=8684361002,open
44b744ce8b77fedf9e8cfa4ea7cf19f8b1c933d64532d0995d316f9ccc8fb0a2,Chime,Lifecycle Marketing Manager,"New York, NY, USA",unstated,ai_product,mba_unknown,https://boards.greenhouse.io/chime/jobs/8752367002?gh_jid=8752367002,open
3baa0d776545b00303171fa3b5a9dbcff307a94aa13dd2b37103ecc196fd017a,Chime,Lead Technical Recruiter,"San Francisco, CA, USA",unstated,other_mba_tech,mba_unknown,https://boards.greenhouse.io/chime/jobs/8643775002?gh_jid=8643775002,open
3700eb7178e12c2e604602a983ac065bdb0dc1d4e9371cd02c65881da58db041,Chime,"Product Manager, App Experience and Platform","New York, NY, USA; San Francisco, CA, USA",unstated,ai_product,mba_unknown,https://boards.greenhouse.io/chime/jobs/8802615002?gh_jid=8802615002,open
260ea9d99e06193ebfd1811827ba0832078f0bde75d9df60fd6b6c7613a05880,Chime,"Software Engineer, AI Enablement","San Francisco, CA, USA",unstated,ai_product,mba_unknown,https://boards.greenhouse.io/chime/jobs/8578967002?gh_jid=8578967002,open
2070c8023ffc3957ecd49fc59e2def0321a9aef97696854569ede490844fefa3,Chime,Business Control Manager,"Chicago, IL, USA; New York, NY, USA; San Francisco, CA, USA",unstated,product,mba_unknown,https://boards.greenhouse.io/chime/jobs/8584952002?gh_jid=8584952002,open
11aaf987d15e3475d8a706fea19069d4d59758c527fcf942633271f4ab124ff8,Chime,"Software Engineer, Membership","San Francisco, CA, USA",unstated,other_mba_tech,mba_unknown,https://boards.greenhouse.io/chime/jobs/8614188002?gh_jid=8614188002,open
0b20754babdeb1132c0408d6d4d7e77f47a7901e02be4d72d8ba12baff397ab7,Chime,Principal Employee Relations Partner,"San Francisco, CA, USA",unstated,other_mba_tech,mba_unknown,https://boards.greenhouse.io/chime/jobs/8397325002?gh_jid=8397325002,open
009e0f8e0165bd42f62aebf66806631ec43015c4a9379fd7e95dcf6a331818ef,Chime,"Creative Director, Campaigns","New York, NY, USA; San Francisco, CA, USA",unstated,ai_product,mba_unknown,https://boards.greenhouse.io/chime/jobs/8840795002?gh_jid=8840795002,open
00467fca17a71e5d6fd2a387dfad5c713126637de4cbcdc2f12f5a90dc2890d4,Chime,Senior Mobile Cross Platform Engineer,"New York, NY, USA; San Francisco, CA, USA",unstated,ai_product,mba_unknown,https://boards.greenhouse.io/chime/jobs/8604565002?gh_jid=8604565002,open
f66d9f9a54b1f9c74a0c1710b2b411d83cddf1d08a3688238fb0af7bfb7a6840,ZoomInfo,GTM Success Manager II,"Bethesda, Maryland, United States; Vancouver, Washington, United States; Waltham, Massachusetts, United States",unstated,ai_product,mba_unknown,https://www.zoominfo.com/careers?gh_jid=8834205002,open
0efcb74b99120c06aa5742beb697d4872a16cde6f36b6e6fb2ed6aed2253eed4,Okta,"Solutions Engineer, Auth0 (Central - Enterprise Accounts)","Chicago, Illinois; Texas",unstated,ai_product,mba_unknown,https://www.okta.com/company/careers/opportunity/7425892?gh_jid=7425892,open
4620da4283579033fcbba0a6d311ac6becc697c04e7f107c566f51d0a99c05d3,Instacart,Director of Customer Success,United States - Remote,unstated,ai_product,mba_unknown,https://instacart.careers/job/?gh_jid=7871823,open
c954545e278cee28b7fef951df7b8f1462d1bd5ed06eb636872ddcb3416bfc4c,Airbnb,"Software Engineer, Passport & Commerce, Android","Remote, USA",unstated,other_mba_tech,mba_unknown,https://careers.airbnb.com/positions/8247303?gh_jid=8247303,open
0dd7421be4ebbef611aa330990c5ec6c11249e1168fa360efadca704c8ab507b,SoFi,"Director, Sanctions Program Owner and Advisor",United States,unstated,other_mba_tech,mba_unknown,https://sofi.com/careers/job/8011008003?gh_jid=8011008003,open
8726d6501a601df9522ea2fdcdf46b2e1834d37928f75579509498a66890057f,Brex,"AI Engineer, Workbench","San Francisco, California, United States",unstated,ai_product,mba_unknown,https://www.brex.com/careers/8606845002?gh_jid=8606845002,open
805bf83e5f976ff106b111ee0f4aec6246af36dff0c35584fd33c6a6fe1c362c,Okta,"Senior Manager, Technical Architecture","Bellevue, Washington; Chicago, Illinois; New York, New York; San Francisco, California; Toronto, Ontario, Canada",unstated,other_mba_tech,mba_unknown,https://www.okta.com/company/careers/opportunity/8021037?gh_jid=8021037,open
307177e47810f6cdf7493ad2bb1bb8a7090b524e7ab6d04bf60b46b0ecc50295,Attentive,"Product Management Intern, Agentic Integrations",United States,unstated,ai_product,mba_unknown,https://job-boards.greenhouse.io/attentive/jobs/4429880009,open
29d97b1fcd5b6b567f2092bbee62ea2733ee2ddea7b014830cfc88a6208f016e,Brex,"Manager, Broker Dealer Operations","Salt Lake City, Utah, United States",unstated,ai_product,mba_unknown,https://www.brex.com/careers/8802224002?gh_jid=8802224002,open
77b4dd572e7d23865581569221533d00690b3e5757fcbe1c2f1552e891f01771,Brex," Manager, Broker Dealer Operations","New York, New York, United States",unstated,ai_product,mba_unknown,https://www.brex.com/careers/8857190002?gh_jid=8857190002,open
5e80d112e5312a675a2b6eb3d4600a31df1db4f7c52ea180f379c7552d7a3398,Brex,"Manager, Broker Dealer Operations","Seattle, Washington, United States",unstated,ai_product,mba_unknown,https://www.brex.com/careers/8857189002?gh_jid=8857189002,open
9750c9226afe2d0063a1d117df85998c49268f4a1c50e61225d76bdb333d60e3,Brex,"Manager, Broker Dealer Operations","San Francisco, California, United States",unstated,ai_product,mba_unknown,https://www.brex.com/careers/8743271002?gh_jid=8743271002,open
fc8e04d4a80eb94ade48999ef1329e0eb322a2800f500684649600660bdbe4c1,Coinbase,"Software Engineer, Developer Infrastructure",Remote - USA,unstated,other_mba_tech,mba_unknown,https://www.coinbase.com/careers/positions/7991839?gh_jid=7991839,open
3a335f82275dde935ecd235e16fae1465db360d34ad58604eb7484ec247a00b2,ZoomInfo,Senior GTM Consultant,"Waltham, Massachusetts, United States",unstated,ai_product,mba_preferred,https://www.zoominfo.com/careers?gh_jid=8691549002,open
c72a433101956e10188655efa6a5475b6ad7e8c7da87796f3adbc15b979016a7,Coinbase,"Group Product Manager, Customer Engagement & Experience",Remote - USA,unstated,ai_product,mba_unknown,https://www.coinbase.com/careers/positions/8247881?gh_jid=8247881,open
ed7f2ee3463490cf4a3757444ddd84072caae27794255ce4bb54c582cd7d1fef,Datadog,"Regional Manager, Sales Engineering - Majors (West)","California, USA, Remote; Washington, USA, Remote",unstated,ai_product,mba_unknown,https://careers.datadoghq.com/detail/8231877/?gh_jid=8231877,open
bc6e036301f2f53105098aa4fc7a3b422a7fc7c426a8155525affe114e8c7803,Betterment,"Security Engineer, Detect & Respond ",Betterment HQ - New York City,unstated,other_mba_tech,mba_unknown,https://www.betterment.com/careers/current-openings/job?gh_jid=8211928&gh_jid=8211928,open
9395ead04b1ea6c12067293604e1f9292b843f2d469d56494c8c77102f001da9,Peloton,Senior Electrical Engineer,"Woodinville, Washington",unstated,ai_product,mba_unknown,https://careers.onepeloton.com/en/all-jobs/?gh_jid=7170847,open
c762482e52782c07b63470b35e6982621b281a9367acb0d2d027523d31b4176a,Datadog,"Principal Copywriter, Brand Editorial","New York, New York, USA",unstated,ai_product,mba_unknown,https://careers.datadoghq.com/detail/8196977/?gh_jid=8196977,open
a05b80f3ee77d34202c1eee2bdc619ebc8a273cb8489ab729e846ef510a029bf,SoFi,Staff Compensation Analyst,"San Francisco, CA",unstated,other_mba_tech,mba_unknown,https://sofi.com/careers/job/7819503003?gh_jid=7819503003,open
b4e12d546ed2dbf98a20f90950a435fcfbd09894434d307cf00a1f3dcd97a784,Okta,"Senior Director, GTM Recruiting","San Francisco, California",unstated,other_mba_tech,mba_unknown,https://www.okta.com/company/careers/opportunity/8196226?gh_jid=8196226,open
0ae3740ce2de862efcb203874e4893651e79c7af9aa14931d675c769b407ee34,Datadog,Senior Software Engineer - Incident Insights & Readiness,"Boston, Massachusetts, USA; New York, New York, USA",unstated,ai_product,mba_unknown,https://careers.datadoghq.com/detail/8247566/?gh_jid=8247566,open
5fdc8447e6a420b957bd718b7a902fb69b6d85d48181bc3c74c6f1a9892a6639,Brex,Brand Marketing Lead,"New York, New York, United States; San Francisco, California, United States; United States",unstated,ai_product,mba_unknown,https://www.brex.com/careers/8860097002?gh_jid=8860097002,open
629dacc7f3036120a4d7e7f555b0ceb38a6a05da1d992122e6a0bdaca5c66325,Coinbase,"Senior Software Engineer, Backend - Payments Platform",Remote - USA,unstated,ai_product,mba_unknown,https://www.coinbase.com/careers/positions/8247401?gh_jid=8247401,open
abfc2dcfdb826d2d08148ae2975b1af0c40639d41f20ceb3a923c85a5e35df53,ZoomInfo,"Manager, Software Engineering - Orchestration and Workflows","Bethesda, Maryland, United States",unstated,ai_product,mba_unknown,https://www.zoominfo.com/careers?gh_jid=8573108002,open
f47eb29a62294a7af68facaff12301623da2ae160bd03f758321382d277daf92,Roblox,"Principal Software Engineer, Compute Fleet Management","San Mateo, CA, United States",unstated,ai_product,mba_unknown,https://careers.roblox.com/jobs/7983990?gh_jid=7983990,open
9d76b9703a156aef7a9d0541725ae8da6bbeba8ebe3f50469567dbcf889c437f,Datadog,Commercial Account Executive - Boston,"Boston, Massachusetts, USA",unstated,ai_product,mba_unknown,https://careers.datadoghq.com/detail/1497543/?gh_jid=1497543,open
c0d1e8962eb987bed9811d9ce9720c47a10a690759ffb4333961589cb19f018b,Affirm,"Software Engineer II, Fullstack (Card Acquisition)",Remote US,unstated,product,mba_unknown,https://job-boards.greenhouse.io/affirm/jobs/7819654003,open
ed3ee9e8a43889593471930ba7f7e0e9ffc27eb7a7727bc62052be3c1ecd241e,Lyft,"Senior Product Manager, Verticals","San Francisco, CA",unstated,product,mba_unknown,https://app.careerpuck.com/job-board/lyft/job/8860904002?gh_jid=8860904002,open
807f3faa3f666ffc45113eec9aa8065209b93006cee2855da549c44994a5d708,Samsara,Senior AI Security Engineer,Remote - CA,unstated,ai_product,mba_unknown,https://www.samsara.com/company/careers/roles/8171920?gh_jid=8171920,open
c623b7e087978fde3deaf36a12b82f4170456f8481a78ae152dbd3864b982a13,Lyft,"Data Scientist, Algorithms","San Francisco, CA",unstated,ai_product,mba_unknown,https://app.careerpuck.com/job-board/lyft/job/8856443002?gh_jid=8856443002,open
4ac3c36afadd1fd805513ff33575a3fae55e515ec3ae986d4f914843c52f37ed,Samsara,"Manager II, Accounting",Remote - AL,unstated,other_mba_tech,mba_unknown,https://www.samsara.com/company/careers/roles/8223751?gh_jid=8223751,open
c8222b522a35b212b4640a7bb77821b5056df489e759dac36435e54e71680380,Brex,"Data Scientist II, Applied ML","San Francisco, California, United States",unstated,ai_product,mba_unknown,https://www.brex.com/careers/8783482002?gh_jid=8783482002,open
4c30bf09fbcadef4451bfa7c3ead5772843015344ec43a9abadd5f382dcba353,ZoomInfo,Senior Software Engineer ,"Bethesda, Maryland, United States",unstated,ai_product,mba_unknown,https://www.zoominfo.com/careers?gh_jid=8789321002,open
1d1fa13cfb56fd75cd27465169081304a10a855f0f878918023ba9b6e873db8f,Databricks,Sr. Engineering Manager - Customer Experience Intelligence (CXI),"Mountain View, California; San Francisco, California",unstated,ai_product,mba_unknown,https://databricks.com/company/careers/open-positions/job?gh_jid=8436912002,open
255b8169aa37e6e14fc777ebed487dcddf245609726a58ae6e8376ed8aa58672,Duolingo,Head of Influencers & Community,"New York, NY; Pittsburgh, PA",unstated,other_mba_tech,mba_unknown,https://careers.duolingo.com/jobs/8548793002?gh_jid=8548793002,open
0c3fed9bc6af55bc75c3bb3f4839992b9bf722fc389247e3c12f588621170cd0,Datadog,"Senior Enablement Program Manager, Support Engineering","New York, New York, USA",unstated,ai_product,mba_unknown,https://careers.datadoghq.com/detail/8128764/?gh_jid=8128764,open
af5bc61593b762652e8effcde77a7168b3a1bf660cf2387cc8441b503339f775,Duolingo,Director of Ad Platform Operations,"New York, NY; Pittsburgh, PA",unstated,other_mba_tech,mba_unknown,https://careers.duolingo.com/jobs/8700582002?gh_jid=8700582002,open
1d1e70179051ba6872c3bf54ad9bbf3864c652f393cef8aef0cf250d9754de90,SoFi,"Senior Lifecyle Marketing Manager, Smart Card","Cottonwood Heights, UT",unstated,ai_product,mba_required,https://sofi.com/careers/job/8010637003?gh_jid=8010637003,open
d5be9b94fc20cdc634b768bc3d6af92d8e126370f7586c2962a0e97122504ace,Datadog,Strategic Account Executive,"New York, New York, USA",unstated,ai_product,mba_unknown,https://careers.datadoghq.com/detail/7131386/?gh_jid=7131386,open
8715e851945a2f30288102c500096c0246ece758cd68310994de7c05bed3947f,Stripe,"Manager, Customer Success Enterprise","Atlanta, GA; Chicago, IL ",unstated,other_mba_tech,mba_unknown,https://stripe.com/jobs/search?gh_jid=8181032,open
880338a2ed69416ad2c240b57d7c443ab9f932ee0f19951c18c96248e952ac27,Okta,Staff Product Designer - Okta Identity Governance,"Bellevue, Washington; Chicago, Illinois; New York, New York; Washington, DC",unstated,ai_product,mba_unknown,https://www.okta.com/company/careers/opportunity/8247059?gh_jid=8247059,open
c71d9e29d5f2f9c24511cfba1f8c09be3e808aec459e7d051437fae7753d4a09,Stripe,Product Support Specialist,"Chicago, New York",unstated,other_mba_tech,mba_unknown,https://stripe.com/jobs/search?gh_jid=8148497,open
4454881022b058e64348207c8549bb833bf0f0113aaa55383f60677b0fdfd6ea,Airbnb,"Staff UX Writer, AI",United States,unstated,ai_product,mba_unknown,https://careers.airbnb.com/positions/8240421?gh_jid=8240421,open
2186bf34bd18a22155a9074cb61a605dffb337cc23288762b51448b8f15a1967,Brex,"Senior Software Engineer, Backend (Product Engineering)","New York, New York, United States",unstated,ai_product,mba_unknown,https://www.brex.com/careers/8815476002?gh_jid=8815476002,open
b21bd39945db9db63ed22c3bfdfb59d466c293c2cddb5b6addd2a3bf87cacb85,Brex,"Senior Software Engineer, Backend (Product Engineering)","San Francisco, California, United States",unstated,ai_product,mba_unknown,https://www.brex.com/careers/8815495002?gh_jid=8815495002,open
0b21995d7a6eb7214344b410c60c9fb474f638933ab533c3fbaf470deb8bfcaa,Brex,"Senior Software Engineer, Backend (Product Engineering)","Seattle, Washington, United States",unstated,ai_product,mba_unknown,https://www.brex.com/careers/8815490002?gh_jid=8815490002,open
62881be05a677708b4d6a78688dbfa75054af97e3baca9534455b81f79270ffe,Datadog,"Recruiter, Tech Recruiting","New York, New York, USA",unstated,ai_product,mba_unknown,https://careers.datadoghq.com/detail/8239749/?gh_jid=8239749,open
608f47b7bd53c4c928e9eb9cdf4c1b171947709b4cece6693c14ce42eea4bb06,Affirm,"Staff Product Manager, Credit & Pricing",Remote US,unstated,ai_product,mba_unknown,https://job-boards.greenhouse.io/affirm/jobs/8006357003,open
18f5c7b794e59c833fae8a773a4d057df1131a9dc24e9bc544c06945042b2991,Faire,Staff Data Infrastructure Engineer,"New York City, NY; San Francisco, CA",unstated,ai_product,mba_unknown,https://boards.greenhouse.io/faire/jobs/8806617002?gh_jid=8806617002,open
f956b78fd8cdeee13d329047ac90f3d9f47a9c43488fe1fbbb5f4d9427fadd3a,Datadog,Content Optimization Specialist,"New York, New York, USA",unstated,ai_product,mba_unknown,https://careers.datadoghq.com/detail/8246307/?gh_jid=8246307,open
8e54d42b8b88a2fa93b658362af3cd0dae3be09e6e0312a206ea61217d14bb6c,Samsara,Account Development Representative II - Phoenix,"Phoenix, Arizona, United States",unstated,ai_product,mba_unknown,https://www.samsara.com/company/careers/roles/8094314?gh_jid=8094314,open
493d06d0471324746c284ec5f3c81d8c4c5147b20c0cdd51d9014d6c040583da,Datadog,"Staff Visual Designer, Design Lab","New York, New York, USA",unstated,ai_product,mba_unknown,https://careers.datadoghq.com/detail/7496207/?gh_jid=7496207,open
134e328c4d460b47b2adbb35ceda882fcaef8ebfd49da0848198f82c94fef45e,Datadog,"Senior Staff Visual Designer, Design Lab","New York, New York, USA",unstated,ai_product,mba_unknown,https://careers.datadoghq.com/detail/7793359/?gh_jid=7793359,open
b1107e4cfaaaa36d98f2cb929dced6758985cf1df9a6b2f48aa3075f30181098,Datadog,Principal Growth Marketing Manager - SEO/GEO,"New York, New York, USA; San Francisco, California, USA",unstated,ai_product,mba_unknown,https://careers.datadoghq.com/detail/8180681/?gh_jid=8180681,open
fdf69dea1aa5f0430eae36434abd6f48743e5da2f642f9f074f650bba7c2cfa3,Airbnb,"Senior Staff Software Engineer, Marketing Technology","Remote, USA",unstated,ai_product,mba_unknown,https://careers.airbnb.com/positions/8095365?gh_jid=8095365,open
5965805d856a04dbf6e7aa1ae3626f0ac48184321ef37b377df92182e3f46435,Klaviyo,Senior GTM Partner Systems Engineer (Salesforce),"Boston, MA",unstated,ai_product,mba_unknown,https://www.klaviyo.com/careers/jobs/7806010003?gh_jid=7806010003,open
ad10b8aa6dd9aa979937d0b33e3af7cf58f5113c3af6cf6e290439d5bf1eaba0,SoFi,"Senior Manager, AML Financial Intelligence Unit - Digital Assets",United States,unstated,other_mba_tech,mba_unknown,https://sofi.com/careers/job/8010590003?gh_jid=8010590003,open
68fd48d66a12e528994a80d9bc460718970213493a33939980d7a00ec7d51e38,Brex,"Manager, Sales Development","New York, New York, United States",unstated,ai_product,mba_unknown,https://www.brex.com/careers/8477508002?gh_jid=8477508002,open
b6902c8edecd89d0728057205db46ed652bef010a2239f287659f351b8328176,Brex,"Manager, Sales Development","Salt Lake City, Utah, United States",unstated,ai_product,mba_unknown,https://www.brex.com/careers/8477492002?gh_jid=8477492002,open
32f43e8a8577bed14841b29eb17a9abe415c4ebc0a6c3105d6148b40059c7d19,Brex,"Manager, Sales Development","Seattle, Washington, United States",unstated,ai_product,mba_unknown,https://www.brex.com/careers/8477485002?gh_jid=8477485002,open
e91e0927a4ae2a2697f3324c5ee85d97b25643cc35c3f5d30cde767604f427bb,Brex,"Manager, Sales Development","San Francisco, California, United States",unstated,ai_product,mba_unknown,https://www.brex.com/careers/8475632002?gh_jid=8475632002,open
88be0a6505432326aed085d7f89568463c576d6317d1f95f5f6b432e6a8c3a30,Okta,"Corporate Counsel, U.S. Federal,  Defense and National Security Compliance","Washington, DC",unstated,ai_product,mba_unknown,https://www.okta.com/company/careers/opportunity/8088417?gh_jid=8088417,open
110918da91351022acf8d23e9f395d3fa60b449b7bdd59cb967403705c2d7a44,Instacart,"Engineering Manager, Site Reliability",United States - Remote,unstated,other_mba_tech,mba_unknown,https://instacart.careers/job/?gh_jid=8246075,open
a27bbf27b38e058b7221cfd0af93bf8131283400ed57f6be11bfe2d42ee60da2,Squarespace,"Senior Product Manager, Acuity Scheduling, Payments",New York City,unstated,ai_product,mba_unknown,http://www.squarespace.com/about/careers?gh_jid=8205239,open
99242db3ebe48df7305bc971df01e627c9105135f2c30431d7b4084607aedcee,Datadog,"Enablement Designer, Recruiting – 12-Month Engagement (NYC)","New York, New York, USA",unstated,ai_product,mba_unknown,https://careers.datadoghq.com/detail/8226352/?gh_jid=8226352,open
8bb933db736441edbf20aa012ae18531b197a14b797781d8207f13190f15b23a,Datadog,Recruiting Operations Program Manager — 12-Month Engagement (NYC),"New York, New York, USA",unstated,ai_product,mba_unknown,https://careers.datadoghq.com/detail/8237428/?gh_jid=8237428,open
ef01b78a2dea36ed93b82e1ccbed4e833c1eb3654d1a59bba4cbf54dfa515e4b,Squarespace,Principal Talent Management Partner,New York City,unstated,other_mba_tech,mba_unknown,http://www.squarespace.com/about/careers?gh_jid=8148428,open
1879580a157c642dc4446a52b040c7b2fb3613fbcf8a9a66a9ea6bf54b37503b,Databricks,"Staff Software Engineer, Foundation Model Inference ","San Francisco, California",unstated,ai_product,mba_unknown,https://databricks.com/company/careers/open-positions/job?gh_jid=8637143002,open
83b2f50857a23d0e973f5669936cf308a109691b609657b79a91be0d470ddec2,Klaviyo,Full Stack Software Engineer - People Systems,"Boston, MA",unstated,other_mba_tech,mba_unknown,https://www.klaviyo.com/careers/jobs/7727703003?gh_jid=7727703003,open
b676dd1a3dc907b94c86b7a0e4eba113dae63b2750b6ae127115bd9fe3c83893,Klaviyo,Full Stack Software Engineer - People Systems,"San Francisco, CA",unstated,other_mba_tech,mba_unknown,https://www.klaviyo.com/careers/jobs/7822352003?gh_jid=7822352003,open
5f737f76cc8c648da24887e7019fe1d214dc5eaf30aa23eedc99098752b2a604,Instacart,"Senior Software Engineer II, Ads Data Solutions Engineering",United States - Remote,unstated,ai_product,mba_unknown,https://instacart.careers/job/?gh_jid=8246054,open
771dc7f2fa6285a4cbaa1da851c69e72c23dacefa65d06d3e75bdb963129bcbc,Stripe,"Data Analyst, Intern","New York, Seattle, South San Francisco HQ",unstated,ai_product,mba_unknown,https://stripe.com/jobs/search?gh_jid=8194291,open
f2e7c245cbfe924e76025b701bb110a50f6e108382a57b419e9f8a2bbc120d67,Stripe,"PhD Data Scientist, Intern","New York, Seattle, South San Francisco HQ",unstated,other_mba_tech,mba_unknown,https://stripe.com/jobs/search?gh_jid=8194283,open
4e6ed91f2d9883977cbb511297578cbb23fa27489f753e5f5d60dbe488a61d96,Datadog,Principal Partner Program Manager - Resellers,"Boston, Massachusetts, USA; Denver, Colorado, USA; New York, New York, USA; San Francisco, California, USA",unstated,other_mba_tech,mba_unknown,https://careers.datadoghq.com/detail/7984983/?gh_jid=7984983,open
0a8d2e893f1977de36357e849066e8367572a591c9aafde74ee92852c0d5a533,Databricks,"Staff Software Engineer, Data Collection (Tags & SDKs)","New York City, New York",unstated,ai_product,mba_unknown,https://databricks.com/company/careers/open-positions/job?gh_jid=8760176002,open
241616b64f1cb84bbedf3423a4ea49b373ab351d70ec5807ec4bae2a56a43634,Okta,"Senior Director, Global Partner Marketing","Bellevue, Washington; Chicago, Illinois; Toronto, Ontario, Canada",unstated,ai_product,mba_unknown,https://www.okta.com/company/careers/opportunity/8220791?gh_jid=8220791,open
85d2a8b713ee8b4dfc4787b7cc00e64e9ef4d56308c217d3b24dcd27cb041fe3,Okta,"Regional Sales Manager, SLED","Dallas, Texas",unstated,ai_product,mba_unknown,https://www.okta.com/company/careers/opportunity/8189383?gh_jid=8189383,open
51f50ccc08ba46858840559c09d828b644d98a12452661f00ae8b7afadcd0efd,Instacart,"Staff Software Engineer, FoodStorm",United States - Remote,unstated,other_mba_tech,mba_unknown,https://instacart.careers/job/?gh_jid=7361224,open
d10b5718ae78b0038ba208cad7edbc3aa361e4c97a6b22b169983840bdf54e1d,Stripe,Product Support - Bridge,"New York, Seattle, San Francisco",unstated,other_mba_tech,mba_unknown,https://stripe.com/jobs/search?gh_jid=8245584,open
413271e01f37b7db32779e9d57fb6ee0c0a2b1a131ed82fd0bca32d6c359afcc,Airtable,Business Development Representative,"Austin, TX",unstated,ai_product,mba_unknown,https://job-boards.greenhouse.io/airtable/jobs/8425211002,open
236ede6fa2a3f41bd4368843e4c4313282cb0c23a65d66c9273b8f537765281b,Klaviyo,"Senior Product Manager, Personalization ML Products","Boston, MA",unstated,ai_product,mba_unknown,https://www.klaviyo.com/careers/jobs/7809609003?gh_jid=7809609003,open
3a7567ac9ad27cdfd176fe006c71711ee6e7826807eb67625110ea8ba0ccf022,Klaviyo,"Senior Product Manager, Personalization Growth","Boston, MA",unstated,ai_product,mba_unknown,https://www.klaviyo.com/careers/jobs/7806008003?gh_jid=7806008003,open
9ffba3fc65881f3d3b431009d8fe9789927d4e1a8573894ada1e929bf30c1091,Klaviyo,"Senior Product Manager, Identity and Access Management","Boston, MA",unstated,ai_product,mba_unknown,https://www.klaviyo.com/careers/jobs/7708059003?gh_jid=7708059003,open
25896822723fcb6c808e412baf574cec6bdcd5a4765cd59d7c2f3faadbd0a6ff,Klaviyo,Senior Product Designer,"Boston, MA",unstated,ai_product,mba_unknown,https://www.klaviyo.com/careers/jobs/7636105003?gh_jid=7636105003,open
2f17671029674c896218586b8c1d5f44df35843740f52a99a432b49368dad09f,Samsara,Account Development Representative Intern - Phoenix,"Phoenix, Arizona, United States",unstated,ai_product,mba_unknown,https://www.samsara.com/company/careers/roles/8099799?gh_jid=8099799,open
602c7e06a0c2fecd2b9febb6b2fa4ac3feb66170b54a423ba2249b6ea04cf671,Roblox,"Principal Software Engineer, WebRTC","San Mateo, CA, United States",unstated,other_mba_tech,mba_unknown,https://careers.roblox.com/jobs/8036680?gh_jid=8036680,open
21e1a6cd6e1d61f3c0991db98080f680a2a1d16550f2383d75db527abace0506,Okta,Principal Product Manager - Okta Identity Threat Detection and Response Products,"Bellevue, Washington; Chicago, Illinois; New York, New York; San Francisco, California; Toronto, Ontario, Canada; Washington, DC",unstated,ai_product,mba_unknown,https://www.okta.com/company/careers/opportunity/8157885?gh_jid=8157885,open
d34435c07edae9b46012b540c73d767e46ca40e7f4fcc95f5158b46dccd9174a,Affirm,"Staff Software Engineer, Backend (Search)",Remote US,unstated,product,mba_unknown,https://job-boards.greenhouse.io/affirm/jobs/8005406003,open
bbc13b26981a3170c779d6b2be32a231274abd43e86012b595c887f4bec567de,Coursera,Senior SEO Manager ,United States,unstated,ai_product,mba_unknown,https://job-boards.greenhouse.io/coursera/jobs/6013615004,open
1777998e12288caf34b105d67f3f34dff5261a848b616c8c787b88f39ccac3f1,Coursera,"Staff Product Manager, Search",United States,unstated,ai_product,mba_unknown,https://job-boards.greenhouse.io/coursera/jobs/6186173004,open
094e41cefc1b581356dad5a385afdaaf9b02ceaaac0a27e81079ce78da1e2291,Flexport,Rotational Development Program,"New York City, New York, United States",unstated,other_mba_tech,mba_unknown,https://job-boards.greenhouse.io/flexport/jobs/8224715,open
6c31d331f7ee33315d6c78a60e4fa49409da230aa7fb363cdfb8abca510deae6,Flexport,Rotational Development Program,"Chicago, Illinois, United States",unstated,other_mba_tech,mba_unknown,https://job-boards.greenhouse.io/flexport/jobs/8172300,open
3aabc2e9622662dbdb44c63babce1256ef4d57161acb79e2e969abecb0f57b9d,Affirm,"Software Engineer II, Backend (Streaming)",Remote US,unstated,product,mba_unknown,https://job-boards.greenhouse.io/affirm/jobs/8003020003,open
868b6d568a2e2f18fca9c32817b21438fa3ba3f8c4f09925b76425aece00d329,Brex,Senior Software Engineer - Identity & Access Management,"San Francisco, California, United States",unstated,ai_product,mba_unknown,https://www.brex.com/careers/8859394002?gh_jid=8859394002,open
14e0229f05d21bfe0fcd1ad186f924f1d581b1227a3a3367e55d08e1f7fe4fa1,Brex,Senior Software Engineer - Identity & Access Management,"Seattle, Washington, United States",unstated,ai_product,mba_unknown,https://www.brex.com/careers/8859393002?gh_jid=8859393002,open
ec488e10bebbf1f688085a7e19db2d00d2123451adecf5a3701a15058193c46e,Brex,Senior Software Engineer - Identity & Access Management,"New York, New York, United States",unstated,ai_product,mba_unknown,https://www.brex.com/careers/8859337002?gh_jid=8859337002,open
81462d34eeff361b0222a035761cf2d4f2c6eff6bbca056ea427ed175dc6637d,Instacart,"Government Affairs Manager II, Midwest and Central Region",United States - Remote,unstated,other_mba_tech,mba_unknown,https://instacart.careers/job/?gh_jid=8244707,open
13140779ee55ac145c90ee314bd383658a90179bd8e982d6375128a400648389,Coinbase,Experiential Marketing Associate,Remote - USA,unstated,ai_product,mba_unknown,https://www.coinbase.com/careers/positions/8238576?gh_jid=8238576,open
860a4dd20a58c176e938799cfec1916e5066ee9de26a35726a485e336d68e5ee,Affirm,"Compliance Lead, Testing ",Remote US,unstated,other_mba_tech,mba_unknown,https://job-boards.greenhouse.io/affirm/jobs/7994549003,open
7b96d39ecb647a38da2eb049333239a81179ce41ce0b35fb97a6a3b498a38c75,Okta,Staff Site Reliability Engineer - Splunk,"Bellevue, Washington; Chicago, Illinois; New York, New York; San Francisco, California; Washington, DC",unstated,other_mba_tech,mba_unknown,https://www.okta.com/company/careers/opportunity/7658254?gh_jid=7658254,open
8773ff997a4e4ea8967f443e0128181acf37361135edeb87dc3cd7a7cccf3863,Okta,Senior Product Manager - UI Platform,"New York, New York; Toronto, Ontario, Canada",unstated,ai_product,mba_required,https://www.okta.com/company/careers/opportunity/8022482?gh_jid=8022482,open
2c94e177b0d0eb426a02203dbf145afdaf7ab3436210df8e7d3dbca8800a2307,Okta,Senior Product Manager - Policies,"Bellevue, Washington; Chicago, Illinois; New York, New York; San Francisco, California; Toronto, Ontario, Canada; Washington, DC",unstated,ai_product,mba_unknown,https://www.okta.com/company/careers/opportunity/8137951?gh_jid=8137951,open
1d179ef728d3004a67b31da3f72450022eaea040fb22835897ba758c08fa10d3,Okta,Senior Product Manager - Cloud Infrastructure,"Bellevue, Washington; Chicago, Illinois; New York, New York; San Francisco, California; Seattle, Washington; Washington, DC",unstated,ai_product,mba_required,https://www.okta.com/company/careers/opportunity/8056315?gh_jid=8056315,open
89ba275efa40765271328ae05b9a8514a107defd5e36b24d99995937c6681e68,Okta,Senior Product Manager - Auth0,"Bellevue, Washington; Chicago, Illinois; New York, New York; Toronto, Ontario, Canada; Washington, DC",unstated,ai_product,mba_unknown,https://www.okta.com/company/careers/opportunity/8072515?gh_jid=8072515,open
2045d82d9376cdeba155d5ae0315297c614d4216d744f75bc8e9a33624630515,Coinbase,CRM and Lifecycle Manager II,Remote - USA,unstated,ai_product,mba_unknown,https://www.coinbase.com/careers/positions/8240375?gh_jid=8240375,open
088b93028b7244ade0e5576f4030510bb2df3a344e215afe6bdb3afed03ce705,Affirm,"Senior Software Engineer, Backend (Online Storage)",Remote US,unstated,product,mba_unknown,https://job-boards.greenhouse.io/affirm/jobs/8009366003,open
cad8e7e9ae44b52b57694ebe12e0b572622d3b7a55321c3333229db045ddf1a4,Klaviyo,"Lead Product Manager, Core Data","Boston, MA",unstated,ai_product,mba_unknown,https://www.klaviyo.com/careers/jobs/7728815003?gh_jid=7728815003,open
321d6ed55fae28529dc04ff55a90be4611e217a01efe46fa35bca9d9e0e9ab4c,Affirm,"Compliance Manager, Card",Remote US,unstated,other_mba_tech,mba_unknown,https://job-boards.greenhouse.io/affirm/jobs/7979495003,open
f921a0e6e452c689cf9737470e4c7a80b5f549a028f59a2eba845485ebda397e,Figma,"Strategic Finance, AI Innovation","San Francisco, CA • New York, NY • United States",unstated,ai_product,mba_unknown,https://boards.greenhouse.io/figma/jobs/6112961004?gh_jid=6112961004,open
f3a445146c0e10be70c4bbfcb96592c8bb873bf65e3a7b559f898f273ec7ea1a,Duolingo,"Proctor Quality and Learning Manager, Scaling Operations","New York, NY; Pittsburgh, PA",unstated,ai_product,mba_unknown,https://careers.duolingo.com/jobs/8858331002?gh_jid=8858331002,open
30daf0dd581b9f4b26c0159a987fdc40f913f337e6f7528b938819d33085c8d8,ZoomInfo,Software Engineer III - Developer Productivity,"Bethesda, Maryland, United States",unstated,other_mba_tech,mba_unknown,https://www.zoominfo.com/careers?gh_jid=8852141002,open
e90a70984f0b9ba39894e92248fcfcd02a9289cacc70ddb159cf0da8a6223417,Coinbase,Head of KYC,Remote - USA,unstated,ai_product,mba_unknown,https://www.coinbase.com/careers/positions/8244259?gh_jid=8244259,open
5752e1017acf8a00e17981e0cfb0fc5643d37e90f4db6f9cf103583a2c5afcd7,Peloton,"Senior Manager, Financial Systems & Reporting Transformation","New York, New York",unstated,ai_product,mba_unknown,https://careers.onepeloton.com/en/all-jobs/?gh_jid=8074696,open
2649b359a031313ed536dbb6f72e4f8c0c96d5b86df13c7744d69ca9536ab325,Okta,Staff Software Engineer,"San Francisco, California",unstated,ai_product,mba_unknown,https://www.okta.com/company/careers/opportunity/8243997?gh_jid=8243997,open
1685fbb4a98472d6031af833274181a570769913e1413856f7374cf460719efc,Squarespace,GRC Analyst ,New York City,unstated,ai_product,mba_unknown,http://www.squarespace.com/about/careers?gh_jid=8223803,open
7aa517f80c4a3431cf305b3968e7e180226a95e739a22b1626642ddd5e74bc35,Okta,Sr. Customer Success Manager ,"Florida; Georgia; North Carolina; South Carolina; Virginia; Washington, DC",unstated,ai_product,mba_unknown,https://www.okta.com/company/careers/opportunity/8069407?gh_jid=8069407,open
812c1ec4d50dc8ae281e5303c532af0d85bf8341d4313d24b35f119495f56cd5,Braze,"Director, Lifecycle Marketing",New York City,unstated,ai_product,mba_unknown,https://job-boards.greenhouse.io/braze/jobs/8226600,open
f0dfdf8b96c6fcec6fdee402e829e1f2cf73aa7e3fd99afb7a339b9ec3ba5456,SoFi,"Principal Product Manager, Commercial Banking",CA - San Francisco; NY - New York City; WA - Seattle,unstated,product,mba_unknown,https://sofi.com/careers/job/7894776003?gh_jid=7894776003,open
d41db5cb8b7e42df1c1ee9c185d5965e77ee0f5ad43ea3f0942103cad5f42dfd,SoFi,Strategic Partnerships Manager,United States,unstated,other_mba_tech,mba_preferred,https://sofi.com/careers/job/8004041003?gh_jid=8004041003,open
d40b9b2334619767af157138629a8aa9796bef267ad4fcdfe030c904c72465af,SoFi,"Manager, Protect Sales",TX - Frisco,unstated,other_mba_tech,mba_unknown,https://sofi.com/careers/job/7670830003?gh_jid=7670830003,open
ceb7855fc07929088985597115aa2046f1d61e09ab28958bf187958945a988a1,SoFi,"Strategic Finance Analyst, Operations",United States,unstated,ai_product,mba_unknown,https://sofi.com/careers/job/7976546003?gh_jid=7976546003,open
c61ddb71d0217300c3152f5ea83217729874c5a7a21e59cba74bff1c9c2c0606,SoFi,"Relationship Manager, Big Business Banking",UT - Cottonwood Heights; FL - Jacksonville,unstated,other_mba_tech,mba_unknown,https://sofi.com/careers/job/7990710003?gh_jid=7990710003,open
bebb1407e73c93a6ce9430d8c3fe606b68cc5ee62c9f6fdd93f521e6c64a17d4,SoFi,Direct Mail Marketing Manager (Contract)	,CA - San Francisco HQ,unstated,product_marketing,mba_unknown,https://sofi.com/careers/job/8004952003?gh_jid=8004952003,open
bc1c1b552c4365dd069607863a97cda602d3667cdf21b43eb185519cee29eead,SoFi,Staff Fraud Analyst,NY - New York,unstated,other_mba_tech,mba_unknown,https://sofi.com/careers/job/7698656003?gh_jid=7698656003,open
b349c4c6ab3d530bae3a52e7e7603663f011d840c3cf7ccd12e216c9c2f2a882,SoFi,Branch Operations Supervisor,CA - Sacramento,unstated,other_mba_tech,mba_unknown,https://sofi.com/careers/job/7865456003?gh_jid=7865456003,open
ac0780bb5d9259ddc3b9764facdc64151b380a394326365e3184438bb9d0cbdb,SoFi,Retail Loan Originator,"Frisco, TX ",unstated,other_mba_tech,mba_unknown,https://sofi.com/careers/job/7573978003?gh_jid=7573978003,open
a0c4324e866daaaab8fbb2c70b33baa9b0b9ebbb4d891e3c90c495399de5a295,SoFi,"Senior Manager, Capital Markets","NY-New York, SF-San Francisco. TX-Frisco, FL-Jacksonville, DE-Greenville, UT-Cottonwood Heights, NC-Charlotte",unstated,other_mba_tech,mba_unknown,https://sofi.com/careers/job/7704156003?gh_jid=7704156003,open
a074423a54092bc3bce9a65bd28ff9878ac0060094987b7d8f923540dc5818af,SoFi,Senior Product Manager,CA - San Francisco; NY - New York City; WA- Seattle,unstated,product,mba_unknown,https://sofi.com/careers/job/8008387003?gh_jid=8008387003,open
9bf95128b729b4317b841557b1ed23d8d5a2a6ad3fc85d56f8364ec11b2f28d0,SoFi,Principal Product Manager,CA - San Francisco; NY - New York City; WA - Seattle,unstated,ai_product,mba_required,https://sofi.com/careers/job/8008432003?gh_jid=8008432003,open
933f0dc2860f762b7f65351dbe6511be447b5c1ae35d906b12316297ee1728e7,SoFi,Senior People Business Partner,United States,unstated,ai_product,mba_unknown,https://sofi.com/careers/job/7819507003?gh_jid=7819507003,open
88cb9350d4734abacba083697136f1b13f1e1d774495a0349c9f08145f3f8699,SoFi,"Manager, Strategic Finance",United States,unstated,other_mba_tech,mba_unknown,https://sofi.com/careers/job/7979512003?gh_jid=7979512003,open
867bf9a181af3cb2ec99e4e3143e329a3be4b9a11047f70e64ccb472ad79d448,SoFi,Lifecycle Technical Project Manager,"Cottowood Heights, UT",unstated,product,mba_unknown,https://sofi.com/careers/job/7993321003?gh_jid=7993321003,open
8492daaee329a449cf78390c2449cbaf15bef2c28a0feb8aa2a8ff5226a3a09b,SoFi,Senior Engineering Manager-People Analytics,United States,unstated,other_mba_tech,mba_unknown,https://sofi.com/careers/job/7963969003?gh_jid=7963969003,open
80e17e46b340a61f55c12bb2ecdc357a13b20a6cd24513c4ac30042327520981,SoFi,Director - Special Investigations (FIU),United States,unstated,other_mba_tech,mba_unknown,https://sofi.com/careers/job/8008774003?gh_jid=8008774003,open
7fb4b91e4f89adac79a095726ac6a2d58b0cc1fbe3a0484bd552d28aa702341f,SoFi,Lifecycle Operations Manager,"Cottonwood Heights, UT",unstated,other_mba_tech,mba_unknown,https://sofi.com/careers/job/8004887003?gh_jid=8004887003,open
77b5f949e11e22ef11110e157d98d1902aa24ef8783f5e77bfcf185f382d1be4,SoFi,Senior Operations & Supplier Testing Analyst,UT - Cottonwood Heights; FL - Jacksonville; TX - Frisco,unstated,other_mba_tech,mba_unknown,https://sofi.com/careers/job/7798999003?gh_jid=7798999003,open
66134f292ea3a59849109bdac2d922baa3962365bbfe9b380511c6a6b382f99f,SoFi,"Director, Strategic Finance - SoFi Checking & Savings and Credit Card",United States,unstated,ai_product,mba_unknown,https://sofi.com/careers/job/7861161003?gh_jid=7861161003,open
618d831dedf6f36d7a7c58f680f9d03a7f562969e7e2f2da5e6f89d0946808fc,SoFi,"Insurance Agent, Protect",United States,unstated,other_mba_tech,mba_unknown,https://sofi.com/careers/job/7998355003?gh_jid=7998355003,open
514e623e55dcb3ad13a4d8b77f97b8c814d661b000307a462129bfa8b3e69e40,SoFi,"Senior Manager, SoFi Plus Member Acquisition",United States,unstated,ai_product,mba_unknown,https://sofi.com/careers/job/7871452003?gh_jid=7871452003,open
4f4f6061d13c9a19c9bf31600073b95fb2fea9e3e9cebeca7f4297c0c7bcacd8,SoFi,Strategic Partnerships Associate,United States,unstated,other_mba_tech,mba_unknown,https://sofi.com/careers/job/7976542003?gh_jid=7976542003,open
4eddd95431733a1cd31f9e82329914faa08afafd8cc6fd2c948e8d3934f74a1e,SoFi,"Partnership Success Manager, At Work",United States,unstated,other_mba_tech,mba_unknown,https://sofi.com/careers/job/7985589003?gh_jid=7985589003,open
4944ee8bb1faa16f3f720278d567213c035843fbb67e2995ed51473f64df5612,SoFi,"Director, People Business Partner (Global Operations)",Jacksonville - FL; Cottonwood Heights - UT; New York City - NY,unstated,other_mba_tech,mba_unknown,https://sofi.com/careers/job/7776895003?gh_jid=7776895003,open
484eef6b5f6bffabe398340fae103d3873aa34a87b03ec91ac3578fe84799265,SoFi,Fraud Model Analyst,"Frisco, TX ",unstated,ai_product,mba_unknown,https://sofi.com/careers/job/7826869003?gh_jid=7826869003,open
3bef7f1cb90605e712a4984467ae959bcc9242fc5dd6ab83dd92ce7b978edb40,SoFi,"Product Marketing Manager, Checking & Savings","New York, New York",unstated,product_marketing,mba_unknown,https://sofi.com/careers/job/8004751003?gh_jid=8004751003,open
3804f95b19a5344897872feb80635aacdc439b2a7210ced7ac5a46d049521117,SoFi,Litigation Operations Manager (Recovery),"FL - Jacksonville, UT - Cottonwood Heights, TX - Frisco, NC - Charlotte, NY - New York City",unstated,other_mba_tech,mba_unknown,https://sofi.com/careers/job/7920079003?gh_jid=7920079003,open
17b93c425ddee018f29c20e0dba36075916da5cbfa126eeb69e02e3e6b691fab,SoFi,Crypto Sanctions Compliance Senior Specialist,United States,unstated,other_mba_tech,mba_unknown,https://sofi.com/careers/job/8008814003?gh_jid=8008814003,open
051274d65a6e56a811b5cc83303ffd0060922d83e1203497049544102b4b4472,SoFi,Mailroom Associate I,United States,unstated,other_mba_tech,mba_unknown,https://sofi.com/careers/job/7993168003?gh_jid=7993168003,open
04a2e16b927bd1bd437a34112719db2fd4fd7f53cf36701505732a28e606ce99,SoFi,Lead Product Tax Advisor,United States,unstated,other_mba_tech,mba_unknown,https://sofi.com/careers/job/7816095003?gh_jid=7816095003,open
03c6e750d2be9a63a011706cf83d82e2deba137b87258b51f0025e510a8b1815,SoFi,Corporate Development Analyst,United States,unstated,other_mba_tech,mba_unknown,https://sofi.com/careers/job/7819518003?gh_jid=7819518003,open
cb2113dd82f8fd1df805b7c431571855e9d0bbb733effa3c7c42bdd9400e8139,Okta,"Senior Software Engineer, OIG","Bellevue, Washington",unstated,ai_product,mba_unknown,https://www.okta.com/company/careers/opportunity/8243981?gh_jid=8243981,open
121514c4fa65f4d544e570ff72d3f8db831255f4fe1fc8e54bafc3506052df69,Okta,"Staff Software Engineer, OIG","Bellevue, Washington",unstated,ai_product,mba_unknown,https://www.okta.com/company/careers/opportunity/8243989?gh_jid=8243989,open
9a72e94555457acc1ee798e3a69b9fa12d0967191df03034ec3c16c5c8076641,Lyft,"VP, Global People Business Partners","San Francisco, CA",unstated,other_mba_tech,mba_unknown,https://app.careerpuck.com/job-board/lyft/job/8834157002?gh_jid=8834157002,open
c704ce6d5e8b7aa3fc0ae3d0eb4d210f20bafb87b72140fdf05fc0dda34b05ed,Datadog,Technical Account Manager 2 - West,"Denver, Colorado, USA",unstated,ai_product,mba_unknown,https://careers.datadoghq.com/detail/8026831/?gh_jid=8026831,open
f5464730c26cf1493bebc974d3c59277bf2636fceb6f27fd1dba4433ed4d8637,Okta,"Enterprise Account Executive (Large Enterprise), Auth0","Chicago, Illinois",unstated,ai_product,mba_unknown,https://www.okta.com/company/careers/opportunity/8240389?gh_jid=8240389,open
72c81cacfd3698edf9501bfddbb2b5d63ff018774067b87ee7caacc31b0b18fa,Coinbase,"Sr. Systems Analyst, Finance, Enterprise Apps ",Remote - USA,unstated,ai_product,mba_unknown,https://www.coinbase.com/careers/positions/8154856?gh_jid=8154856,open
1814d21a4856d92db6165d4f3daf8b60c85def94c20fbeee2b8af9b5670f89d4,Datadog,Software Engineering Intern (Summer),"Boston, Massachusetts, USA; New York, New York, USA",unstated,other_mba_tech,mba_unknown,https://careers.datadoghq.com/detail/8052118/?gh_jid=8052118,open
82989b7bf919c8966bd4a0f41e41ee8e115c7470e41cf622c7dc3d0ead2973ba,Airbnb,Global Initiatives Curator,"San Francisco, CA",unstated,ai_product,mba_unknown,https://careers.airbnb.com/positions/8243975?gh_jid=8243975,open
91f9d8594dda2fbf662085928108e75e74c573dfd2a8ed5f74fdeaed67923d2d,Coinbase,"Staff Software Engineer, Native Mobile",Remote - USA,unstated,ai_product,mba_unknown,https://www.coinbase.com/careers/positions/8241720?gh_jid=8241720,open
7a1056205b785e6c25c8ab0565003f8eb0b1f0d68410227f8faaf89dd9b4d5f8,Betterment,Business Development Representative,Betterment HQ - New York City,unstated,product,mba_unknown,https://www.betterment.com/careers/current-openings/job?gh_jid=8195434&gh_jid=8195434,open
91db259b79edd4eda377af7ddc08dad36396a30da66b34b854f3002954e9bd83,Brex,Senior Technical Sourcer,"San Francisco, California, United States",unstated,ai_product,mba_unknown,https://www.brex.com/careers/8818973002?gh_jid=8818973002,open
be7d95001a6c7af3d38b1e6dac5fa89223ee13670bf6e7ffda517ba77aa5b99b,Coinbase,"Senior Software Engineer, Native Mobile",Remote - USA,unstated,ai_product,mba_unknown,https://www.coinbase.com/careers/positions/8241724?gh_jid=8241724,open
3c092422482aa770ea520f5f2a008101c6561bc47d14a29dd08729c3e1c7f7ea,Brex,Senior Technical Sourcer,"Seattle, Washington, United States",unstated,ai_product,mba_unknown,https://www.brex.com/careers/8818972002?gh_jid=8818972002,open
1873fd57c5ce62424b0eabfdf4402e4317b84be3bf757e82b1b0baf837055941,Brex,Senior Technical Sourcer,"Salt Lake City, Utah, United States",unstated,ai_product,mba_unknown,https://www.brex.com/careers/8818969002?gh_jid=8818969002,open
7c6dbce717daf546dd8c7d6c3eb107b6be96c1aeb78d891da972465cf5452635,Brex,Senior Technical Sourcer,"New York, New York, United States",unstated,ai_product,mba_unknown,https://www.brex.com/careers/8818967002?gh_jid=8818967002,open
c454ffcd0343bcbb0818b1ce8113c5d4b5b69ca1aad07a6fb7ea4e6f46835f53,Lyft,Business Sales Associate,"New York, NY",unstated,ai_product,mba_unknown,https://app.careerpuck.com/job-board/lyft/job/8823395002?gh_jid=8823395002,open
be877537835f2e55c47688d9be6fb6fd15a3b3b533bb02e64afb3a1b90efbe20,Lyft,Business Sales Associate,"San Francisco, CA",unstated,ai_product,mba_unknown,https://app.careerpuck.com/job-board/lyft/job/8823445002?gh_jid=8823445002,open
32d7fe2a3d759af7c86af979a60cf25124c01a25a10bfedfdd3208e576024ee9,Brex,Senior Technical Sourcer II,"San Francisco, California, United States",unstated,ai_product,mba_unknown,https://www.brex.com/careers/8858668002?gh_jid=8858668002,open
9dfa107f2f3e345969b73832250037134c128860dd570b7a242ef72d646576ce,Brex,Senior Technical Sourcer II,"Salt Lake City, Utah, United States",unstated,ai_product,mba_unknown,https://www.brex.com/careers/8858660002?gh_jid=8858660002,open
e910b1f49bdd5caf3f124b58e7434e9b80509fdf423bf0cd637e0490aa67a870,Brex,Senior Technical Sourcer II,"Seattle, Washington, United States",unstated,ai_product,mba_unknown,https://www.brex.com/careers/8858659002?gh_jid=8858659002,open
7470918b0932e444426b0806f6880bbe27815076bc86eb02bb2acccb0d6ff115,Brex,Senior Technical Sourcer II,"New York, New York, United States",unstated,ai_product,mba_unknown,https://www.brex.com/careers/8815834002?gh_jid=8815834002,open
4044d3fc54ded43887822d49b592e3fe0c68784e7ce743cb94d5d7053dc02513,Betterment,Sr. Information Security Analyst,Betterment HQ - New York City,unstated,ai_product,mba_unknown,https://www.betterment.com/careers/current-openings/job?gh_jid=8224106&gh_jid=8224106,open
c455df20260225bbc2996c109af91abf6e1249cb726ffef9a5b0c693b428f110,Peloton,Senior Backend Software Engineer (E-Commerce),"New York, New York",unstated,ai_product,mba_unknown,https://careers.onepeloton.com/en/all-jobs/?gh_jid=8223452,open
c786bc05f316ec3912a96a89534e9ea24dcc38c96a454eca1986ded3756bd329,Roblox,Senior Data Scientist - Discovery,"San Mateo, CA, United States",unstated,ai_product,mba_unknown,https://careers.roblox.com/jobs/8037082?gh_jid=8037082,open
20f73a679db5924904e8d00cc99607071b4f175fac7315ad03527ed15aab1f30,Klaviyo,Large Enterprise Sales Manager,"Denver, CO",unstated,ai_product,mba_unknown,https://www.klaviyo.com/careers/jobs/8009591003?gh_jid=8009591003,open
ef0ba72f93cd5f4bf11b1828d24ba63cfbfabc8d4f0d8088e6b641410d9cbab8,Klaviyo,Large Enterprise Sales Manager,"San Francisco, CA",unstated,ai_product,mba_unknown,https://www.klaviyo.com/careers/jobs/8004318003?gh_jid=8004318003,open
8ad8baeab32ba67e0528f7953c99c394d3845084c77f71091807609af6b930f3,Klaviyo,Large Enterprise Sales Manager,"Los Angeles, CA",unstated,ai_product,mba_unknown,https://www.klaviyo.com/careers/jobs/8009596003?gh_jid=8009596003,open
4b33c512e3946981637286a70da74ac2c0d22509a1df91d78a95cdeb5784e65f,Okta,Associate Customer Success Enablement Manager,"Chicago, Illinois",unstated,ai_product,mba_unknown,https://www.okta.com/company/careers/opportunity/8240035?gh_jid=8240035,open
8e80c8c8f1f0b74fe956d0a7773d34f19f2767d9c2000a1fae412e7dd99753ad,Airbnb,"Senior Manager, Intelligence & Advocacy",United States ,unstated,other_mba_tech,mba_unknown,https://careers.airbnb.com/positions/8167113?gh_jid=8167113,open
f3ebd6cc20385e8e07d12904a3271ac34589da94a24628be2d5dc8ebd3428b69,Okta,Principal Software Engineer,"San Francisco, California",unstated,ai_product,mba_unknown,https://www.okta.com/company/careers/opportunity/8243180?gh_jid=8243180,open
8ff74c84dd534980e194c4569656755fd781053ab2e48507806fc874e58a696e,Okta,"Sales Development Representative, Latin America","Washington, DC",unstated,other_mba_tech,mba_unknown,https://www.okta.com/company/careers/opportunity/7013739?gh_jid=7013739,open
301d0472aac36466589a9a1b669d4c3e7b1a45e0f87296353d9fd3fe4d0e6c43,Okta,Staff Software Engineer,"San Francisco, California",unstated,ai_product,mba_unknown,https://www.okta.com/company/careers/opportunity/8243124?gh_jid=8243124,open
02adeb1043a33e2e540b1b0f7cda8921cd820cfa99771e0ed085f01ae5671d4a,Okta,"Senior Software Engineer, OIG","San Francisco, California",unstated,ai_product,mba_unknown,https://www.okta.com/company/careers/opportunity/8243128?gh_jid=8243128,open
2047d18b887dae9da72ee4cf2d77f3bd6282a80705446001ddccdb4d7aa80195,Datadog,Senior Sourcer,"New York, New York, USA",unstated,ai_product,mba_unknown,https://careers.datadoghq.com/detail/7558666/?gh_jid=7558666,open
1c1e08ba354472b56e78bd58b1239af24158f2294170f0d41a64827bac5c2f7a,Datadog,Senior Sourcer,"Boston, Massachusetts, USA",unstated,ai_product,mba_unknown,https://careers.datadoghq.com/detail/7560815/?gh_jid=7560815,open
4b84108c57ec240348509e573fcffa02480281c2b6e232e2d0e181faf31bd757,StockX,Growth Specialist: E-Commerce,"Detroit, MI",unstated,ai_product,mba_unknown,https://job-boards.greenhouse.io/stockx/jobs/8857520002,open
7d452fd47ef00f5ea16921f976ca6fb24424bd56e1acb2cdd282e41a44a6315a,Datadog,"Manager I, Applied Science - Frontier Agentic Models","New York, New York, USA",unstated,ai_product,mba_unknown,https://careers.datadoghq.com/detail/7560494/?gh_jid=7560494,open
801b412d946cf11a0234b05cf5e9f4e75ac467aaf7fb34417f240d779e424f76,Okta,Sr. Customer Success Manager,"Chicago, Illinois; Iowa; Michigan; Minnesota; Ohio; Texas",unstated,ai_product,mba_unknown,https://www.okta.com/company/careers/opportunity/8240584?gh_jid=8240584,open
09a91b35587de648b2a3402d196d0def66792a409aae3023688e468c1862f825,Datadog,"Recruiter, GTM","Boston, Massachusetts, USA; Denver, Colorado, USA; New York, New York, USA",unstated,ai_product,mba_unknown,https://careers.datadoghq.com/detail/7927485/?gh_jid=7927485,open
92dc49344ea0f8af22070cce46ce7fc0d7e7fe217d9866e81bfb4625412cfd2b,Datadog,"Recruiter II, Technical Solutions","Boston, Massachusetts, USA; Denver, Colorado, USA; New York, New York, USA",unstated,ai_product,mba_unknown,https://careers.datadoghq.com/detail/8237641/?gh_jid=8237641,open
14b3adb9da486630f59dba192460ada249bc39ef6debf0fa752f0153396b2955,Datadog,"Senior Manager, Sponsorship Sales - Global Conferences","New York, New York, USA; San Francisco, California, USA",unstated,other_mba_tech,mba_unknown,https://careers.datadoghq.com/detail/8214090/?gh_jid=8214090,open
ec55ca72712e9142e7bb807b7e6ffbc6dd90ff6b56ff0426e834151fad22a1b5,Okta,"Sr. Manager, Strategic Sourcing – Technology","Bellevue, Washington",unstated,other_mba_tech,mba_unknown,https://www.okta.com/company/careers/opportunity/8239845?gh_jid=8239845,open
c5108b0450d677ae79f9c84e2e615845ed8a595e829ba5847bd87a506a5ca80b,Okta,"Sr. Manager, Strategic Sourcing – Technology","San Francisco, California",unstated,other_mba_tech,mba_unknown,https://www.okta.com/company/careers/opportunity/8238157?gh_jid=8238157,open
c575bfbe5e7436c68a8437c21d47200925b57a8784c7f28e1afd8884736fe7fd,Duolingo,"Senior Product Manager, Learning","New York, NY; Pittsburgh, PA",unstated,product,mba_unknown,https://careers.duolingo.com/jobs/8827944002?gh_jid=8827944002,open
957a1335160a2fc0043416507beb4fa71b55c05f769597361ea0e05b42f646ac,Datadog,Product Manager ll - Code Intelligence,"New York, New York, USA",unstated,ai_product,mba_unknown,https://careers.datadoghq.com/detail/8197852/?gh_jid=8197852,open
6ac9b7d78eaed31326b421e11ba936ad53dd0ae558e8174218a27518daaeb221,Braze,"Engagement Manager, AI Deployment ",Austin; Chicago; New York City; San Francisco,unstated,ai_product,mba_required,https://job-boards.greenhouse.io/braze/jobs/8233210,open
f4976351d65a499dc0d317facdb0eab1197733ce2eee16c7234d2d3c8773450d,Braze,"Senior Software Engineer I, Email",New York City,unstated,ai_product,mba_unknown,https://job-boards.greenhouse.io/braze/jobs/8214281,open
5baf489a72145bb6598b46fd5e291ddf1415ffdbdc7d69ec3fce5cc8112424a1,Braze,"Financial Analyst II, FP&A",New York City,unstated,ai_product,mba_unknown,https://job-boards.greenhouse.io/braze/jobs/8196046,open
1ab3bda66ea7f17213acabacf99bf43aef789f7d1669734d4b82a366dc56d593,Braze,"Staff Machine Learning Engineer, ML Platform",New York City,unstated,ai_product,mba_unknown,https://job-boards.greenhouse.io/braze/jobs/8195997,open
0036810cff1bada5076bfd0416f7c28e74bc45bdc9be7889ee9b600f16e52da7,Braze,"Lead Product Manager, Banners & Content Cards",New York City,unstated,ai_product,mba_unknown,https://job-boards.greenhouse.io/braze/jobs/8193400,open
f3b9e009b2625de09ae9a23e306e5e1608b8a093ed57274d055f852b7b55b24c,Braze,Lead IAM Engineer,New York City,unstated,ai_product,mba_unknown,https://job-boards.greenhouse.io/braze/jobs/8177899,open
357e0ab74b30fdfe8deb488e4d35ddca12250a199feffc90f3d795cd0da290b2,Braze,Staff Applied Scientist,New York City,unstated,ai_product,mba_unknown,https://job-boards.greenhouse.io/braze/jobs/8159431,open
b1b480c84ea9b97dc5cc429ce16b866a4914e1aca0e45c47517fd43b8ab7a3e8,Brex,Outbound Sales Development Representative ,"Seattle, Washington, United States",unstated,ai_product,mba_unknown,https://www.brex.com/careers/8831517002?gh_jid=8831517002,open
1ee43e7c674b6b8e6923da248efb681043d51dae734d51e5366627f9327deda8,Brex,Outbound Sales Development Representative ,"San Francisco, California, United States",unstated,ai_product,mba_unknown,https://www.brex.com/careers/8814410002?gh_jid=8814410002,open
2a7418684a2f8c32b169ca9873b2ac78b5e62951bee7c43afe4048d0ff287ef6,Brex,Outbound Sales Development Representative,"Salt Lake City, Utah, United States",unstated,ai_product,mba_unknown,https://www.brex.com/careers/8814628002?gh_jid=8814628002,open
ffc609c30554d9953255d5817958dbe90e91c36441e2cccb4de69bbd5567c570,Coinbase,"Staff Software Engineer, Mobile QA",Remote - USA,unstated,ai_product,mba_unknown,https://www.coinbase.com/careers/positions/8241752?gh_jid=8241752,open
83606f717105065500301dc8175386bd936ff155c6505818cf1a84d181d7930f,Coinbase,"Senior Software Engineer, Mobile QA",Remote - USA,unstated,ai_product,mba_unknown,https://www.coinbase.com/careers/positions/8241748?gh_jid=8241748,open
fc9a849f064f27c4d1a195d862f5dc5c31fc2da77d4f1c5579bcb45a20d8979b,Airbnb,"Senior Staff Editor, Creative Studio",United States ,unstated,ai_product,mba_unknown,https://careers.airbnb.com/positions/8189352?gh_jid=8189352,open
fb980aa99af7bfe2fc1e65deaa34e9006a725d55e6a77749b4e7b28bf3c7b757,Airbnb,"Senior Social Manager, Instagram","San Francisco, United States ",unstated,other_mba_tech,mba_unknown,https://careers.airbnb.com/positions/8241573?gh_jid=8241573,open
f9b20ccb2da7bd6b3e19a92aeed25faac514a27b0e09380a5ea2fbcc2501a967,Airbnb,"Senior Machine Learning Engineer, Query Intelligence",United States,unstated,ai_product,mba_unknown,https://careers.airbnb.com/positions/8065789?gh_jid=8065789,open
f6178a644efd1563e2dc31737c7b63fa2a18f118d47c68124df433571c90a396,Airbnb,"Staff Software Engineer, Passport & Commerce (Backend)",United States,unstated,other_mba_tech,mba_unknown,https://careers.airbnb.com/positions/8130817?gh_jid=8130817,open
f2d34ce1325fcd62629bb92ca3d2e5ea304e613722663df17ece55cfa48e8528,Airbnb,"Staff Software Engineer, Tech Foundations",United States,unstated,ai_product,mba_unknown,https://careers.airbnb.com/positions/7702714?gh_jid=7702714,open
ea3e147c2b4687c6e74a5c56f4a7254255a5ee9479a9791cd5ea5369dcb7c73a,Airbnb,"Senior Principal, Competitive Intelligence",United States ,unstated,ai_product,mba_unknown,https://careers.airbnb.com/positions/8053756?gh_jid=8053756,open
e57fd0c0282e69e1dfa75bfa07cd70c8fa6f45896fcdb8c3c2fce91ef1a58764,Airbnb,"Product Program Manager, Roadmap Planning & Program Management","San Francisco, United States ",unstated,product,mba_unknown,https://careers.airbnb.com/positions/8094412?gh_jid=8094412,open
db23dba922e1fb4d2fb685252b397886fb2028df01eebc70fabdac0ab256f273,Airbnb,"Staff Machine Learning Engineer, Assistance Engineering","San Francisco, CA",unstated,ai_product,mba_unknown,https://careers.airbnb.com/positions/8024316?gh_jid=8024316,open
d73ce1f28fb4f1c811e353bd19111c7b6b48a3c9d942c391275c136e0b3acba3,Airbnb,"Senior Staff Data Engineer, Foundational Data",United States,unstated,ai_product,mba_unknown,https://careers.airbnb.com/positions/8224032?gh_jid=8224032,open
d4b031982726780e380c52a8b5d3736c439ce024f44c2f2ed3eb31f457d78657,Airbnb,"Senior Demand Strategy Lead, Experiences",United States,unstated,other_mba_tech,mba_unknown,https://careers.airbnb.com/positions/8196013?gh_jid=8196013,open
d10104b7bdc472dcc295dff4a79b5cc7f4e5af6f92b300e413592363b1169a78,Airbnb,"Senior Machine Learning Engineer, Trust","San Francisco, CA",unstated,ai_product,mba_unknown,https://careers.airbnb.com/positions/8232153?gh_jid=8232153,open
cb215b53851ec564a9bfbda85829c1183e1eb739dd2c1f24122cf76deb0a17c6,Airbnb,"Staff Data Scientist, Guest & Host",United States,unstated,ai_product,mba_unknown,https://careers.airbnb.com/positions/7705262?gh_jid=7705262,open
c7b10dfbda16e48a9d1597c3f6a30e12e07f618969b41d88813bf10b0d70075b,Airbnb,"Senior Engineering Manager, Media Foundation",United States,unstated,ai_product,mba_unknown,https://careers.airbnb.com/positions/7968034?gh_jid=7968034,open
c372f46a4ce156a97ae5e93627a621b480b7998debc622cc3a23225ada40f58b,Airbnb,Host Communications Strategy Lead,United States,unstated,ai_product,mba_unknown,https://careers.airbnb.com/positions/8201750?gh_jid=8201750,open
c22e316aebd0cacb55f18471f21d3f0eeb266be4d4fb509b1ce4cda5f8c2bd9c,Airbnb,Staff UX Writer (Host),United States,unstated,product_strategy,mba_unknown,https://careers.airbnb.com/positions/8171646?gh_jid=8171646,open
bd4000c80521f70cf98a7151f452c74c2588ed87d48ce6e982d7fd3dd127ba96,Airbnb,Complex Claims Manager,United States,unstated,product,mba_unknown,https://careers.airbnb.com/positions/8153094?gh_jid=8153094,open
bcd2dfcabe01b1c6dd0df9f6cd72bda6b65684c93b6f4c5c21380173d9a72a22,Airbnb,"Senior Platform Manager, Data Products, Finance Accounting",United States,unstated,ai_product,mba_unknown,https://careers.airbnb.com/positions/8070705?gh_jid=8070705,open
b5eed37f0a1e4a3e186c71ec1e44abac282e4357a8ab2a07ab14d70fd6a41a00,Airbnb,Community Support Forecasting and Demand Planning Analyst,United States ,unstated,ai_product,mba_unknown,https://careers.airbnb.com/positions/7839229?gh_jid=7839229,open
ae1581e30b3f325c171fdef893aedf1a5eb3c67b48290eeb9c0c19946b2de14e,Airbnb,Senior Market Manager,"Los Angeles, California, United States",unstated,other_mba_tech,mba_unknown,https://careers.airbnb.com/positions/8202802?gh_jid=8202802,open
abac277324c9a2b56ade2838b6cc1c31a9f9ca43ba91bf49914390264176c7ed,Airbnb,"Staff Advanced Analytics, Community Blueprint & Quality",United States,unstated,ai_product,mba_unknown,https://careers.airbnb.com/positions/8207095?gh_jid=8207095,open
ab09af895b6a9e4a905d1ea55bc1263d5554357d44cc012da853076715da1966,Airbnb,"Senior Product Program Manager, Roadmap Planning & Program Management ","San Francisco, United States ",unstated,product,mba_unknown,https://careers.airbnb.com/positions/8094462?gh_jid=8094462,open
a1e0922c8b758e4ae34ee23e940195fdd5d80f1bf3332129787de45adadcfd3b,Airbnb,"Senior Staff Machine Learning Engineer, Post Training",Remote - USA,unstated,ai_product,mba_unknown,https://careers.airbnb.com/positions/7858738?gh_jid=7858738,open
a1b1309b4a696d74ee4bac1248fddcc8850741bcefe2b5d6bd8705380afa3969,Airbnb,"Associate Principal, Procurement Innovation Supplier Programs",United States ,unstated,other_mba_tech,mba_unknown,https://careers.airbnb.com/positions/8231416?gh_jid=8231416,open
a0b353b465b5a84907ef251dfb2057403f28114441b94d95e7a040a5ea1d9fa4,Airbnb,"Payments Partnerships Manager, Host Payouts",United States ,unstated,other_mba_tech,mba_required,https://careers.airbnb.com/positions/8075714?gh_jid=8075714,open
9fb52afca97116ed5762cdffb32c608a3f7709aefaa0d35cc7af2c1ac3b6f495,Airbnb,"Product Manager, Pricing",United States,unstated,product,mba_unknown,https://careers.airbnb.com/positions/8096359?gh_jid=8096359,open
9efcd38fec1f8ff9613af4fb7ae6e6786629ed9b5cfd9417e2b9f6fcf0987c72,Airbnb,"Software Engineer, Passport & Commerce, iOS","Remote, USA",unstated,other_mba_tech,mba_unknown,https://careers.airbnb.com/positions/8239985?gh_jid=8239985,open
9e982ac08c9c768f5df88eb990976482bbfd7f4a8b1c210ac016485725569705,Airbnb," Staff Platform Manager, AI Personalization",United States,unstated,ai_product,mba_unknown,https://careers.airbnb.com/positions/7834495?gh_jid=7834495,open
9b702bd8fede3baabff3e0ef5f8966bd30077d97c20680c9997e06f48a30bc08,Airbnb,"Policy Manager, Quality",United States ,unstated,other_mba_tech,mba_unknown,https://careers.airbnb.com/positions/8185136?gh_jid=8185136,open
9b40b68c906145116abcc30e089d56071329027ba66b2005014bec0f40dd858d,Airbnb,"Senior Executive IT Support Engineer, Tech Foundations","San Francisco, CA",unstated,other_mba_tech,mba_unknown,https://careers.airbnb.com/positions/8214375?gh_jid=8214375,open
8dbebced218a9d6d02c06239416acda03e8b107ef792c55dcd299f9b68278fd6,Airbnb,"Strategic Sourcing, Manager - Engineering & Infrastructure",United States ,unstated,ai_product,mba_unknown,https://careers.airbnb.com/positions/7736738?gh_jid=7736738,open
87d01aaa108305d028a7b479b12f70a23ea9e4f8975cfd79528710eba0f9dbaf,Airbnb,"Senior Host Development Lead, Incentives",United States ,unstated,ai_product,mba_unknown,https://careers.airbnb.com/positions/8142636?gh_jid=8142636,open
85d18638a1347a18ca6f617e18e7ee9b02b33f25814e4022cd72133d7ba6ac57,Airbnb,"Senior Staff Software Engineer, Guest & Host",Remote - USA,unstated,ai_product,mba_unknown,https://careers.airbnb.com/positions/8017277?gh_jid=8017277,open
85205564ed4ad94cec2cc4af7538c59c4ebc1f2cfcce999d8d35fca60d88bead,Airbnb,Lead Localization Operations Program Manager,United States ,unstated,ai_product,mba_unknown,https://careers.airbnb.com/positions/8120458?gh_jid=8120458,open
847390b542663c0c2e81e71f9167d9e63e4b08b2de7dd8bb97ff55b71cfa6c63,Airbnb,"Senior Staff Machine Learning Engineer, Trust",Remote - USA,unstated,ai_product,mba_unknown,https://careers.airbnb.com/positions/7592146?gh_jid=7592146,open
8456a52d1b2ce89f52312bbe18e963bafc9ae44bfb607d19d5208250f20d7cd3,Airbnb,"Supply Category Lead, Services  ",United States ,unstated,product_strategy,mba_unknown,https://careers.airbnb.com/positions/7822781?gh_jid=7822781,open
833d3cd61e7cf957ecb5fe409c909f0c5dcd2e73de7699a60bbf8a97e2f7adb0,Airbnb,"Staff Machine Learning Engineer, Traffic Intelligence",United States,unstated,other_mba_tech,mba_unknown,https://careers.airbnb.com/positions/8129371?gh_jid=8129371,open
7172119f303a5692ef30896e47bfcbe121dc79df94cba5637557ec0ecd2f7f4c,Airbnb,"Staff UX Researcher, Payments Growth (Mixed Methods)",United States,unstated,product_strategy,mba_unknown,https://careers.airbnb.com/positions/8113284?gh_jid=8113284,open
6f3cd69a96e7535f318f617abc7d178cac2ff620f7b1faf7587a1e5f8f107eb3,Airbnb,Senior Programs & Business Operations Lead,United States ,unstated,product_strategy,mba_unknown,https://careers.airbnb.com/positions/8163221?gh_jid=8163221,open
615bfd5a4fe9ff241831d7eccc11fb656ac6edfb1741f69c29fc74e5d943aef3,Airbnb,"Lead, Advanced Analytics, Community Support",United States,unstated,ai_product,mba_unknown,https://careers.airbnb.com/positions/8125981?gh_jid=8125981,open
523b132e5b7aa62e719c8ebe05d282da08aafffc7342861439633d9de1108256,Airbnb,"Principal, Strategic Finance & Analytics, Acquisition",United States ,unstated,product_strategy,mba_unknown,https://careers.airbnb.com/positions/8209984?gh_jid=8209984,open
50d67fcc5aaf98e0b6e7b91f18f7f85e8b43b18d64bcdedc537a44cabacd3d1b,Airbnb,"Senior Analyst, Frontline Performance",United States ,unstated,other_mba_tech,mba_unknown,https://careers.airbnb.com/positions/8224146?gh_jid=8224146,open
48995ea7d235fadcf1c99ec58b1477e9d2603f0f32b4d637a5f006af0d5c08f7,Airbnb,"Staff Platform Manager, Conversational Products",United States ,unstated,ai_product,mba_unknown,https://careers.airbnb.com/positions/8136554?gh_jid=8136554,open
4784f2d4881350a176dd3a4459035d43fbac1879ac24f63b7ae45fe086aa759d,Airbnb,"Senior Staff Machine Learning Engineer, Data & Eval",United States,unstated,ai_product,mba_unknown,https://careers.airbnb.com/positions/6757302?gh_jid=6757302,open
466116488e92df7792664d62aa2048a1c3e0a2c4b23fde6471e52e595152ddc5,Airbnb,"Senior Staff Software Engineer, Host Pricing & Settings",Remote - USA,unstated,ai_product,mba_unknown,https://careers.airbnb.com/positions/8039723?gh_jid=8039723,open
45214b08d5d8ab4967ced72b9d79c40ff664b789c4f4534d2b2a230cb88d867d,Airbnb,"Product Manager, Services","San Francisco, CA, Seattle WA, New York, NY",unstated,ai_product,mba_unknown,https://careers.airbnb.com/positions/8081925?gh_jid=8081925,open
41889ee2d835b5d5859f0cd2a45eaf923ed3ee25aba7fc089974d8ca9b45e3b1,Airbnb,"Lead Platform Manager, Tech Foundations",United States,unstated,ai_product,mba_unknown,https://careers.airbnb.com/positions/8211765?gh_jid=8211765,open
414f3a4cf69ff1f5c40c875a45436fbc7e7e937e8c43d6bf34ef704a8eaabe96,Airbnb,"Engineering Manager, Guest & Host (Host Listings & Quality)",United States,unstated,ai_product,mba_unknown,https://careers.airbnb.com/positions/8238604?gh_jid=8238604,open
3e67341c1ed2b225f41e584b73ac01f6ffa947b21c1a2ba214654bacbeec71ef,Airbnb,"Senior Manager, Technical Program Management (Search & AI Foundations)",United States,unstated,ai_product,mba_unknown,https://careers.airbnb.com/positions/8077683?gh_jid=8077683,open
39bc43d457669fc2b64c6fa84a7d435ed23d8aa44c99a4f0efede5ef48034848,Airbnb,"Lead Advanced Analytics, Product",United States,unstated,ai_product,mba_unknown,https://careers.airbnb.com/positions/8080954?gh_jid=8080954,open
39421a13004239f48767f2b32bfb5c853f420bd42e27ab6bcc48d24e680ac5a4,Airbnb,Senior Systems Engineer Tech Foundations,United States,unstated,ai_product,mba_unknown,https://careers.airbnb.com/positions/8239950?gh_jid=8239950,open
38642fd4433548856c0b31338d4268d3c1fa19af06f872ac2f56854e1444d178,Airbnb,Staff Platform Manager - GTM & Ops Tooling,United States ,unstated,ai_product,mba_unknown,https://careers.airbnb.com/positions/8163100?gh_jid=8163100,open
3701ca1323661605f71555c175a2a8d6f58939ef4614f830f242c630948f86e6,Airbnb,"Lead Advanced Analyst, Integrated Marketing",United States,unstated,ai_product,mba_unknown,https://careers.airbnb.com/positions/8207084?gh_jid=8207084,open
351bd785f30cee7c324c8a75ccd778a10277913cf51acc6a03611a07d2096b3f,Airbnb,"Staff Workday Integration Engineer, Tech Foundations",United States,unstated,other_mba_tech,mba_unknown,https://careers.airbnb.com/positions/8202878?gh_jid=8202878,open
324ffe01e7aa6421e3780a5e43d85f4f88667c42cf17ac116d5ebecbea58845c,Airbnb,Principal Machine Learning Engineer- LLM Fine-tuning and Optimization ,United States,unstated,ai_product,mba_unknown,https://careers.airbnb.com/positions/7955579?gh_jid=7955579,open
272de6422ecf280bfd556ffaa00e3705b708d1ca813ed586054d43658794fae8,Airbnb,Senior Data Scientist - Payments (Inference),Remote - USA,unstated,ai_product,mba_unknown,https://careers.airbnb.com/positions/8123037?gh_jid=8123037,open
25b05ce3a58f98c376fa327ae87ca25cd993641a54505a4109c66eaf8e82b622,Airbnb,"Business Systems Engineer, Tech Foundations","San Francisco, CA",unstated,ai_product,mba_unknown,https://careers.airbnb.com/positions/8214444?gh_jid=8214444,open
217c0f858435a02f49f332f3e15cf2512850e91d329798a5a220d5351f9efa03,Airbnb,"Senior Staff Engineer, Guest & Host (Host Listings & Quality)",United States,unstated,ai_product,mba_unknown,https://careers.airbnb.com/positions/8238592?gh_jid=8238592,open
1d922087dedb43fff0528c1b1ecb696c2d650176263af471d923e4375248b9cd,Airbnb,"Senior Machine Learning Engineer, Trust","San Francisco, CA",unstated,ai_product,mba_unknown,https://careers.airbnb.com/positions/8130355?gh_jid=8130355,open
18b3065e56ad4decf964b7e54fcf082f47f8155ea252bc666d86d2d84fd9ff00,Airbnb,Sales Operations Lead,United States ,unstated,other_mba_tech,mba_unknown,https://careers.airbnb.com/positions/8155005?gh_jid=8155005,open
16ce5b63d3413aa2e53b939da7719a744a936961b32061f478b5c24bb5e1ca6c,Airbnb,"Staff Software Engineer, Data Warehouse",USA,unstated,other_mba_tech,mba_unknown,https://careers.airbnb.com/positions/8197715?gh_jid=8197715,open
100581f8b1fffdcaf96f953972dedd257046a52415c0b50f88b1aa500dd31e5c,Airbnb,Staff Backend Engineer - Ads Platform,Remote - USA,unstated,ai_product,mba_unknown,https://careers.airbnb.com/positions/8074897?gh_jid=8074897,open
0f450ce01d53d8eee77edb100568f8622d06fa09ddf102fc1efcd5c7d1c6d91f,Airbnb,"Senior Staff Machine Learning Engineer, Growth Platform Engineering",Remote - USA,unstated,ai_product,mba_unknown,https://careers.airbnb.com/positions/7747259?gh_jid=7747259,open
0a4c4f39d5cdfc116ff7531b269446cdb6a2ed82417e802879903df40c667a0a,Airbnb,"NextStay Fellow, Tech Ops & Programs",United States,unstated,other_mba_tech,mba_unknown,https://careers.airbnb.com/positions/8108673?gh_jid=8108673,open
fbdb2309f36e0226c33c55b6975703c3a1839e50927eb1faf60becf8d5f7dc98,Coinbase,"Senior Staff Software Engineer, Native Mobile",Remote - USA,unstated,ai_product,mba_unknown,https://www.coinbase.com/careers/positions/8241716?gh_jid=8241716,open
07b6b4190b0d67ab01edc443e5e59489d2eb92ef93e06135c008f1f62d07baeb,Okta,"Engineering Manager, Governance Intelligence","Bellevue, Washington; San Francisco, California",unstated,ai_product,mba_unknown,https://www.okta.com/company/careers/opportunity/8237524?gh_jid=8237524,open
737570e458b5c8ed88af2482988ad461b259d74c4e3fc2d988c1c428bdeac082,Lyft,Global Supply Manager,"New York, NY",unstated,other_mba_tech,mba_unknown,https://app.careerpuck.com/job-board/lyft/job/8856992002?gh_jid=8856992002,open
00db6cc5f2caeea10955f7a94a348d948e9078868c636514ab594d6e7b2f7b27,Lyft,Global Supply Manager,"San Francisco, CA",unstated,other_mba_tech,mba_unknown,https://app.careerpuck.com/job-board/lyft/job/8856438002?gh_jid=8856438002,open
b6f1b38f3f3145387c803d29a2f6e2083343b787e43b152c16a7e2b9b9f033af,Flexport,Solutions Consultant,"San Francisco, California, United States",unstated,ai_product,mba_unknown,https://job-boards.greenhouse.io/flexport/jobs/8241588,open
4bf95cd618528a691282110ba6afbc549c96c901f9d2aa2dee254387e69b227c,Flexport,Solutions Consultant,"Chicago, Illinois, United States",unstated,ai_product,mba_unknown,https://job-boards.greenhouse.io/flexport/jobs/8241586,open
c50d490452d49d5b3d8544bc00d8504cef9b51a19041162b56f26b699809a4e7,Roblox,Senior Growth Marketing Manager ,"San Mateo, CA, United States",unstated,ai_product,mba_unknown,https://careers.roblox.com/jobs/7977893?gh_jid=7977893,open
e212c7f54f045cebea832b30b74ad1ba79bc623ffb28d824ca25c3ea8a076fa2,Okta,"Demand Signals Specialist, GrowthX","Bellevue, Washington; Chicago, Illinois; Toronto, Ontario, Canada",unstated,ai_product,mba_unknown,https://www.okta.com/company/careers/opportunity/8238198?gh_jid=8238198,open
87d9c47bf42792e0bc12b1838a79efadc9148e069474973be00c14e964cb044b,Coinbase,"Software Engineer, CDP - Foundations ",Remote - USA,unstated,ai_product,mba_unknown,https://www.coinbase.com/careers/positions/8241522?gh_jid=8241522,open
b030bdce00e68cab06a9802348ac16b2ca58e1cda547a5425cd7a54f57564fb1,Attentive,"Senior Director, Product Management (AI/ML)","New York, NY",unstated,ai_product,mba_unknown,https://job-boards.greenhouse.io/attentive/jobs/4415182009,open
70959fb3a769331126a990d73b1f0cbf7a85588af0cdce1f20abab0bbcfa2caa,Discord,"Staff Software Engineer, Data Platform","San Francisco, CA",unstated,other_mba_tech,mba_unknown,https://job-boards.greenhouse.io/discord/jobs/8498984002,open
7ec410cd26ecba486b82a4841864728386741c327aca7220f827a7045aa6b2a0,Discord,"Engineering Manager, Safety","San Francisco Bay Area, Greater Seattle Area, Greater Los Angeles Area (U.S.)",unstated,ai_product,mba_unknown,https://job-boards.greenhouse.io/discord/jobs/8637688002,open
35dd2dd560bf455ea941fb9ac668db69f7f119654d49f45d3dc6ed11cf94afed,Okta,"Senior Director, GRC","San Francisco, California",unstated,ai_product,mba_unknown,https://www.okta.com/company/careers/opportunity/8130437?gh_jid=8130437,open
a363ea17d2be5af8ca3016e7b959cb6bc164bd82babe2ef08d3a3d73cbe15e2a,Lyft,"Senior Group Product Manager, Verticals","San Francisco, CA",unstated,product,mba_unknown,https://app.careerpuck.com/job-board/lyft/job/8857353002?gh_jid=8857353002,open
bf7a691985ae8d0962f0e51a6c06afed9a780b364a19aa8fd2814b50d93884d5,Peloton,Lead Expert - Phoenix Chandler Fashion Center,"Phoenix, Arizona",unstated,ai_product,mba_unknown,https://careers.onepeloton.com/en/all-jobs/?gh_jid=8231489,open
61d69588fccac6ea37e7002a3072289bd2cbd689853b4d79b41a6d1892c933e1,Peloton,Peloton Expert (Part-Time) - The Mall at Short Hills,"Short Hills, New Jersey",unstated,ai_product,mba_unknown,https://careers.onepeloton.com/en/all-jobs/?gh_jid=8233189,open
aaea8df674b5ea7ee7d387d3b39e6affe886be5c525d2781be51e3f058a0194d,Okta,"Sales Development Representative, Central","Chicago, Illinois",unstated,other_mba_tech,mba_unknown,https://www.okta.com/company/careers/opportunity/7013622?gh_jid=7013622,open
838129183be0be466b7b2df791fadf22d39ca403cf06f9ff5aa9f27284511dae,Faire,Senior Applied AI/ML Scientist - Search Ranking,"San Francisco, CA",unstated,ai_product,mba_unknown,https://boards.greenhouse.io/faire/jobs/8856357002?gh_jid=8856357002,open
fb6f8a8869c1548c0acbe2e4254314b0377658c6981b37eea513ca000d6faef6,Roblox,Senior / Principal Infrastructure Engineer - ML Platform,"San Mateo, CA, United States",unstated,other_mba_tech,mba_unknown,https://careers.roblox.com/jobs/8027755?gh_jid=8027755,open
e923802e614d08046bbd6d3d2770d468fd9052f603a24b5e892b79a14f2d8123,Roblox,"Senior Engineering Manager, Search and Discovery","San Mateo, CA, United States",unstated,ai_product,mba_unknown,https://careers.roblox.com/jobs/7764306?gh_jid=7764306,open
e40753fe24e97591898bb02abe4b37b5c3d3451ef6c7fc30d68cbc62f8a2e256,Roblox,"Senior/Principal Platform Engineer, ML Platform ","San Mateo, CA, United States",unstated,ai_product,mba_unknown,https://careers.roblox.com/jobs/8047833?gh_jid=8047833,open
df5ee429f6af2508c191968461048d112f0bd86ac32a49446f164db40c4dc0b7,Roblox,Principal Client Platform Engineer,"San Mateo, CA, United States",unstated,other_mba_tech,mba_unknown,https://careers.roblox.com/jobs/8212529?gh_jid=8212529,open
c34dee67bc9840e03a519e86936686d6945069c7325cc8baa69dc72b3c7cec5b,Roblox,"Senior Software Engineer (Full Stack), Ads User Experience ","San Mateo, CA, United States",unstated,other_mba_tech,mba_unknown,https://careers.roblox.com/jobs/7844201?gh_jid=7844201,open
932d401d790d296670f97e820df08b466e78af710d4945b874a2e7a00dffdcb5,Roblox,Senior Software Engineer (C++),"San Mateo, CA, United States",unstated,other_mba_tech,mba_unknown,https://careers.roblox.com/jobs/8025510?gh_jid=8025510,open
82fb4dda248c3467ed282b925fc788cb26a362dd2334827d713445d8fb8f3b9a,Roblox,People Business Associate (Short-term),"San Mateo, CA, United States",unstated,product_strategy,mba_unknown,https://careers.roblox.com/jobs/8107093?gh_jid=8107093,open
805b8697be04513716d35ceff5a10a12b15ccd8bc03da2eaf9149f0efc2a560e,Roblox,"Senior Frontend Software Engineer, Ads User Experience","San Mateo, CA, United States",unstated,other_mba_tech,mba_unknown,https://careers.roblox.com/jobs/7396342?gh_jid=7396342,open
7c24cb36ca496dbd996485295a7812e3bd80251eb536d96a3b3c570845331061,Roblox,Senior Frontend Software Engineer - Marketplace,"San Mateo, CA, United States",unstated,other_mba_tech,mba_unknown,https://careers.roblox.com/jobs/7913878?gh_jid=7913878,open
791e471ecc6fd19e1d13268e8fad9b52f927269256dd6731a838023ce4cab8e7,Roblox,Senior Talent Sourcer (Short-Term),"San Mateo, CA, United States",unstated,other_mba_tech,mba_unknown,https://careers.roblox.com/jobs/8202973?gh_jid=8202973,open
697cfb3834495d919298a5ab88a3e86bf44dd0f5e9e1da97524d8671a671ed5f,Roblox,Senior Software Engineer - Studio Tools ,"San Mateo, CA, United States",unstated,product,mba_unknown,https://careers.roblox.com/jobs/8079795?gh_jid=8079795,open
5fc99e7b5b6bf3b13d697d4b2dee704bab96bc3bb78aab484d5da9b446a910eb,Roblox,Senior Software Engineer - Release ,"San Mateo, CA, United States",unstated,other_mba_tech,mba_unknown,https://careers.roblox.com/jobs/7923586?gh_jid=7923586,open
563aeade1ab4d0d78c22e9d0bf7ef1e4a298525510a2e6c9c74f29e74702107e,Roblox,"Principal Software Engineer, Data Engineering","San Mateo, CA, United States",unstated,ai_product,mba_unknown,https://careers.roblox.com/jobs/7678832?gh_jid=7678832,open
55ed06215009d36ecb75ee7f96aad21ac055de9450e6d800b3ef5c723c7bfed9,Roblox,Senior Growth Data Engineer,"San Mateo, CA, United States",unstated,ai_product,mba_unknown,https://careers.roblox.com/jobs/8055450?gh_jid=8055450,open
3d3d1005ce341629d0451cc202ba62213a942c541503eadd8591387151998b0c,Roblox,Principal/Senior Machine Learning Scientist - Search and Discovery ,"San Mateo, CA, United States",unstated,ai_product,mba_unknown,https://careers.roblox.com/jobs/7655346?gh_jid=7655346,open
239cf0cc1a132d488e306efaef3c9fde401cb3ffe5c8c9caf2c7e46d84267436,Roblox,Principal Model Optimization Engineer ,"San Mateo, CA, United States",unstated,other_mba_tech,mba_unknown,https://careers.roblox.com/jobs/7872401?gh_jid=7872401,open
16a031c43ffc7ccfabb1d799a336d018abf92d1428b04325e2e415b8cfd724be,Roblox,"Senior Software Engineer, App Performance","San Mateo, CA, United States",unstated,other_mba_tech,mba_unknown,https://careers.roblox.com/jobs/7360413?gh_jid=7360413,open
0b363f645c71c66271ca5ec05bd49c4a91e1153e32aff2d80951b4edfa408c3b,Roblox,"Senior Software Engineer, Engineering Acceleration","San Mateo, CA, United States",unstated,other_mba_tech,mba_unknown,https://careers.roblox.com/jobs/8047829?gh_jid=8047829,open
03fca27dffa72ab0800c69532d74ca77c672f00c3c0c42c96609e37a65cfbe79,Roblox,"Senior Machine Learning Engineering Manager, Safety AI Systems","San Mateo, CA, United States",unstated,ai_product,mba_unknown,https://careers.roblox.com/jobs/8047877?gh_jid=8047877,open
6a1141c234ae7d7e900d48e612676f32b7a41aac86e782497235683c24a479ba,Coinbase,"Manager, WFM CX Operations",Remote - USA,unstated,ai_product,mba_unknown,https://www.coinbase.com/careers/positions/8186586?gh_jid=8186586,open
9601bae95884447657b58d5160dee319b3a43684ba7ca1e7706286f322a466e5,ZoomInfo,Senior Procurement Manager,"Vancouver, Washington, United States; Waltham, Massachusetts, United States",unstated,ai_product,mba_required,https://www.zoominfo.com/careers?gh_jid=8794598002,open
af6bfe91e8f3e8c1d015aa9214a99609bd758e17102738d938def449eb1396db,Klaviyo,Senior CS Compensation Analyst,"Boston, MA",unstated,other_mba_tech,mba_unknown,https://www.klaviyo.com/careers/jobs/7989990003?gh_jid=7989990003,open
c03bd5800b0afd307996be7ddda08275718df312b24658c04601bfe335a9764e,Stripe,"Program Manager, Deal Operations","San Francisco, CA / Chicago, IL / Seattle, WA / NYC / Remote",unstated,product_strategy,mba_unknown,https://stripe.com/jobs/search?gh_jid=8209633,open
8629b2a05269e839491875ff4d2e7fd397da1d1462aa05da40c110b7beb66f44,Okta,"Staff Data Analyst, People Analytics","Bellevue, Washington; Chicago, Illinois; San Francisco, California; Washington, DC",unstated,other_mba_tech,mba_unknown,https://www.okta.com/company/careers/opportunity/8233891?gh_jid=8233891,open
43bfc4246010b70df0673858d8febda0c8d64ab30ff7a6eef5ebd712e6394f46,Samsara,"Sales Engineer, Mid Market - TOLA",Remote - TX,unstated,ai_product,mba_unknown,https://www.samsara.com/company/careers/roles/7848459?gh_jid=7848459,open
e1990014ddd9fe55dd275f65327d2bb4ace2ae27660de11ee212de2f486977fc,Datadog,"Regional Vice President, Enterprise Sales, Public Sector - US State and Local","Boston, Massachusetts, USA; Chicago, Illinois, USA; New York, New York, USA; North Carolina, USA, Remote; San Francisco, California, USA",unstated,ai_product,mba_unknown,https://careers.datadoghq.com/detail/8212513/?gh_jid=8212513,open
85aa59e7a10d589c5d6ba7213934f6f06c56edbd87b031e2afc57d058fad685f,Nextdoor,"Lead, Design","San Francisco, CA",unstated,ai_product,mba_unknown,https://about.nextdoor.com/careers-list/?gh_jid=8140473,open
f52f71d058c5598e4e50240e6c3ad28580187b8a47bb675e4b8181a7e1f20235,Faire,Senior Product Marketing Manager,"San Francisco, CA",unstated,ai_product,mba_unknown,https://boards.greenhouse.io/faire/jobs/8821004002?gh_jid=8821004002,open
17d5ce7b45303c8f5b0ac3ba3de5903596a434e608ce58f79940f8fd94f4ad4a,Faire,Senior Product Marketing Manager,"New York City, NY",unstated,ai_product,mba_unknown,https://boards.greenhouse.io/faire/jobs/8820806002?gh_jid=8820806002,open
78e19c6a1bf2bb3670a1d75e4e25ecf3f4310ce78a9ee179551c7fd5e599f11f,Stripe,Finance and Strategy Partner,"San Francisco, New York City, Chicago, Seattle",unstated,other_mba_tech,mba_unknown,https://stripe.com/jobs/search?gh_jid=7473983,open
e0dacdee78fd0a4356fa29078650d7f02723a8774e62d57cf06033b912529e1d,Peloton,"Equity Administration, Manager","New York, New York",unstated,ai_product,mba_unknown,https://careers.onepeloton.com/en/all-jobs/?gh_jid=8141568,open
e02da0b56472c8adb06b370c90ec2389b57fd3b4919b37b0eb70d0c2199ae415,ZoomInfo,Senior Software Engineer - Data,"Bethesda, Maryland, United States; Waltham, Massachusetts, United States",unstated,ai_product,mba_unknown,https://www.zoominfo.com/careers?gh_jid=8509478002,open
bb6b035b718d01def25997d6f43a59c2cd88a47437402fc96f6d429775b1c81f,Affirm,"Staff Security Engineer, Enterprise AI",Remote US,unstated,other_mba_tech,mba_unknown,https://job-boards.greenhouse.io/affirm/jobs/7994553003,open
a238b011f3d9427f716f227df9e68ee137ac8957a8da897de7ab93adf0ed37a9,ZoomInfo,Software Engineer III,"Bethesda, Maryland, United States; Waltham, Massachusetts, United States",unstated,ai_product,mba_unknown,https://www.zoominfo.com/careers?gh_jid=8769472002,open
3a824e1076cd8ff84de0e3c027f089b446416979a983605b4564a883fa648ac8,Datadog,"Recruiter II, G&A","New York, New York, USA",unstated,ai_product,mba_unknown,https://careers.datadoghq.com/detail/8237622/?gh_jid=8237622,open
4a6dc1c668f48843ee5bf08460cd076bebc011c67472b04c13eb8db911297c49,Betterment,"Senior Product Manager, Marketing Enablement",Betterment HQ - New York City,unstated,ai_product,mba_unknown,https://www.betterment.com/careers/current-openings/job?gh_jid=8231561&gh_jid=8231561,open
22279081aa69fbb75df1413882b9d05a8297a29676da07e83348da7c557285ce,Datadog,Executive Assistant II - San Francisco,"San Francisco, California, USA",unstated,ai_product,mba_unknown,https://careers.datadoghq.com/detail/8230270/?gh_jid=8230270,open
8a97b2741a8cc49dee000157c152c5957a33c82b52caf0ecba36bf356ddcb398,Affirm,"Senior Product Manager, Credit & Pricing",Remote US,unstated,product,mba_unknown,https://job-boards.greenhouse.io/affirm/jobs/7773691003,open
a6b62c07fbbc6bee31d65dce6c56b21c1d6590f86afe46b7c72f98e5b66ac200,Braze,"Account Executive, Enterprise",New York City,unstated,ai_product,mba_unknown,https://job-boards.greenhouse.io/braze/jobs/8139390,open
1f5c9676e66f3736e836b3cc361b53bb06d51e3e1fec0658653eaf2faaf298b2,Brex,Sales Account Manager II,"New York, New York, United States",unstated,ai_product,mba_unknown,https://www.brex.com/careers/8762350002?gh_jid=8762350002,open
74d9f436d8a18ed5c558d1ef893c7fb8414bb45a8942427d8f5af1d2eb67f92d,Lyft,"Group Product Manager, Verticals","San Francisco, CA",unstated,product,mba_unknown,https://app.careerpuck.com/job-board/lyft/job/8513755002?gh_jid=8513755002,open
1cc642fd35605efa1b4d6a3b7ad0ad74210c054b5693ccfee070e5fc1dc457c0,Brex,"Implementation Consultant I, Commercial","Salt Lake City, Utah, United States",unstated,ai_product,mba_unknown,https://www.brex.com/careers/8536986002?gh_jid=8536986002,open
eb62d0d61de41f463680c0d781a37d997a958856a4717fa6fca49f277f7dc8d7,Brex,"Implementation Consultant I, Commercial","Seattle, Washington, United States",unstated,ai_product,mba_unknown,https://www.brex.com/careers/8536985002?gh_jid=8536985002,open
f6697c36e77c9f136659c8fa273151198e6051659f89834ae54b6d6faa429e36,Brex,"Implementation Consultant I, Commercial","New York, New York, United States",unstated,ai_product,mba_unknown,https://www.brex.com/careers/8536983002?gh_jid=8536983002,open
cd9ccc6d45c0ff737b753e0f3da0b16bd1046f430706357499e502242022400d,Brex,"Implementation Consultant I, Commercial","San Francisco, California, United States",unstated,ai_product,mba_unknown,https://www.brex.com/careers/8536968002?gh_jid=8536968002,open
2fa347981013f9926c3565efc1d264cf9b3d184ca443b76383b0dd2b15f3abde,Affirm,"Analytics Lead, Deposit Fraud Risk",Remote US,unstated,ai_product,mba_unknown,https://job-boards.greenhouse.io/affirm/jobs/8004096003,open
fe8e8261677a08eb75243637b564d4723b05358e3c614450725a9106fc771740,Datadog,Senior Software Engineer - Distributed Systems,"Boston, Massachusetts, USA; New York, New York, USA",unstated,ai_product,mba_unknown,https://careers.datadoghq.com/detail/3851927/?gh_jid=3851927,open
f9851f8c11f5690e0d5ea98917bdfbcbc210c239347c48b82c1737d6d51e647b,Datadog,Enterprise Customer Success Manager - Denver,"Denver, Colorado, USA",unstated,ai_product,mba_unknown,https://careers.datadoghq.com/detail/8147903/?gh_jid=8147903,open
f9140f80d6234cdb2b1ba920239c82161c97d493a3f3e70e1dda4ff0d8061b07,Datadog,Enterprise Customer Success Manager - East,"Boston, Massachusetts, USA; New York, New York, USA",unstated,ai_product,mba_unknown,https://careers.datadoghq.com/detail/8077474/?gh_jid=8077474,open
f6e46a6a852c70eda1dc7d2dd6b099c1d76eb417602f197330b3740ef97fb7d7,Datadog,Group Product Manager - Code Security,"Boston, Massachusetts, USA; New York, New York, USA",unstated,ai_product,mba_unknown,https://careers.datadoghq.com/detail/8023763/?gh_jid=8023763,open
f5bd16608c4c8a5e5358de3430c8d88274f5bc2a5b95035427369e05ce7e83bc,Datadog,Senior Sales Engineer - NorthCentral,"Illinois, USA, Remote; Minnesota, USA, Remote",unstated,ai_product,mba_unknown,https://careers.datadoghq.com/detail/8142217/?gh_jid=8142217,open
f4c33f8d4368ca65fea3eb5db3a281abbc227658530047a4a34764905f1818cc,Datadog,"Team Lead, Strategic Sourcing (IT, SaaS, Hardware)","New York, New York, USA",unstated,ai_product,mba_unknown,https://careers.datadoghq.com/detail/8082391/?gh_jid=8082391,open
f45b424a07c05e8c3fb48cd9821600c0547823ca02d901dfb7af42958cc31e57,Datadog,Senior Product Manager - Observability Data Platform,"New York, New York, USA",unstated,ai_product,mba_unknown,https://careers.datadoghq.com/detail/8065192/?gh_jid=8065192,open
f32577d590e5e3114e7df0dbc22447831f6edd3bb8e8dd24a8731df91f9c8f5b,Datadog,Research Science Intern (PhD),"New York, New York, USA; Pittsburgh, Pennsylvania, USA",unstated,other_mba_tech,mba_unknown,https://careers.datadoghq.com/detail/8203657/?gh_jid=8203657,open
f2ce3dcba2f2f4fe6ac2db357a90e212f190837e007b22c9f84db0877129a36b,Datadog,Senior Platform Product Manager - AI SDLC Trusted Throughput,"New York, New York, USA",unstated,ai_product,mba_unknown,https://careers.datadoghq.com/detail/7947683/?gh_jid=7947683,open
f2c3f298f525e252c00f7772511e568365ff19d8bb5434dba0fa80e63c5bfc30,Datadog,"Manager II, Engineering - Database Monitoring (AI)","New York, New York, USA",unstated,ai_product,mba_unknown,https://careers.datadoghq.com/detail/8212114/?gh_jid=8212114,open
f0fb830ce978c4de31cdf33aa9eecfc6ae79c26f56e5c5a5e020aac6091fa5d2,Datadog,Commercial Account Executive - LATAM (Portuguese Speaking) - Denver,"Denver, Colorado, USA",unstated,ai_product,mba_unknown,https://careers.datadoghq.com/detail/7858788/?gh_jid=7858788,open
f0c8b8e838e13a55964050eaa794624d1cafdef7d365da2273c2a3c6929e1ebf,Datadog,Senior Product Manager - Data Agent,"New York, New York, USA",unstated,ai_product,mba_unknown,https://careers.datadoghq.com/detail/7785350/?gh_jid=7785350,open
f07166f0ac06c9790d62bed54c7f00e7fe6f25a4509cf66c9c832ed873e62c5a,Datadog,AI Research Scientist - Datadog AI Research (DAIR),"New York, New York, USA; Pittsburgh, Pennsylvania, USA",unstated,ai_product,mba_unknown,https://careers.datadoghq.com/detail/6572669/?gh_jid=6572669,open
f05880003630d528431f9c302350184c6c73b1024c0da4d6db09695e5e9ef146,Datadog,Enterprise Sales Executive,"Florida, USA, Remote",unstated,ai_product,mba_unknown,https://careers.datadoghq.com/detail/7466155/?gh_jid=7466155,open
ef4f0df782e747e38448ab788da2624d2c95d4d7b530138459087ebc3c1272c2,Datadog,Senior Staff GenAI Engineer - Application Performance Monitoring (APM),"New York, New York, USA",unstated,ai_product,mba_unknown,https://careers.datadoghq.com/detail/6960503/?gh_jid=6960503,open
ed030cad251f9c8f416f91e81df9cf18ccb7f8a85ac87a9a34a18489911ac7a0,Datadog,Sales Engineer (Customer Success),"Denver, Colorado, USA",unstated,ai_product,mba_unknown,https://careers.datadoghq.com/detail/8204163/?gh_jid=8204163,open
ebb8a7c6366294d09a86c269683f3efbc9ab7fda93dac57992f4651c6c44549d,Datadog,Senior Security Sales Engineer,"Illinois, USA, Remote; Texas, USA, Remote",unstated,ai_product,mba_unknown,https://careers.datadoghq.com/detail/7554877/?gh_jid=7554877,open
ea63f9855168ba97a8a3964fb414b41a86146226fef145100648b7239305b5c8,Datadog,Group Product Manager - Bring Your Own Cloud,"New York, New York, USA",unstated,ai_product,mba_required,https://careers.datadoghq.com/detail/8024863/?gh_jid=8024863,open
e71a4f540c5da19de08441d0a80a33e5e46896d5ffeb7b0f645f8a34ad550685,Datadog,Enterprise Sales Engineer - FED,"District of Columbia, USA, Remote; Maryland, USA, Remote; Virginia, USA, Remote",unstated,ai_product,mba_unknown,https://careers.datadoghq.com/detail/8144607/?gh_jid=8144607,open
e6d9060dddbcabf089cc72363c79b56758700d47ee8c21b62f8c7caf1b75dad0,Datadog,Senior Talent Planning Analyst,"Boston, Massachusetts, USA; New York, New York, USA",unstated,ai_product,mba_unknown,https://careers.datadoghq.com/detail/8204629/?gh_jid=8204629,open
e2e7186f85073a28641f689c09ef46afec86d9ac20a3ca3190719684c4f1d036,Datadog,Senior Sales Engineer - FED,"District of Columbia, USA, Remote; Maryland, USA, Remote; Virginia, USA, Remote",unstated,ai_product,mba_unknown,https://careers.datadoghq.com/detail/8144628/?gh_jid=8144628,open
e1c60bcd869a980ec09ff6d083856af46be61f36b9eaba11ffd7745aa3e5388b,Datadog,Senior Software Engineer - Bazel Tools,"Atlanta, Georgia, USA; Boston, Massachusetts, USA; New York, New York, USA",unstated,ai_product,mba_unknown,https://careers.datadoghq.com/detail/8095166/?gh_jid=8095166,open
de2b968c91760aaa9b7fb84700495ba582a8154cbabf43d789f3b8e81b875ab3,Datadog,"Director, Security Channels (North America)","Colorado, USA, Remote; Illinois, USA, Remote; New York, New York, USA; New York, USA, Remote; San Francisco, California, USA; Texas, USA, Remote",unstated,ai_product,mba_unknown,https://careers.datadoghq.com/detail/7984985/?gh_jid=7984985,open
ddfef6c748230ce757916dacf3b7cfa8e86f4fe54adb86edd178d78ec9e58077,Datadog,Customer Success Associate (Portuguese Speaking),"Boston, Massachusetts, USA",unstated,ai_product,mba_unknown,https://careers.datadoghq.com/detail/8186363/?gh_jid=8186363,open
dda40686f458366bc40ea8bfd939a829b09598e5b09934fba26822174ff026ef,Datadog,Senior Product Manager - Business Analysis ,"New York, New York, USA",unstated,ai_product,mba_unknown,https://careers.datadoghq.com/detail/8119973/?gh_jid=8119973,open
d92ba50e98c52cfd316ecd66688a09c0ba8d207dedf41f0821deb5251d058c95,Datadog,"Manager I, Engineering - Coordination Systems Storage","New York, New York, USA",unstated,ai_product,mba_unknown,https://careers.datadoghq.com/detail/8179766/?gh_jid=8179766,open
d72d7c6f24b877e567c023ff34891bcb6fcc9b4ab006cae7f8865f732511c69c,Datadog,Services Architect 3 - Denver,"Denver, Colorado, USA",unstated,ai_product,mba_unknown,https://careers.datadoghq.com/detail/7807783/?gh_jid=7807783,open
d2fe244f1701b98372b5c71ccc73e8279d0cf7356e0b3e3c83976f61f0b4fc93,Datadog,"Senior Security Engineer, Vulnerability Management","Boston, Massachusetts, USA; New York, New York, USA",unstated,ai_product,mba_unknown,https://careers.datadoghq.com/detail/8173840/?gh_jid=8173840,open
d2157c2890ea693f7a9e69447cd1511469219398d1948534b83693df4692da1b,Datadog,"Product Strategy and Corporate Development Lead, AI","New York, New York, USA",unstated,ai_product,mba_unknown,https://careers.datadoghq.com/detail/8011158/?gh_jid=8011158,open
d1a04d19bb592ac387d88a9482dee5ca650e94b8f25e3201b2c57696aa18696e,Datadog,"Manager, Customer Success - Boston","Boston, Massachusetts, USA",unstated,ai_product,mba_unknown,https://careers.datadoghq.com/detail/8146986/?gh_jid=8146986,open
ce1d76329d9b58f407005b612f65486e2979c13a61beda280625137aeb334cd2,Datadog,Strategic Account Executive (SLED),"Texas, USA, Remote",unstated,ai_product,mba_unknown,https://careers.datadoghq.com/detail/7453034/?gh_jid=7453034,open
cd8f911f0c529f7d54c6686ebd2410cc5884b47291c6d660f2791005f906156e,Datadog,Commercial Sales Engineer (AMER - West),"Denver, Colorado, USA",unstated,ai_product,mba_unknown,https://careers.datadoghq.com/detail/7683226/?gh_jid=7683226,open
cac6d93d1f15a4ddfcd96c25aad438494dc9c100c22ead7a02dcec9988d60fca,Datadog,Strategic Account Executive,"District of Columbia, USA, Remote; Maryland, USA, Remote; Virginia, USA, Remote",unstated,ai_product,mba_unknown,https://careers.datadoghq.com/detail/7057036/?gh_jid=7057036,open
c9cb244f36252f67e113b3f005823618553c8cd63e8069e7568315e4bff1ebfb,Datadog,Senior Software Engineer - Streaming Platform Client,"New York, New York, USA",unstated,ai_product,mba_unknown,https://careers.datadoghq.com/detail/8035492/?gh_jid=8035492,open
c9b59772f2f3f90c7931e9d29447325b859ee49b0c460e05eb1f949876bdc3ae,Datadog,Commercial Sales Engineer - Boston,"Boston, Massachusetts, USA",unstated,ai_product,mba_unknown,https://careers.datadoghq.com/detail/7452669/?gh_jid=7452669,open
c752db5f8c71a7063b25d0705f90045f547f4e2c47d3a55acfc4d8545a5354b3,Datadog,"Distinguished Architect, AI","New York, New York, USA; San Francisco, California, USA",unstated,ai_product,mba_unknown,https://careers.datadoghq.com/detail/7966795/?gh_jid=7966795,open
c58380f3c3e446b0024850da151bd4722ea9817f13e978d1e906250d0a05a566,Datadog,"Technical Support Engineer 2, Premier - NYC (Japanese Speaking)","New York, New York, USA",unstated,ai_product,mba_unknown,https://careers.datadoghq.com/detail/8109441/?gh_jid=8109441,open
c4fb767708b230f11a3fe32009cd931162729507f47284532b83a88c0301d244,Datadog,"Manager, Business Recruiting - Enterprise Sales","New York, New York, USA",unstated,ai_product,mba_unknown,https://careers.datadoghq.com/detail/8223858/?gh_jid=8223858,open
c3a287260455a26598c807bc3aacbc067f7015954466bf78c14e06e075106840,Datadog,"Senior Enablement Program Manager, Sales Engineering","New York, New York, USA",unstated,ai_product,mba_unknown,https://careers.datadoghq.com/detail/8148092/?gh_jid=8148092,open
c11f256e85b0408223a2185702439a94f102035bab410e2c4eb71dc52f064ecb,Datadog,Sales Development Representative (LATAM - Spanish Speaking),"Boston, Massachusetts, USA",unstated,ai_product,mba_unknown,https://careers.datadoghq.com/detail/7003239/?gh_jid=7003239,open
c0853eae536d5d0718e03d855c557664c5b61df32720cfbfa9c49bd4d2c9cd6c,Datadog,Strategic Account Executive (FED),"District of Columbia, USA, Remote; Maryland, USA, Remote; Virginia, USA, Remote",unstated,ai_product,mba_unknown,https://careers.datadoghq.com/detail/8021535/?gh_jid=8021535,open
c00758bc113892336cf4309eb8074d06dad5338d1d63b28640166c70b4ca7347,Datadog,Staff Software Engineer - Frontend,"New York, New York, USA",unstated,ai_product,mba_unknown,https://careers.datadoghq.com/detail/8202699/?gh_jid=8202699,open
be839a6833d8718d89c5386d5964075aa3cd3294857d337beb7aa596214bfc0d,Datadog,Technical Escalations Engineer 2 (Revenue and Cost Management) - US-East,"Boston, Massachusetts, USA; New York, New York, USA",unstated,ai_product,mba_unknown,https://careers.datadoghq.com/detail/8154643/?gh_jid=8154643,open
be16560331d7d63e29bd4a0c3ea1027605799e1a69e70d751405f10dc5d23691,Datadog,Strategic Account Executive,"Washington, USA, Remote",unstated,ai_product,mba_unknown,https://careers.datadoghq.com/detail/7131495/?gh_jid=7131495,open
bbf16aac18dbade17bd3beb245becb8fba0344439f07b6065cf93e62191fe141,Datadog,Customer Success Manager - Denver,"Denver, Colorado, USA",unstated,ai_product,mba_unknown,https://careers.datadoghq.com/detail/7232590/?gh_jid=7232590,open
ba88ca297bd92e0996cf4f7f1e47eb311013e11e90d0ede9119a05b800b8700d,Datadog,Strategic Account Executive,"Minnesota, USA, Remote",unstated,ai_product,mba_unknown,https://careers.datadoghq.com/detail/6522747/?gh_jid=6522747,open
b96fe281b2d2fc5b57f1c94010c069d3f844a0496f8703b392e2d88799e55594,Datadog,Senior Design Manager - Design Systems,"New York, New York, USA",unstated,ai_product,mba_unknown,https://careers.datadoghq.com/detail/8223855/?gh_jid=8223855,open
b89f95c2b31b03a3e8611047d1d960ad3d166875c8722f5d923ce9bba281c6dc,Datadog,Mid Market Account Executive,"New York, New York, USA",unstated,ai_product,mba_unknown,https://careers.datadoghq.com/detail/6665385/?gh_jid=6665385,open
b86b85ba5d8ea902a300b049ba37c743c8f8ab783e585cf94ef682107ba0bad0,Datadog,Partner Solutions Architect (GSI) - AMER East,"Boston, Massachusetts, USA; New York, New York, USA",unstated,ai_product,mba_unknown,https://careers.datadoghq.com/detail/8003977/?gh_jid=8003977,open
b7e023c118b3405bf880c14c6d2971023028748f70b0eeda75969f6d6f9a7bbb,Datadog,Staff Applied Scientist - Dashboards,"New York, New York, USA",unstated,ai_product,mba_unknown,https://careers.datadoghq.com/detail/7984962/?gh_jid=7984962,open
b6729cdc9dc3b68872dba0d5e6ce5201245dd0a53a68504fb2b8ffb23e19cab9,Datadog,Enterprise Customer Success Manager - Chicago,"Chicago, Illinois, USA",unstated,ai_product,mba_unknown,https://careers.datadoghq.com/detail/8052114/?gh_jid=8052114,open
b542903fa57a2ecd1aa7cf24bb1f28ea5b9b2b44e03144d39458ff90d6fea851,Datadog,Senior Accounts Receivable Analyst,"New York, New York, USA",unstated,other_mba_tech,mba_unknown,https://careers.datadoghq.com/detail/8143849/?gh_jid=8143849,open
b4c6be92032bd08f332a64762af89b9fc0b08731be24a8563dca1792a81dc76c,Datadog,Sales Development Representative (LATAM - Portuguese Speaking),"Denver, Colorado, USA",unstated,ai_product,mba_unknown,https://careers.datadoghq.com/detail/6685931/?gh_jid=6685931,open
b3157916519a2af036cae28f9c631c7e62dda44d6eb5f7b570d0c3dddda01149,Datadog,Senior Product Manager - Journey Monitoring,"New York, New York, USA",unstated,ai_product,mba_unknown,https://careers.datadoghq.com/detail/8115033/?gh_jid=8115033,open
b27a6ba8d92ad144fdaaa502cf9de32612c375a4639941eaa74e07f51f55db82,Datadog,"Engineering Manager I, Commercial Audit","New York, New York, USA",unstated,ai_product,mba_unknown,https://careers.datadoghq.com/detail/8098939/?gh_jid=8098939,open
b111a7393c20145d54f14f9d879f1fc99058ad2c5339c17f9f40c659878134f0,Datadog,Curriculum Manager,"New York, New York, USA",unstated,other_mba_tech,mba_unknown,https://careers.datadoghq.com/detail/8164133/?gh_jid=8164133,open
ae81936db39c939011c35065386612952cd379e9c0478a95c6791c4f8724dfeb,Datadog,"Manager, Strategic Sourcing, AI Infrastructure & Services","New York, New York, USA",unstated,other_mba_tech,mba_unknown,https://careers.datadoghq.com/detail/8024670/?gh_jid=8024670,open
adbd86bc88120d59cdd6b9160af1bee69570a3f7ba64281cb2014e25ba2c4c20,Datadog,People Business Partner,"New York, New York, USA",unstated,ai_product,mba_unknown,https://careers.datadoghq.com/detail/8234190/?gh_jid=8234190,open
ac59998689ef15dd551038467cca06a711bf98d9675f16eeac43c7c2f26835d8,Datadog,"Manager, Commercial Sales - LATAM (Portuguese Speaking) - Boston","Boston, Massachusetts, USA",unstated,ai_product,mba_unknown,https://careers.datadoghq.com/detail/8191005/?gh_jid=8191005,open
ab008e87dbc9f9835a096a8fbdbd8846670bf1bdc79a8b9248603a4df43b5f9b,Datadog,GTM Strategy/Operations Associate - New York,"New York, New York, USA",unstated,other_mba_tech,mba_unknown,https://careers.datadoghq.com/detail/8179647/?gh_jid=8179647,open
a90c13eedaa057f2f896dfe6745f1c55422c9770de1ce56a43ec508e5946cd81,Datadog,Senior Deal Desk Analyst,"San Francisco, California, USA",unstated,ai_product,mba_unknown,https://careers.datadoghq.com/detail/8197674/?gh_jid=8197674,open
a7119d4abe20997db9a6acc86f8372ba056a5c31af9ed76588702ba925a737db,Datadog,Enterprise Sales Executive,"New York, New York, USA",unstated,ai_product,mba_unknown,https://careers.datadoghq.com/detail/7405831/?gh_jid=7405831,open
a6db3de3981a2a8b711f9c563e5f96930d856ce727a8253a2808711b22b04017,Datadog,Senior ABM Marketing Manager,"Boston, Massachusetts, USA",unstated,ai_product,mba_unknown,https://careers.datadoghq.com/detail/8130003/?gh_jid=8130003,open
a3105de01b96431b4336c0a1ee2d376531ebb508dd2df9ce581c8af1517228af,Datadog,Head of Global Executive Support,"New York, New York, USA",unstated,ai_product,mba_unknown,https://careers.datadoghq.com/detail/8137139/?gh_jid=8137139,open
a09bc5d5281b9870b635f3d2f45a06e72c531f4d1b760102a0781efe80f6cf37,Datadog,"Senior Manager, Product Solutions Architecture","Boston, Massachusetts, USA; Denver, Colorado, USA; New York, New York, USA; San Francisco, California, USA",unstated,ai_product,mba_unknown,https://careers.datadoghq.com/detail/7960450/?gh_jid=7960450,open
9e2015042484a04b3771574a72090930a5a6c32619fcca8e9c702e50941b7fe7,Datadog,Senior Technical Program Manager,"New York, New York, USA",unstated,ai_product,mba_unknown,https://careers.datadoghq.com/detail/8141670/?gh_jid=8141670,open
9b1aaaa0189c217d200e38178709876b5eaf8f4762e14dea27ee146e2df6ef0d,Datadog,Technical Account Manager - East,"Boston, Massachusetts, USA; New York, New York, USA",unstated,ai_product,mba_unknown,https://careers.datadoghq.com/detail/8046392/?gh_jid=8046392,open
9b07c6eef24b37c0b83a6cb91003214256bd8a906aa9a9363bd7cf61085672d1,Datadog,Senior Developer Advocate - Modern App Development,"California, USA, Remote; Nevada, USA, Remote; Texas, USA, Remote; Washington, USA, Remote",unstated,ai_product,mba_unknown,https://careers.datadoghq.com/detail/7985840/?gh_jid=7985840,open
954d578b62e5b579225b035f3888c1c3bcbc3756e2f205c5ec5457a9c90eeb93,Datadog,"Staff Product Designer, APM","New York, New York, USA",unstated,ai_product,mba_unknown,https://careers.datadoghq.com/detail/7989348/?gh_jid=7989348,open
95489a50507bfa92f290059af2a2f7edaf520118853f65a39ddde6effde9c164,Datadog,Senior Platform Security Engineer,"New York, New York, USA",unstated,ai_product,mba_unknown,https://careers.datadoghq.com/detail/7815616/?gh_jid=7815616,open
93e68f4868cd9ce4ccf85bb01e35ecf61dfe661e81534de82d5b28c48e66f5f6,Datadog,Staff GenAI Engineer - Application Performance Monitoring (APM),"New York, New York, USA",unstated,ai_product,mba_unknown,https://careers.datadoghq.com/detail/7974511/?gh_jid=7974511,open
937e01d86fc888a0d81e80ad3a20ebdd6edacfa3955ca52734f5de4f11cecbc0,Datadog,Developer Advocate - Service Management,"California, USA, Remote; New York, USA, Remote",unstated,ai_product,mba_unknown,https://careers.datadoghq.com/detail/8139662/?gh_jid=8139662,open
93520c3e11ff5d2c8ce34dd9bb41eb0b09bdd6ac46ee9fdfa26bf193b1d6854f,Datadog,Staff Software Engineer - Corporate Development,"San Francisco, California, USA",unstated,ai_product,mba_unknown,https://careers.datadoghq.com/detail/8094106/?gh_jid=8094106,open
90d3b916ab2142c897ead54f73dbe23a59d8f4ff9e9a1ca9b3f354a6bf3528c7,Datadog,"Director, Enterprise Sales Engineering - US Central","Illinois, USA, Remote; Michigan, USA, Remote; Texas, USA, Remote",unstated,ai_product,mba_unknown,https://careers.datadoghq.com/detail/8136510/?gh_jid=8136510,open
906f5508857309cbc308d9acda5c3256b6257bb6d09a3b578123d52497d85751,Datadog,GTM Strategy and Operations Associate,"New York, New York, USA",unstated,other_mba_tech,mba_unknown,https://careers.datadoghq.com/detail/7843331/?gh_jid=7843331,open
8eb064cd95296f50089e783c4de535bae48cb18a7b9df22e9646e60ba0884f36,Datadog,Principal CRO and Web Analyst,"New York, New York, USA",unstated,ai_product,mba_unknown,https://careers.datadoghq.com/detail/8139161/?gh_jid=8139161,open
8c5e2294726e7ee67b94657958ea27a8082016ba9aca52f3741376933acbbc11,Datadog,Principal Partner Manager - Channels (GSI),"Boston, Massachusetts, USA; Denver, Colorado, USA; New York, New York, USA; San Francisco, California, USA",unstated,other_mba_tech,mba_unknown,https://careers.datadoghq.com/detail/7582679/?gh_jid=7582679,open
8bdcbf210d74fef08e7de23de2daa4dca1234bacc760d402668573048f14a1a5,Datadog,Staff Engineer - Cloud Networks,"Boston, Massachusetts, USA; Denver, Colorado, USA; New York, New York, USA",unstated,other_mba_tech,mba_unknown,https://careers.datadoghq.com/detail/8128450/?gh_jid=8128450,open
8ac0c53ff98875d590ad733545375ea74a6e5b55830dbaaff577e8a3a827ff71,Datadog,Indirect Tax Manager,"New York, New York, USA",unstated,ai_product,mba_unknown,https://careers.datadoghq.com/detail/8091967/?gh_jid=8091967,open
875316780028115d15c632f9079221755fdb37241a8478f2a49d2b9beeeda74a,Datadog,Sales Revenue Analyst - NYC,"New York, New York, USA",unstated,ai_product,mba_unknown,https://careers.datadoghq.com/detail/8132294/?gh_jid=8132294,open
86f42b9ba493c53976b5b122ee41fbf26f2f7215584c736322b0ec8104078fd2,Datadog,"Corporate Communications Senior Manager, Executive Communications Programs","New York, New York, USA",unstated,other_mba_tech,mba_unknown,https://careers.datadoghq.com/detail/8144783/?gh_jid=8144783,open
8602cbf52356db994d4bbe04c3e6d5ef210ac9631b9903d09cec2d3391f2d733,Datadog,Staff Applied Scientist - Agentic Interfaces,"New York, New York, USA",unstated,ai_product,mba_unknown,https://careers.datadoghq.com/detail/7964141/?gh_jid=7964141,open
850b11e4d2c6c4040d5a572a0810a83db1f37597a382dde3572add9cd1bd59dd,Datadog,"Manager I, Engineering - Code Intelligence","New York, New York, USA",unstated,ai_product,mba_unknown,https://careers.datadoghq.com/detail/8213715/?gh_jid=8213715,open
83aa393b8c8cb9f7ee7e199fbf39151f6ba58947d6a4723909aa9261b4f13e94,Datadog,Senior Sales Engineer - Majors (East),"New York, USA, Remote",unstated,ai_product,mba_unknown,https://careers.datadoghq.com/detail/7917340/?gh_jid=7917340,open
7fbbc932a4075b8f5095a87b608bfa5c0fb911c7b27bf398b61efcacde26144b,Datadog,Senior Software Engineer - Streaming Platform ,"New York, New York, USA",unstated,ai_product,mba_unknown,https://careers.datadoghq.com/detail/7993551/?gh_jid=7993551,open
7f12a357571391b739bf9a749a94b30e81a113d0e177d7fd090f053ce2738397,Datadog,Customer Success Associate (Spanish Speaking),"Boston, Massachusetts, USA",unstated,ai_product,mba_unknown,https://careers.datadoghq.com/detail/8186361/?gh_jid=8186361,open
7eca8ebc870b1bd8cfe781dc7ab85c280bbf205985fca4012c5f21e2335264a6,Datadog,Senior Sales Engineer - Bay Area,"California, USA, Remote",unstated,ai_product,mba_unknown,https://careers.datadoghq.com/detail/8105684/?gh_jid=8105684,open
7e300f5f7573256d38ba1d859c2de44850b1ff9004caaf6ab5ad00ce51165a24,Datadog,"Manager I, Premier Support Engineering - Denver","Denver, Colorado, USA",unstated,ai_product,mba_unknown,https://careers.datadoghq.com/detail/8083563/?gh_jid=8083563,open
78497f1d878c0a3d8b2c0d80a681aef52c017850c7c8078ee056997982f8bf34,Datadog,Field Marketing Manager (North Central),"Chicago, Illinois, USA; San Francisco, California, USA",unstated,ai_product,mba_unknown,https://careers.datadoghq.com/detail/8122915/?gh_jid=8122915,open
77f900d4f5aa3eceb4ba56085972e20cc4b387e365a91053ddb1489ef1bec660,Datadog,Customer Success Manager - Boston,"Boston, Massachusetts, USA",unstated,ai_product,mba_unknown,https://careers.datadoghq.com/detail/7128703/?gh_jid=7128703,open
774c8350dae051263a2c7017810dffd7500ae7bcba3814e2cecd44c8e0b525e5,Datadog,Senior Software Engineer - CI/CD Security,"New York, New York, USA",unstated,ai_product,mba_unknown,https://careers.datadoghq.com/detail/8223819/?gh_jid=8223819,open
74eeb4b06400476449471c1bf0a5796b6bd24e4e284fba6c5a8dcfb8536ed295,Datadog,Technical Account Manager 2 - Boston,"Boston, Massachusetts, USA",unstated,ai_product,mba_unknown,https://careers.datadoghq.com/detail/8026835/?gh_jid=8026835,open
73458c9e2dfffa116d3be0fe3d1cbe9a4dc1fe30090f7e0a506a78055760946c,Datadog,Major Account Manager,"Boston, Massachusetts, USA; New York, New York, USA",unstated,ai_product,mba_unknown,https://careers.datadoghq.com/detail/7409198/?gh_jid=7409198,open
73209ffa2fcf5e39c8958201aec7c881bdf8773e01daf60ca52f26a2c1062b37,Datadog,Senior Financial Systems Analyst,"New York, New York, USA",unstated,other_mba_tech,mba_unknown,https://careers.datadoghq.com/detail/8002771/?gh_jid=8002771,open
6e22cd7588bb07b11d8a0e6bc211debb70f081c7174e13f9f49d4904b53efa5e,Datadog,Head of Competitive Intelligence,"New York, New York, USA; San Francisco, California, USA",unstated,ai_product,mba_unknown,https://careers.datadoghq.com/detail/8054420/?gh_jid=8054420,open
6d49e5d626f8c087d36ce79c0dcd47779fc48e0d5e36ab499b27c6257644363f,Datadog,Strategic Account Executive,"Texas, USA, Remote",unstated,ai_product,mba_unknown,https://careers.datadoghq.com/detail/7134079/?gh_jid=7134079,open
6d305dd7fb1bef4afed782e6079bd52c51fc52829c4f706d87d3f0667e949588,Datadog,Datadog for Startups - Forward Deployed Engineering Lead,"San Francisco, California, USA",unstated,ai_product,mba_unknown,https://careers.datadoghq.com/detail/8003181/?gh_jid=8003181,open
6d21e8df26e34ee2a49e1a0cdcb87d28a179dc9233875ced7895724b7ebca87b,Datadog,Senior Product Manager - Feature Flagging,"New York, New York, USA",unstated,ai_product,mba_unknown,https://careers.datadoghq.com/detail/8226275/?gh_jid=8226275,open
694156f45e43a9a491697cb93f9c4344718b12099a205e53495685b0810cb062,Datadog,"Manager I, Engineering - Cloud FinOps","New York, New York, USA",unstated,ai_product,mba_unknown,https://careers.datadoghq.com/detail/8173897/?gh_jid=8173897,open
66e20614fa0f022a627a9f1cc8190d5ef1c8d20b6e109ae5315d674adf9c083a,Datadog,"Senior Forward Deployed Engineer, Feature Flags","New York, New York, USA",unstated,ai_product,mba_unknown,https://careers.datadoghq.com/detail/8144946/?gh_jid=8144946,open
6521bdb24ac3b9f32db448cb05aedc1a86582612dbe80766e8f021d951746e35,Datadog,Legal Operations Analyst,"New York, New York, USA",unstated,ai_product,mba_unknown,https://careers.datadoghq.com/detail/8202086/?gh_jid=8202086,open
63fcefb2bb39ad4ee0bc1201a7da04513b8188cad71fc254a96da96a9f1c9d81,Datadog,"Manager I, Engineering - Data Visualization Explorations","New York, New York, USA",unstated,ai_product,mba_unknown,https://careers.datadoghq.com/detail/7947742/?gh_jid=7947742,open
60e06d22937f7ce28fc8dc5399edc83c2a6a1f4375b2262df918db4837088a5f,Datadog,Mid-Market Account Executive - Boston,"Boston, Massachusetts, USA",unstated,ai_product,mba_unknown,https://careers.datadoghq.com/detail/6798820/?gh_jid=6798820,open
5edefce0373f78a8d74b0dae26953daa5293add57f30d1a08ac31236bd4ef2a1,Datadog,Product Management Intern,"New York, New York, USA",unstated,ai_product,mba_unknown,https://careers.datadoghq.com/detail/8108241/?gh_jid=8108241,open
5dfee0d0547713cf2fe810dad330aaec322db9b04d44deb1ded50e32002986a3,Datadog,Enterprise Sales Executive,"Georgia, USA, Remote",unstated,ai_product,mba_unknown,https://careers.datadoghq.com/detail/7405822/?gh_jid=7405822,open
5d2f900492566b9243733c08d33f721858cd2cfa8b858002a1e2b1532f4b1428,Datadog,Senior Sales Engineer - Majors (West),"California, USA, Remote",unstated,ai_product,mba_unknown,https://careers.datadoghq.com/detail/8126596/?gh_jid=8126596,open
5c3ca2de2367de3c8a59262fb402aba5084b863b697f17d326d8f887cb71ba45,Datadog,"Director, GTM Enablement Operations","New York, New York, USA",unstated,ai_product,mba_required,https://careers.datadoghq.com/detail/8137579/?gh_jid=8137579,open
5b61f839dc4011ad185bd72897f0a41b3914d1c01429457fb039e2514848e0db,Datadog,Sales Development Representative - Denver,"Denver, Colorado, USA",unstated,ai_product,mba_unknown,https://careers.datadoghq.com/detail/7137624/?gh_jid=7137624,open
5769be6f130de8c8e530eaababd89924db3d55e957fb4342a068d945f4be4985,Datadog,"Manager, Mid Market Sales","Denver, Colorado, USA",unstated,ai_product,mba_unknown,https://careers.datadoghq.com/detail/8191288/?gh_jid=8191288,open
5617895ac77c674d21f0d858a5cf71c0fc3c71e67d1e8877a3a9ce288ddb434b,Datadog,"Senior Staff Product Designer, Design Lab","New York, New York, USA",unstated,ai_product,mba_unknown,https://careers.datadoghq.com/detail/8100001/?gh_jid=8100001,open
548d84e775b42525d0433c319fdcf0b106d27111b05effd5f6b41469cb6d5714,Datadog,Senior Security Sales Engineer,"California, USA, Remote; Colorado, USA, Remote; Washington, USA, Remote",unstated,ai_product,mba_unknown,https://careers.datadoghq.com/detail/8141243/?gh_jid=8141243,open
53da015c4eea2f981a91056dc6ebad5eb127efa176496d2dcf1a0e4ce94541b5,Datadog,"Manager, Customer Success (Spanish Speaking)","Boston, Massachusetts, USA",unstated,ai_product,mba_unknown,https://careers.datadoghq.com/detail/8186274/?gh_jid=8186274,open
508cb4321f6f113f8fb660b99d459a704f2322e43687736acfbaf66289f21161,Datadog,Commercial Account Executive - LATAM (Spanish Speaking) - Boston,"Boston, Massachusetts, USA",unstated,ai_product,mba_unknown,https://careers.datadoghq.com/detail/7329207/?gh_jid=7329207,open
4fc4d3c83f2c7677e59837878ec50fbcde5ec12c06e5486b8eae8103eb4df89d,Datadog,Senior Product Manager - Fleet and Lifecycle Management,"Boston, Massachusetts, USA; New York, New York, USA",unstated,ai_product,mba_unknown,https://careers.datadoghq.com/detail/8077142/?gh_jid=8077142,open
4d6942aeee66afafb42c4d0bc1fc0576308c34f6fb306a40b114cb807d6ac530,Datadog,Web Content Engineering & AI Visibility Lead,"New York, New York, USA",unstated,ai_product,mba_unknown,https://careers.datadoghq.com/detail/8185652/?gh_jid=8185652,open
4d223f49b77bde857bfe357451e042ec47f3cfaf8cd608c15628f07c2c7d113d,Datadog,Senior Capture Manager,"District of Columbia, USA, Remote; Maryland, USA, Remote; New York, New York, USA; New York, USA, Remote; Virginia, USA, Remote",unstated,ai_product,mba_unknown,https://careers.datadoghq.com/detail/8113116/?gh_jid=8113116,open
4c35bb40869d770ab28b00b13ded294d3d260b2e2d3a509a0c46db9b1f84fc94,Datadog,"Senior Director, Product Management - Platforms","New York, New York, USA",unstated,ai_product,mba_unknown,https://careers.datadoghq.com/detail/7583609/?gh_jid=7583609,open
4937a56b7cf730fae693d5465a61de8988fb738ad7f81ee78f7f3fa20e3a88fc,Datadog,Senior Product Manager - Network Path,"New York, New York, USA",unstated,ai_product,mba_unknown,https://careers.datadoghq.com/detail/7763117/?gh_jid=7763117,open
4883b299f7c0cff7e548c806af8d3215e8332d5e4dea9c43390f28f57f7df375,Datadog,Senior Security Sales Engineer,"Florida, USA, Remote; Georgia, USA, Remote; Massachusetts, USA, Remote; New York, USA, Remote",unstated,ai_product,mba_unknown,https://careers.datadoghq.com/detail/8141240/?gh_jid=8141240,open
47f8ebf1e3106a6450fa9152a1b22c1c07b93c510de04cd401e6bef82d28e79c,Datadog,Senior Applied Scientist,"New York, New York, USA",unstated,ai_product,mba_unknown,https://careers.datadoghq.com/detail/8164181/?gh_jid=8164181,open
47ce109ce1048a7d111be5a805835296d74e1c675b4c9b0f7dd03ba80b6facf3,Datadog,"Director, Technical Program Management - Technical Solutions Operations","Boston, Massachusetts, USA; New York, New York, USA; San Francisco, California, USA",unstated,ai_product,mba_unknown,https://careers.datadoghq.com/detail/8010585/?gh_jid=8010585,open
47467b3832e10da10975d6dccb209188a92c93f7906ca322fd435e23a4c0b553,Datadog,Developer Engagement Lead,"New York, New York, USA",unstated,ai_product,mba_unknown,https://careers.datadoghq.com/detail/8103045/?gh_jid=8103045,open
45da6d36c0ca88a58882167202d8ab948f2862a2175dd54092886b6452694d92,Datadog,Sales Engineer 2 (Customer Success) - Denver,"Denver, Colorado, USA",unstated,ai_product,mba_unknown,https://careers.datadoghq.com/detail/8185903/?gh_jid=8185903,open
44736c5331b719f3f082159bbac354f19701d78961c9fc8b9be4643be48cbf3c,Datadog,"Director, Enterprise Sales Engineering - US East","Boston, Massachusetts, USA; New York, New York, USA",unstated,ai_product,mba_unknown,https://careers.datadoghq.com/detail/8136512/?gh_jid=8136512,open
4380a381ccab296cb3979d92228c12c60ab3e8770c28d7e39366e8969c6402a0,Datadog,Enterprise Sales Executive (SLED),"Illinois, USA, Remote; Michigan, USA, Remote; Texas, USA, Remote",unstated,ai_product,mba_unknown,https://careers.datadoghq.com/detail/7453039/?gh_jid=7453039,open
41130d06c71f024c6a3edf53fea323e0f53de33c05f90d37f9a8b902a48db318,Datadog,Key Accounts Executive,"Atlanta, Georgia, USA; Boston, Massachusetts, USA; New York, New York, USA",unstated,ai_product,mba_unknown,https://careers.datadoghq.com/detail/7409236/?gh_jid=7409236,open
3d102fa529b13d58c78557de6e7b4c87002531c01e25fe5b433d8b2d6494afa5,Datadog,Senior Business Systems Analyst,"New York, New York, USA",unstated,ai_product,mba_unknown,https://careers.datadoghq.com/detail/8231811/?gh_jid=8231811,open
3cc9ce04ab34b50991dbc126ee0819f9ecc6c7954a58c062b7825faeffc6bc73,Datadog,People Systems Developer,"Boston, Massachusetts, USA; Denver, Colorado, USA; New York, New York, USA",unstated,ai_product,mba_unknown,https://careers.datadoghq.com/detail/7874990/?gh_jid=7874990,open
38498b95d3f5690a24df6356e69f12b97bd023a669d372a638799e13365b06b6,Datadog,Commercial Account Executive,"Denver, Colorado, USA",unstated,ai_product,mba_unknown,https://careers.datadoghq.com/detail/1694375/?gh_jid=1694375,open
3844ae9dfda2418ff783c9491989c7cdb2e32f3b82be8c11ef27d58e3c567b00,Datadog,"Senior Corporate Development Lead, AI","San Francisco, California, USA",unstated,ai_product,mba_unknown,https://careers.datadoghq.com/detail/7555575/?gh_jid=7555575,open
3805263d0b8edb9c399c7aee0287f971b29303fd3e041f3cd3516822713cea97,Datadog,Strategic Account Executive,"North Carolina, USA, Remote; South Carolina, USA, Remote",unstated,ai_product,mba_unknown,https://careers.datadoghq.com/detail/7131363/?gh_jid=7131363,open
3612c5f06a7d1d345cb411c7bd748491bbc562346cc800525c73592fa253be3d,Datadog,"Senior Services Architect, Security-Cloud SIEM","Denver, Colorado, USA; New York, New York, USA; San Francisco, California, USA",unstated,ai_product,mba_unknown,https://careers.datadoghq.com/detail/7996907/?gh_jid=7996907,open
33f99bdf7c133170739e55f54a7451ae1008307c02e83d4c571dff8aac5e05a2,Datadog,Commercial Sales Engineer 2 (AMER - West),"Denver, Colorado, USA",unstated,ai_product,mba_unknown,https://careers.datadoghq.com/detail/8053714/?gh_jid=8053714,open
32e76ff073be99081744aad3435ba80abf3873f0f993e235d367dfd815a4283c,Datadog,Legal Operations Manager,"New York, New York, USA",unstated,ai_product,mba_unknown,https://careers.datadoghq.com/detail/8189660/?gh_jid=8189660,open
30ecbe702b1591025fd31f7470945d80538dbf221453eafb4c306b80d1e230a1,Datadog,"Senior Director, Product Marketing","New York, New York, USA; San Francisco, California, USA",unstated,ai_product,mba_unknown,https://careers.datadoghq.com/detail/8196718/?gh_jid=8196718,open
2ce80c665f3976dc98ac17cda1d0a4c8b2db35d6ce28e9cc223fb21cdabe446f,Datadog,Senior Product Manager - Bits Agent Builder,"New York, New York, USA",unstated,ai_product,mba_unknown,https://careers.datadoghq.com/detail/8092004/?gh_jid=8092004,open
2c5b76662434ec4f7219285903fda98982a871090cb0c47dc378f21d662b141c,Datadog,GTM Strategy/Operations Associate,"New York, New York, USA",unstated,ai_product,mba_unknown,https://careers.datadoghq.com/detail/8171303/?gh_jid=8171303,open
29807629fabd9c19fa3835a84de54c3dbddb7e0cbf3324588211507c419f56f3,Datadog,Enterprise Sales Executive (FED),"Washington, District of Columbia, USA",unstated,ai_product,mba_unknown,https://careers.datadoghq.com/detail/7426680/?gh_jid=7426680,open
28c71902ade2858bfd4d3c5031a3e395131ff773288504e23e96467ba963488b,Datadog,Strategic Account Executive,"Florida, USA, Remote",unstated,ai_product,mba_unknown,https://careers.datadoghq.com/detail/8157360/?gh_jid=8157360,open
28612f1377e1b418819878bd60ad0a32f2bb14ade4e09ec434bf5ca4a9c6f671,Datadog,HRIS Manager,"New York, New York, USA",unstated,ai_product,mba_unknown,https://careers.datadoghq.com/detail/8024708/?gh_jid=8024708,open
26bf4d4bc942fa7aeeac0c95ee86caac024c9826030a9b479f9391e2cdba4a15,Datadog,"Program Manager, AI and Developer Community Content and Events","San Francisco, California, USA",unstated,ai_product,mba_unknown,https://careers.datadoghq.com/detail/8094924/?gh_jid=8094924,open
269452c42204be1fb9157458fd772412a4f686fdc2d5dd514b7d5ea32455262e,Datadog,Enterprise Sales Executive,"Washington, District of Columbia, USA",unstated,ai_product,mba_unknown,https://careers.datadoghq.com/detail/7426707/?gh_jid=7426707,open
2566f20fa08c3056bb4f0321e2fbb116c55464fb5d055e3080b6fb4baa10cc0b,Datadog,"Field Enablement Manager, Sales Enablement","New York, New York, USA",unstated,ai_product,mba_unknown,https://careers.datadoghq.com/detail/8174361/?gh_jid=8174361,open
2410e372876852d15b8973ccc10351a48489ff5175b26777449892715642325b,Datadog,Senior Product Marketing Manager - Incident Response,"New York, New York, USA; San Francisco, California, USA",unstated,ai_product,mba_unknown,https://careers.datadoghq.com/detail/8121553/?gh_jid=8121553,open
228201a4a8176e8f327a32e7d75593d6732f1f4da4fa61f3d050447d2e90c53f,Datadog,Commercial Account Executive - LATAM (Portuguese Speaking),"Boston, Massachusetts, USA",unstated,ai_product,mba_unknown,https://careers.datadoghq.com/detail/8147489/?gh_jid=8147489,open
21010e0440de22b9957b38cf893ac96de2b28dd4137d6fea927146c5393fde8b,Datadog,Enterprise Sales Executive,"Boston, Massachusetts, USA",unstated,ai_product,mba_unknown,https://careers.datadoghq.com/detail/7410254/?gh_jid=7410254,open
203cc6d4ec59ba07b0a4457ecf6ef0bd41130efbe9867ebc9ace55e5fb39ed45,Datadog,Strategic Account Executive (SLED),"Boston, Massachusetts, USA; New York, New York, USA",unstated,ai_product,mba_unknown,https://careers.datadoghq.com/detail/7314667/?gh_jid=7314667,open
2029e6d173b9dcad59bffac7c9cc53dc4640082f7f1ed3b50bfa9d5057b00284,Datadog,Principal Partner Manager - Channels (GSI),"Florida, USA, Remote; Illinois, USA, Remote; New Jersey, USA, Remote; Texas, USA, Remote; Washington, USA, Remote",unstated,other_mba_tech,mba_unknown,https://careers.datadoghq.com/detail/7584250/?gh_jid=7584250,open
1ce9f205fd34c3557ea87f63adae4a7ce74806f24ca387a071d16ef84453f2ab,Datadog,"Product Manager II, AI & Data Security","Boston, Massachusetts, USA; New York, New York, USA",unstated,ai_product,mba_unknown,https://careers.datadoghq.com/detail/7982288/?gh_jid=7982288,open
1bba9453d605dbdadae83f6224d12d48ee41b8d525b0e7d58e5fe2d73f466ca4,Datadog,Deal Desk Analyst - US West,"Denver, Colorado, USA; San Francisco, California, USA",unstated,ai_product,mba_unknown,https://careers.datadoghq.com/detail/8003080/?gh_jid=8003080,open
1aaeb168d08e222ae020f8f9209100e19b3a93669465aa4775f9dc0d2373f8e1,Datadog,"Director, Enterprise Sales","Michigan, USA, Remote; Ohio, USA, Remote; Pennsylvania, USA, Remote",unstated,ai_product,mba_unknown,https://careers.datadoghq.com/detail/8195697/?gh_jid=8195697,open
19337a370bb97c1c64036e273d94d567eede5cbe71ee9f8cac381d136db313f8,Datadog,"Manager, Internal Product Analytics","New York, New York, USA",unstated,ai_product,mba_unknown,https://careers.datadoghq.com/detail/8128810/?gh_jid=8128810,open
16d4a45a7190d7747d42474e183e8814d42d61bb5014d77df2a830c1b62e8dda,Datadog,Lead Designer,"New York, New York, USA",unstated,ai_product,mba_unknown,https://careers.datadoghq.com/detail/8083862/?gh_jid=8083862,open
14bfd2f6b2d75fb5bd76774cc84d33b0db4d38d576f281d448e43f39c71bb684,Datadog,Mid Market Account Executive,"Denver, Colorado, USA",unstated,ai_product,mba_unknown,https://careers.datadoghq.com/detail/6163246/?gh_jid=6163246,open
13701eac2d943227fec802a48960ee927536523b8d7c7ffb749ea0706d346fa2,Datadog,Senior Product Marketing Manager,"New York, New York, USA",unstated,ai_product,mba_unknown,https://careers.datadoghq.com/detail/8113654/?gh_jid=8113654,open
10fa3f52327e7d3ea37c5295704d3e7b16dfcd43f41a77a105559919a313fd8c,Datadog,Enterprise Sales Executive (FED),"Maryland, USA, Remote; Virginia, USA, Remote",unstated,ai_product,mba_unknown,https://careers.datadoghq.com/detail/7421284/?gh_jid=7421284,open
102cf1443715297de8d58eb19eaa59b1952eda7a1860f30f0b6da091f17fb76a,Datadog,Senior Sales Engineer - Key Accounts,"Arizona, USA, Remote; California, USA, Remote; Nevada, USA, Remote; Oregon, USA, Remote; Washington, USA, Remote",unstated,ai_product,mba_unknown,https://careers.datadoghq.com/detail/7516279/?gh_jid=7516279,open
0c043049a90936bd38eee964cfa371ad0a8fe1537cc8e146aec9197ce20ae916,Datadog,Strategic Account Executive (SLED),"California, USA, Remote; Oregon, USA, Remote; Washington, USA, Remote",unstated,ai_product,mba_unknown,https://careers.datadoghq.com/detail/6430945/?gh_jid=6430945,open
0b780edcbbe99a6d2c424c6a76f6e4ee2013274ca7039fbfad157eebc3032dee,Datadog,Engineering Compensation Partner,"Boston, Massachusetts, USA; New York, New York, USA",unstated,ai_product,mba_unknown,https://careers.datadoghq.com/detail/8051616/?gh_jid=8051616,open
0a94104ea126e14f5227b2ee91c7ce9490a95693303ee2119f1673f1ac31aad8,Datadog,Senior Software Engineer ,"Boston, Massachusetts, USA; New York, New York, USA",unstated,ai_product,mba_unknown,https://careers.datadoghq.com/detail/3851935/?gh_jid=3851935,open
0a22a3aba684008f63af8032b3e4cf3b9ed18554a4959db0aed26139b40b5665,Datadog,FP&A Analyst,"New York, New York, USA",unstated,ai_product,mba_unknown,https://careers.datadoghq.com/detail/8204554/?gh_jid=8204554,open
06fe211957eab18403da451c9642d1b8d7621783a15922d5ef49d4cdcad286be,Datadog,Enterprise Sales Executive (SLED),"San Francisco, California, USA",unstated,ai_product,mba_unknown,https://careers.datadoghq.com/detail/7426752/?gh_jid=7426752,open
069df0eb4283f6606d483e07ae4078f73f33c1625e346ea094eb86a068c611f5,Datadog,Enterprise Sales Executive,"North Carolina, USA, Remote; Tennessee, USA, Remote",unstated,ai_product,mba_unknown,https://careers.datadoghq.com/detail/7465857/?gh_jid=7465857,open
04264db0b082a6491498ebe03368a1d12e2ec78d4c2fdb574ad711b9e2234618,Datadog,Senior Staff Software Engineer ,"New York, New York, USA",unstated,ai_product,mba_unknown,https://careers.datadoghq.com/detail/5608424/?gh_jid=5608424,open
035bf1280fc2082719bc5d21d6c860cd58882ef6b27080b9c513100f8a748be0,Datadog,Staff Application Security Engineer,"Boston, Massachusetts, USA; Connecticut, USA, Remote; Delaware, USA, Remote; District of Columbia, USA, Remote; Maryland, USA, Remote; Massachusetts, USA, Remote; New Jersey, USA, Remote; New York, New York, USA; New York, USA, Remote; Rhode Island, USA, Remote",unstated,ai_product,mba_unknown,https://careers.datadoghq.com/detail/7777798/?gh_jid=7777798,open
028716d4aeb95e6551d7b6e710c69312ed0c08a8f9e2ddca4080fd611596f6f5,Datadog,Technical Program Manager II,"New York, New York, USA",unstated,ai_product,mba_unknown,https://careers.datadoghq.com/detail/8144018/?gh_jid=8144018,open
01835c3ba1ebdff1cadf8d906b44f7879336a859c8b9f47be42c92a3e1563ca4,Datadog,Staff Software Engineer - Logs Observability Pipelines ,"New York, New York, USA",unstated,ai_product,mba_unknown,https://careers.datadoghq.com/detail/7743369/?gh_jid=7743369,open
008e4682d2e1c7c166c6a9dac1dc451d1e2d179a15b340ab3aaf8bd0337dc4a4,Datadog,Staff Software Engineer - Corporate Development,"New York, New York, USA",unstated,ai_product,mba_unknown,https://careers.datadoghq.com/detail/8105372/?gh_jid=8105372,open
0060e3f8d068472a4908a5c59af67da4bfd894ac6188e727f1e272257d10ea73,Datadog,Staff Software Engineer - ML Observability,"Boston, Massachusetts, USA; New York, New York, USA",unstated,ai_product,mba_unknown,https://careers.datadoghq.com/detail/7107437/?gh_jid=7107437,open
71ef7cb1d7e442ebb140b03707069922d9589c7784b9f2a55ee1fe70dcd4ad08,Coinbase,"Senior Software Engineer, Backend - Overseer (Platform)",Remote - USA,unstated,ai_product,mba_unknown,https://www.coinbase.com/careers/positions/8238630?gh_jid=8238630,open
14db4e356bd8e978705ce2c6a1cbbbc13ad63addcdc7729a414f7712551daa4b,Flexport,"Analyst, Transportation & Supply Chain Strategy","Atlanta, Georgia, United States; Bellevue, Washington, United States; Chicago, Illinois, United States; Dallas, Texas, United States; Los Angeles, California, United States; New York City, New York, United States",unstated,ai_product,mba_unknown,https://job-boards.greenhouse.io/flexport/jobs/8011615,open
8eacd1c1ce349824522a2993ce077ee4a48633dae9b7de56eb898ed3418bd4df,Stripe,University Recruiter (Fixed Term),"San Francisco, New York, Seattle, US-Remote",unstated,other_mba_tech,mba_unknown,https://stripe.com/jobs/search?gh_jid=8226211,open
fe6becebec75b31a4785bfa13c8e0cc38ca4b529e3ce9c8feb641b0f2ee169bb,Coinbase,"Manager, GRC",Remote - USA,unstated,other_mba_tech,mba_unknown,https://www.coinbase.com/careers/positions/8167666?gh_jid=8167666,open
a620398470fad02580f7bcdd7bdd57a51cfe94b436b891995f40dbb3c8eeaa35,Flexport,Global Aid Account Manager,"Bellevue, Washington, United States; New York City, New York, United States; San Francisco, California, United States",unstated,ai_product,mba_unknown,https://job-boards.greenhouse.io/flexport/jobs/8240063,open
29a193f9bf79e2e54e4b209ef458bef8c872c85bc1e540dffc3bf77cf0707e07,Flexport,Global Aid Account Manager,"Chicago, Illinois, United States; Los Angeles, California, United States",unstated,ai_product,mba_unknown,https://job-boards.greenhouse.io/flexport/jobs/8240062,open
132a6d0de9d9d8338da2cfdb61f624edb76b72c0d962dccde86bc39c58816c46,Flexport,Global Aid Account Manager,"Atlanta, Georgia, United States; Dallas, Texas, United States; Denver, Colorado, United States",unstated,ai_product,mba_unknown,https://job-boards.greenhouse.io/flexport/jobs/8160593,open
268fb47320d6f633680fb861067dab7aaa965aca4d947d6258d16e458e50224d,Affirm,Group Product Marketing Manager,Remote US,unstated,ai_product,mba_unknown,https://job-boards.greenhouse.io/affirm/jobs/8004995003,open
25978690a4c43a317a7f2c7a09a42984261b8ae5ab1031b5bc49e3b2eb98c07b,Stripe,"Security GRC Analyst/Program Manager, Bridge",New York ,unstated,other_mba_tech,mba_unknown,https://stripe.com/jobs/search?gh_jid=8237244,open
b29f7a43132b7ea20055c908fe934c5fed93efdbcaf533bb36b70f6667ba895f,Peloton,Technical Program Manager,"New York, New York",unstated,ai_product,mba_unknown,https://careers.onepeloton.com/en/all-jobs/?gh_jid=8227324,open
334b404060b4c0286978df2eb370579114323791041ca7ddf7f18d06f07c2a8a,Affirm,Operations Enablement Lead,Remote US,unstated,ai_product,mba_unknown,https://job-boards.greenhouse.io/affirm/jobs/7860703003,open
d1434ec81f3e0e2662b946101be17a7946fcf246781f9b9da409fd7e5f425f8b,StockX,Operations Specialist,"Douglasville, GA",unstated,other_mba_tech,mba_unknown,https://job-boards.greenhouse.io/stockx/jobs/8789885002,open
f36f1e7036a7d800e3b1e70e6b0b19ff661d94deb548bde46e1c197493468e9b,Okta,Sr. Customer Success Manager,"Boston, Massachusetts; Massachusetts; New Jersey; New York, New York",unstated,ai_product,mba_unknown,https://www.okta.com/company/careers/opportunity/8105932?gh_jid=8105932,open
c7e002eaeda383bd1e7df509b993c1917b39df0cd7bac0218fdb460adfe61f71,Lyft,"Counsel, Patents & IP","Nashville, TN",unstated,other_mba_tech,mba_unknown,https://app.careerpuck.com/job-board/lyft/job/8853037002?gh_jid=8853037002,open
071efd222675185cf33e6f74a2591677597c96609b81f4947e0dd70a21425624,Lyft,"Counsel, Patents & IP","New York, NY",unstated,ai_product,mba_unknown,https://app.careerpuck.com/job-board/lyft/job/8853034002?gh_jid=8853034002,open
8b5aa86eef2e836f229e5d3996968e90d239d481a551c463e39a2ee8e71a89b7,Lyft,"Counsel, Patents & IP","San Francisco, CA",unstated,ai_product,mba_unknown,https://app.careerpuck.com/job-board/lyft/job/8852957002?gh_jid=8852957002,open
05a108ea21d2fd27dc0a1d4d47314116371bb1e8aff670b99fbd9442c40d7739,Betterment,"Sr. Manager, Website Operations",Betterment HQ - New York City,unstated,ai_product,mba_unknown,https://www.betterment.com/careers/current-openings/job?gh_jid=8237836&gh_jid=8237836,open
273f5cbdc6c94dc3e0325b2ac7373d41d0eb62c2b7cefc40616b6d32b581ab91,Okta,"Technical Account Manager, Okta (West Coast)","Los Angeles, California; Oregon; Seattle, Washington",unstated,ai_product,mba_unknown,https://www.okta.com/company/careers/opportunity/8056235?gh_jid=8056235,open
97a98b2626c3a7c480d1ee4f3a28a6b026c30713cfe4826ce4ed748940358472,Okta,Technical Account Manager (Strategic Accounts),"Chicago, Illinois; Colorado; Texas",unstated,ai_product,mba_unknown,https://www.okta.com/company/careers/opportunity/8221687?gh_jid=8221687,open
32329e1032507a168a5962338499eecfa6506a9f68cde581671b266bc2156d6b,Figma,"Content Strategist, Product","San Francisco, CA • New York, NY • United States",unstated,ai_product,mba_unknown,https://boards.greenhouse.io/figma/jobs/6207950004?gh_jid=6207950004,open
1c05d15f2c6faa2e8208615e0ab4ff88d5ee740d2a9e29daf9e977067b2f8825,Databricks,Candidate Experience Admin (6-month contract) ,"Mountain View, California; San Francisco, California",unstated,other_mba_tech,mba_unknown,https://databricks.com/company/careers/open-positions/job?gh_jid=8854350002,open
331a8cd3da8314fa71070a42db29d1170b20c010cc564dc26dcd01685083e7c7,Coinbase,"Manager, Strategic Programs",Remote - USA,unstated,ai_product,mba_unknown,https://www.coinbase.com/careers/positions/8232211?gh_jid=8232211,open
2e21dc76dc27b6035e935a1872c81c9954236877806419803313225e4db30cc6,Faire,"Staff Product Manager, Search Ranking","New York City, NY; San Francisco, CA",unstated,ai_product,mba_unknown,https://boards.greenhouse.io/faire/jobs/8829614002?gh_jid=8829614002,open
9198aaaaa9c38cc72ab1c560e6f495d347c2eb99d5731dd40820bdc97ba94ada,Brex,"Staff Software Engineer, Acquisition","New York, New York, United States",unstated,ai_product,mba_unknown,https://www.brex.com/careers/8854182002?gh_jid=8854182002,open
f7c65cc40de19a4f2b4bbb3288eabbfe0318d47e0b118fbfc5544fb09c9a05ca,Brex,"Staff Software Engineer, Acquisition","Seattle, Washington, United States",unstated,ai_product,mba_unknown,https://www.brex.com/careers/8854165002?gh_jid=8854165002,open
4fe5d8dbcb1b2ce53f584c43dc6ba918ca68c6313a5cf2f9260790a38a6601eb,Brex,"Staff Software Engineer, Acquisition","San Francisco, California, United States",unstated,ai_product,mba_unknown,https://www.brex.com/careers/8829325002?gh_jid=8829325002,open
9287ba3f04724d0cbae29e2109e7a599c7c4a955f0ea3bf2f7a8b6d7b3c7c9b6,Coinbase,Capacity Planning Lead,Remote - USA,unstated,other_mba_tech,mba_unknown,https://www.coinbase.com/careers/positions/8238573?gh_jid=8238573,open
b2c07c463af5ef212760fa655d4c015189f2970057874907c6df94b0b41ec7a7,Stripe,Internal Audit Data Analytics Lead,"Toronto, New York, San Francisco, Atlanta, Seattle ",unstated,other_mba_tech,mba_unknown,https://stripe.com/jobs/search?gh_jid=8026689,open
4e7847663ba38336b3583284052b60d8c85460bc03de87d8ec2782db38f477b3,Lyft,Business Systems Engineer,U.S. Anywhere,unstated,other_mba_tech,mba_unknown,https://app.careerpuck.com/job-board/lyft/job/8772602002?gh_jid=8772602002,open
03624bec02e3535df2016c73488ac68a65820ba837d0ae4d0167203aaa832ea7,Robinhood,Brokerage Communications Specialist,"Chicago, IL; Denver, CO; Lake Mary, FL; New York, NY",unstated,ai_product,mba_unknown,https://boards.greenhouse.io/robinhood/jobs/8174853?t=gh_src=&gh_jid=8174853,open
dec6de8209ad49425dbb4569e112f1f2f689bc63b362876a3b458b30a503c92f,Stripe,"Account Executive, Product - Issuing & Treasury (Hunter)","US-San Francisco, US-New York, US-Remote",unstated,ai_product,mba_unknown,https://stripe.com/jobs/search?gh_jid=8238098,open
00625578a5bfd631a72fce40bbbe19cfd72cdf3e776be693e1945e70464e4a9b,Stripe,"Account Executive, Product - Issuing & Treasury (Grower)","US-San Francisco, US- New York, US-Remote",unstated,ai_product,mba_unknown,https://stripe.com/jobs/search?gh_jid=8190044,open
f2d93d1ff9c54fb9cf3817c7cb7241b1d67fac027d004c9c07d1330971f30be5,Brex,Banking Relationship Manager,"San Francisco, California, United States",unstated,ai_product,mba_unknown,https://www.brex.com/careers/8853828002?gh_jid=8853828002,open
07afbef7df080f7b1908b23fe3b4d495f73eede8b445d576eedb4d090044200c,Okta,"Staff Product Analyst, Finance Technologies (Order to Cash)","San Francisco, California",unstated,ai_product,mba_unknown,https://www.okta.com/company/careers/opportunity/7917957?gh_jid=7917957,open
5c2d12c89b34cd8e3aff1182a4b2b799f085a3992b64cfaa4cda17ec942a0e59,Okta,"Staff Product Analyst, Finance Technologies (Source to Pay)","Bellevue, Washington; Chicago, Illinois; New York, New York; Washington, DC",unstated,ai_product,mba_unknown,https://www.okta.com/company/careers/opportunity/8213700?gh_jid=8213700,open
03de0b47a89873c68518b3ee4130a46cd7358b229508116be1de0b04ba02b5df,Coinbase,"Group Product Manager, Compliance Automation",Remote - USA,unstated,ai_product,mba_unknown,https://www.coinbase.com/careers/positions/7701642?gh_jid=7701642,open
c6e6c42dc4a9187ff63ac7d9addb57c309edce12b759248539b98c4f68067c75,Coinbase,"Group Product Manager, Core Infrastructure & Reliability",Remote - USA,unstated,ai_product,mba_unknown,https://www.coinbase.com/careers/positions/7997785?gh_jid=7997785,open
51d29ef327e7ca6fa808cea0c0909dff43cd7fabcdd1284bdc7507216b95e950,Coinbase,"Group Product Manager, Developer Infrastructure",Remote - USA,unstated,ai_product,mba_unknown,https://www.coinbase.com/careers/positions/8017607?gh_jid=8017607,open
9aa63d09fe51f24382130a79f0a2d4c0f9d3a4c972565544162e9fa8fcdb892e,Okta,"Area Sales Director, Enterprise (Auth0)",Florida; Georgia; North Carolina; Tennessee,unstated,ai_product,mba_unknown,https://www.okta.com/company/careers/opportunity/8237969?gh_jid=8237969,open
4a9634239e416773d9b7c66feb8f2216c13a6e3871e17729506a6b773af1d234,Stripe,"Sales Strategy and Operations, Mergers and Acquisitions","South San Francisco, CA",unstated,product_marketing,mba_unknown,https://stripe.com/jobs/search?gh_jid=8212667,open
29e39379b081147968023a822da872bbface632182c1bc9756baaee3f79efd87,StockX,Social Media Coordinator,"Detroit, MI",unstated,ai_product,mba_unknown,https://job-boards.greenhouse.io/stockx/jobs/8852991002,open
aed7a2560d62bcb9d1d4ea42a6b0f1b23a90162e62b1d776fa41d4ff07e4e991,Affirm,"Manager, Software Engineering (Marketplace Performance)",Remote US,unstated,product,mba_unknown,https://job-boards.greenhouse.io/affirm/jobs/7999870003,open
f7b1d179b5208f8059dfd391a193ecafc0b1e0b6e2505b1b2351c4f8ee798ef4,Braze,Technical Writer,New York City,unstated,ai_product,mba_unknown,https://job-boards.greenhouse.io/braze/jobs/8227784,open
fa81e6ab6fba485adc019cec158bf568442dde023d8663286275f35f6bc101ed,Coinbase,"Legal Operations Manager, Vendor & Spend Management",Remote - USA,unstated,other_mba_tech,mba_unknown,https://www.coinbase.com/careers/positions/8129321?gh_jid=8129321,open
cd4abb96ae72984d25db9babc524a9b7af0e3a78aa2250a0fa4ad102a3669e36,Okta,"Staff Software Engineer, MacOS","San Francisco, California",unstated,ai_product,mba_unknown,https://www.okta.com/company/careers/opportunity/8237681?gh_jid=8237681,open
e0bda30b66cbf0025acb67cdb36077b59758d52ff843341851027175782b4026,Duolingo,"Senior Director of Engineering, New Subjects","New York, NY",unstated,ai_product,mba_unknown,https://careers.duolingo.com/jobs/8584465002?gh_jid=8584465002,open
3d570e78e4d2976124bd23202057523621ace020c2336901700f529eb39333e8,Braze,Senior Technical Recruiter,New York City,unstated,ai_product,mba_unknown,https://job-boards.greenhouse.io/braze/jobs/8191278,open
4509b1b91693da6782776f9de519bcb0df918e93196cc02cb3f493d943928d03,Affirm,"Staff Software Engineer, Backend (Identity Decisioning)",Remote US,unstated,product,mba_unknown,https://job-boards.greenhouse.io/affirm/jobs/8003799003,open
b206794f642eeb8a54ddd0c9889b9ef88291602898a17531dac3279c270a9b37,Peloton,"Director, Electrical Engineering","Woodinville, Washington",unstated,ai_product,mba_unknown,https://careers.onepeloton.com/en/all-jobs/?gh_jid=8223438,open
aae7c67209e0955c55b62d5b07c78ba5786dbf0eec56460df3f4db1dd8ef9e2d,Nextdoor,Communications Manager,"Dallas, TX",unstated,ai_product,mba_unknown,https://about.nextdoor.com/careers-list/?gh_jid=8229366,open
65cb739056a6994bce18e4b5934feb8660f53cb5ad5a041f07ef8c85ac17c750,Braze,"Lead Solutions Engineer, POC Operations",New York City,unstated,ai_product,mba_unknown,https://job-boards.greenhouse.io/braze/jobs/8237686,open
522032f83161462ab5db55d7940651ec779d32373e0512a960a3ce0783a49fb5,Nextdoor,Senior Data Scientist - Search,US Remote,unstated,ai_product,mba_unknown,https://about.nextdoor.com/careers-list/?gh_jid=7948362,open
0326d650be934704c0076fe1a3d0c98ccb9d7a754b85e1e5a67c4831438c73a7,Braze,Email Operations Principal,New York City,unstated,ai_product,mba_unknown,https://job-boards.greenhouse.io/braze/jobs/8220722,open
1a7dc5fc058c05679ac14622a98736d6a15464bb6fbe61e5f4ec4412cf6eee82,Braze,People Data Analyst,New York City,unstated,ai_product,mba_unknown,https://job-boards.greenhouse.io/braze/jobs/8177766,open
e31fe2b5f11c15d36964dd0639e718603706959cb96851c9f990b695f40bd13a,Coinbase,"Accounting Manager, GL Operations & Intercompany",Remote - USA,unstated,ai_product,mba_unknown,https://www.coinbase.com/careers/positions/8093264?gh_jid=8093264,open
dfc141d8b98b6e18efe5673d5ecc2e6d4171704f519a5cda6c4a17df65113a33,Braze,"Principal, Strategic AI Sales",New York City,unstated,ai_product,mba_unknown,https://job-boards.greenhouse.io/braze/jobs/8189650,open
0ce4546ed1e85638b9962e7de0c4ea4017c29b545142444ba232fba4443df127,ZoomInfo,"Director, Applied AI","Bethesda, Maryland, United States; Remote-US-MA; Remote-US-MD; Remote-US-WA; Vancouver, Washington, United States; Waltham, Massachusetts, United States",unstated,ai_product,mba_unknown,https://www.zoominfo.com/careers?gh_jid=8800796002,open
bf613fc453a1de08509067cfae67c8806be9366bd5fb7e58354f6298a8809c6c,Braze,Senior Sales Operations Analyst,New York City,unstated,ai_product,mba_unknown,https://job-boards.greenhouse.io/braze/jobs/8173850,open
4390b7fa51ec0d782afac923c53d467ab881ee1d78896bc260fb18a9b7519acd,Braze,Solutions Consultant,New York City,unstated,ai_product,mba_unknown,https://job-boards.greenhouse.io/braze/jobs/8201757,open
20aebc288d42c937b7286112b04d2e8ac6f5988722c631196ea17ae2d0ea637a,Stripe,"Customer Success Manager, Platforms ","Chicago, IL; Atlanta, GA; San Francisco, CA; Seattle, WA; New York, NY ",unstated,product,mba_unknown,https://stripe.com/jobs/search?gh_jid=8097840,open
5acae0f309fa0adab50c742aa740687a2ee1763f345ee1b8c14c05a834726f55,ZoomInfo,Principal Machine Learning Engineer,"Waltham, Massachusetts, United States",unstated,ai_product,mba_unknown,https://www.zoominfo.com/careers?gh_jid=8833507002,open
7f5876104e7c1b0e65ad3717968224bb93754e44f1eee551b99782fc2ebeb327,ZoomInfo,Senior Machine Learning Engineer,"Bethesda, Maryland, United States; Remote-US-MA; Remote-US-MD; Remote-US-WA; Vancouver, Washington, United States; Waltham, Massachusetts, United States",unstated,ai_product,mba_unknown,https://www.zoominfo.com/careers?gh_jid=8769474002,open
7e7f99808c7e55f2e311ba6a346eca299ffc2eb8508706576f949358f3c7be2c,Lyft,AV Program Manager,"San Francisco, CA",unstated,product_strategy,mba_unknown,https://app.careerpuck.com/job-board/lyft/job/8839156002?gh_jid=8839156002,open
820144bf8ee08dcd395b1dd91ce8cfae5a8b988664d54ee1f7d3facdd0f72280,Instacart,Senior Data Scientist I - Meals,United States - Remote,unstated,other_mba_tech,mba_unknown,https://instacart.careers/job/?gh_jid=8236905,open
0526884de443737394ef96d514f7df62d652a184df3d19f4d66b6816440d81f5,Instacart,Senior Data Scientist II - Ads Optimization,United States - Remote,unstated,ai_product,mba_unknown,https://instacart.careers/job/?gh_jid=8237075,open
f102abc01a630ad4c10c558df9219169bc88d6b33aa98f04e3d138af99347dfc,Instacart,"Senior Manager, Marketing Decision Science",United States - Remote,unstated,other_mba_tech,mba_unknown,https://instacart.careers/job/?gh_jid=8237126,open
61f0c2abda6f8f4fc5a328cfce00bdfaabad5aebf4934e5ee96c1df89add2d21,Lyft,"Manager, Legislative Counsel","Washington, DC",unstated,other_mba_tech,mba_unknown,https://app.careerpuck.com/job-board/lyft/job/8852982002?gh_jid=8852982002,open
dd1d70f724644ffe9cb2dbcc83d890baf793e7cdb4cab0f8155307e08d97c0fd,Brex,"Director, Head of Private Equity","New York, New York, United States",unstated,other_mba_tech,mba_unknown,https://www.brex.com/careers/8842998002?gh_jid=8842998002,open
48567c7ee490f0500933e4baf3f0afb7fb66043a3df389457685edc7095b3300,Figma,"Manager, Tech & Ecosystem Partnerships","San Francisco, CA • New York, NY • United States",unstated,ai_product,mba_unknown,https://boards.greenhouse.io/figma/jobs/6208999004?gh_jid=6208999004,open
249200cd7a6f40b47d853c552037024b6377f8b18b04229849c0e0db11e9df16,Figma,Corporate Communications Manager,"San Francisco, CA • New York, NY",unstated,ai_product,mba_unknown,https://boards.greenhouse.io/figma/jobs/6208862004?gh_jid=6208862004,open
fb65cc6057ca26f02e3b7fd65e00d3cc843d187f9ece37b49f14a06ea63d3234,Stripe,"Account Executive, Product Sales - Billing (Velocity)","New York, San Francisco, Seattle, Atlanta, Chicago",unstated,product_marketing,mba_unknown,https://stripe.com/jobs/search?gh_jid=7958961,open
8d2a7a3a04c9c8e9bca7abbd0880576b1736b45e304bd51b5e0b9f1908f0b603,Pinterest,"Sr. Machine Learning Engineer, Core Engineering","Toronto, ON, CA",unstated,ai_product,mba_unknown,https://www.pinterestcareers.com/jobs/?gh_jid=5691478,open
1fdb967f725264091e1a1e15ac8354a5f7e9095da4ef266158345bfe1de74723,Duolingo,"Ad Sales Lead, Programmatic","New York, NY",unstated,other_mba_tech,mba_unknown,https://careers.duolingo.com/jobs/8851677002?gh_jid=8851677002,open
9c3c707ad059f74ec8210cd43229efc9118c8d19a31ee99278f83bd2670bf9b1,Braze,"Principal CSM, Media and Entertainment",New York City,unstated,ai_product,mba_unknown,https://job-boards.greenhouse.io/braze/jobs/8236740,open
cc5e44721d160bca5b3464078292af85a14bb17107895e01a91567c36115d2ff,Braze,Platform Software Engineer II,New York City,unstated,ai_product,mba_unknown,https://job-boards.greenhouse.io/braze/jobs/8112110,open
0ec2adc86e44ac78a5ef70d839fe48e2b5bfd5d6f842a70bd3178a89a73accc6,Samsara,(New Grad) Account Development Representative II - Atlanta,"Atlanta, Georgia, United States",unstated,ai_product,mba_unknown,https://www.samsara.com/company/careers/roles/8094373?gh_jid=8094373,open
ab9f37b760011a42f8eceeda19142c8152147a6f1de5871490b1a8c92c76ea3a,Coinbase,"Product Manager II, Growth - Notifications ",Remote - USA,unstated,ai_product,mba_unknown,https://www.coinbase.com/careers/positions/8204571?gh_jid=8204571,open
e4566e56321a4f8302684882e531d3d22b91db4930fb5e943db5f0a66fdb44ed,Coinbase,"Senior Product Marketing Manager, Trading ",Remote - USA,unstated,ai_product,mba_unknown,https://www.coinbase.com/careers/positions/8077090?gh_jid=8077090,open
8e47610451317f2cab198e75d60325833dab675b449e6267b69ba0b068d0fd7d,Coinbase,Senior Software Engineer,Remote - USA,unstated,ai_product,mba_unknown,https://www.coinbase.com/careers/positions/8021647?gh_jid=8021647,open
05d65d25e2b2843003084b4a0af8f1c34d5e39b3c46df55c87e7a569a0a01420,Coinbase,Senior Sourcing Analyst,Remote - USA,unstated,other_mba_tech,mba_unknown,https://www.coinbase.com/careers/positions/8017697?gh_jid=8017697,open
6051d41ff8cfa5db2bf3cd954d1db4f66073ac453eab1f86952c0f52133e47ab,Coinbase,M&A and Accounting Policy Manager,Remote - USA,unstated,ai_product,mba_unknown,https://www.coinbase.com/careers/positions/8072054?gh_jid=8072054,open
0fa6bcce23439a5916dae9a7dff4ee3e3bf1017507f2884cfc99973293a3f7ae,Coinbase,Senior Onchain Investigator,Remote - USA,unstated,ai_product,mba_unknown,https://www.coinbase.com/careers/positions/8051513?gh_jid=8051513,open
d72d27a8f85c505f501fbc0902a0370c042d0f416f7486e96d79e5b8e379bca1,Coinbase,"Technical Program Manager, CX Intelligence & AI",Remote - USA,unstated,ai_product,mba_unknown,https://www.coinbase.com/careers/positions/8013948?gh_jid=8013948,open
1b650bf1e1aef37d99d2891bc354cefefe4afd004739d4907016364d1074a836,Coinbase,"Technical Program Manager, Knowledge Systems",Remote - USA,unstated,ai_product,mba_unknown,https://www.coinbase.com/careers/positions/8013892?gh_jid=8013892,open
74b6b9184f53f78ac7ed428cb682d8efc16d0973433a2469492158a7ed4b44a6,Coinbase,"Staff Software Engineer, Core AI Infrastructure",Remote - USA,unstated,ai_product,mba_unknown,https://www.coinbase.com/careers/positions/7991691?gh_jid=7991691,open
1ec40ffc0d50d745eabd1cd0b0cf0908785f33bb38f3c11f28b562f8fc66b248,Coinbase,"Senior Software Engineer, Core AI Infrastructure",Remote - USA,unstated,ai_product,mba_unknown,https://www.coinbase.com/careers/positions/7847431?gh_jid=7847431,open
98e660f90d069284169368cca5a33e1c9c11c2a29c6934d2a2d9647f4e52a333,Coursera,Pricing Specialist - Structural Pricing & Packaging,"Austin, Texas; Denver, Colorado",unstated,ai_product,mba_unknown,https://job-boards.greenhouse.io/coursera/jobs/6186210004,open
7d07c3a671a083b5b2bbee2bc9177663754de307d5867515d217742391ca0a52,Coinbase,"Group Product Manager, Money Movement",Remote - USA,unstated,ai_product,mba_unknown,https://www.coinbase.com/careers/positions/8234060?gh_jid=8234060,open
7dbe4cc44677dedeb96d89181020be55779fec5aff0ea31635e249902a41f6f3,Instacart,Privacy Counsel,United States - Remote,unstated,ai_product,mba_unknown,https://instacart.careers/job/?gh_jid=8234595,open
22efe02ae321a94f5987eb66a0f2dd9d795e90210d0a31d3034e48128bd3d3d9,Faire,Strategy & Analytics Lead - Multiple Openings,"New York City, NY; San Francisco, CA",unstated,ai_product,mba_unknown,https://boards.greenhouse.io/faire/jobs/8623235002?gh_jid=8623235002,open
aaef4074623bd0769cc0cd61f0ed71baa66e1d2ebbfca56bcde26038aac47f08,Faire,Strategy & Analytics Senior Lead - Multiple Openings,"New York City, NY; San Francisco, CA",unstated,ai_product,mba_unknown,https://boards.greenhouse.io/faire/jobs/8396231002?gh_jid=8396231002,open
974aa4da61ee2f5ed6683ff8598a43a8cd8e892a46f6b7aa5b589d167316982d,Faire,Strategy & Analytics Director,"New York City, NY; San Francisco, CA",unstated,ai_product,mba_unknown,https://boards.greenhouse.io/faire/jobs/8612874002?gh_jid=8612874002,open
95f9200176626736b02448fecc53e07270cb7e0edc9684eecf9958d2be79f656,Stripe,"Account Executive, Product - Local Payment Methods",US-CA,unstated,other_mba_tech,mba_unknown,https://stripe.com/jobs/search?gh_jid=8190036,open
ad32a568d7738afacd041eccf01e8e86181b4c710cb3343667e069ac4707cfd4,Faire,Senior Finance Analytics Engineer,"New York City, NY; San Francisco, CA",unstated,ai_product,mba_unknown,https://boards.greenhouse.io/faire/jobs/8828560002?gh_jid=8828560002,open
54193b927565b6c7761c0497a001393edf2cdb5770c2b3eb8ebcfb1d1b38d7a3,Affirm,"Staff Software Engineer, Backend (Trust and Safety)",Remote US,unstated,product,mba_unknown,https://job-boards.greenhouse.io/affirm/jobs/7993030003,open
5272ed9938d6667312d13f98e68361e8e9ef1fca2f05bbda758d08874a9483aa,Coinbase,Staff Software Engineer (Platform - Financial Engineering),Remote - USA,unstated,ai_product,mba_unknown,https://www.coinbase.com/careers/positions/8204243?gh_jid=8204243,open
5430dbc9f92e8f319c3f1987275b98e87ab88fbf781c53abe4d14e505a0647f5,Flexport,"Security Engineer, Corporate Security",United States,unstated,other_mba_tech,mba_unknown,https://job-boards.greenhouse.io/flexport/jobs/8166040,open
213cf8da548e47f369315528db6bb97d867bb8e706d6bbfd64799af100d845e6,Lyft,"Senior Data Scientist, Algorithms, Lyft Biz","New York, NY",unstated,ai_product,mba_unknown,https://app.careerpuck.com/job-board/lyft/job/8621789002?gh_jid=8621789002,open
80d3f1a6b37ca51dbc276c56500e10caaf072be12ac0dd7acfe25eea0f0fc974,Lyft,"Senior Data Scientist, Algorithm, Lyft Biz","San Francisco, CA",unstated,ai_product,mba_unknown,https://app.careerpuck.com/job-board/lyft/job/8620998002?gh_jid=8620998002,open
c9eaa79f0bf15ea606262c667353d35b5a973971aa897b12646921a52cadc4dc,Instacart,"Government Affairs Manager II, Northwest",United States - Remote,unstated,other_mba_tech,mba_unknown,https://instacart.careers/job/?gh_jid=8190576,open
1839af9a1ee8e948661d51774bd8a4fc29007d77a74f4272ab4ab02fc7bff49c,Instacart,Senior Software Engineer II - Ads Quality ,United States - Remote,unstated,ai_product,mba_unknown,https://instacart.careers/job/?gh_jid=8234282,open
e503fea38baba8949dde46060adf50f08b0523805ae1cea9279da01055281dc6,Stripe,"Senior Software Engineer, Backend","Seattle, WA",unstated,other_mba_tech,mba_unknown,https://stripe.com/jobs/search?gh_jid=8230952,open
671c5033a13ab1e40cfc153f68f89ef120bbc5ba42ecbb00717d0814384e40e5,Stripe,"Enterprise Account Executive, Privy",New York,unstated,product,mba_unknown,https://stripe.com/jobs/search?gh_jid=8232743,open
478ebaa6df5c268a996183073510adf6bc2db696db35b9fd920cb944b7ebbda5,Stripe,User Risk Strategist,"New York, NY ",unstated,other_mba_tech,mba_unknown,https://stripe.com/jobs/search?gh_jid=8230758,open
07934c072d650b4c759c271bf84fd6567f879b552eb5cfc605a026b1a8089c18,Stripe,"Enterprise Account Executive, Privy",New York,unstated,product,mba_unknown,https://stripe.com/jobs/search?gh_jid=8232741,open
e6113fb03ba575fe4de697fcbcede6e8d2434f4b4a8a6a527d7171c340bf9d74,Stripe,"Product Manager - Issuance, Bridge",San Francisco Or New York,unstated,product,mba_unknown,https://stripe.com/jobs/search?gh_jid=8223723,open
cec206334bf48c7c2a93bd22ddf69c7941c1b0ec06a5d9fafbd1adb9ba7dc052,Stripe,Data Scientist,"Seattle, WA",unstated,product_strategy,mba_unknown,https://stripe.com/jobs/search?gh_jid=8222149,open
09a163aae20446048e69ac466dd6426644ac6086058b50b3dcee255b3fbe7d1f,Stripe,"Staff Product Manager, Agentic Commerce","Seattle, San Francisco, New York",unstated,ai_product,mba_unknown,https://stripe.com/jobs/search?gh_jid=8226893,open
d5e1053fc62c5e2a631e8612906f549c734bddf49c60dcd67142c7e40b31f4f3,Stripe,"Strategic Accounts Sales Leader, AI GTM",San Francisco; New York,unstated,ai_product,mba_unknown,https://stripe.com/jobs/search?gh_jid=8212325,open
fafd71a36e7809189d1f8b8e9705f192f9138b3da1b75427aebb309aa51eb110,Stripe,"Capital Markets, FX Specialist",New York,unstated,ai_product,mba_unknown,https://stripe.com/jobs/search?gh_jid=8206733,open
f4bd64be19a69d02ab8d7ebb8b8443117ac985d4851799c18f04cc8fb6af5f17,Stripe,"Integration Engineer, Professional Services",United States,unstated,other_mba_tech,mba_unknown,https://stripe.com/jobs/search?gh_jid=8203973,open
ccf8c0f15661296dbb6b6994862ac424bd1fbd2786fd50f0c35099ec70aa65d9,Stripe,"Large User Sales Managers, Platform Partnerships","New York, NY; Chicago, IL or San Francisco, CA",unstated,product,mba_unknown,https://stripe.com/jobs/search?gh_jid=8209647,open
b6d63ca90d48ee6b052d8f229fafa61ded304aaceeb166d22cae290689b8add0,Stripe,Account Executive Product - Issuing & Treasury ,London OR Paris OR Germany ,unstated,other_mba_tech,mba_unknown,https://stripe.com/jobs/search?gh_jid=8203649,open
967f79b7acea11d82bb2bd7e29af557814ee345823aaa426c43516b5787d1876,Stripe,"Product Manager - Developer Experience, Bridge",San Francisco Or New York,unstated,product,mba_unknown,https://stripe.com/jobs/search?gh_jid=8204227,open
5bbb7d67e9bbd053774196a3a27d181e8b32bd5d7e9268e5a565990e060da36b,Stripe,"Startups Sales Manager, Platform Partnerships","Chicago, IL; New York, NY; San Francisco, CA",unstated,product,mba_unknown,https://stripe.com/jobs/search?gh_jid=8210226,open
225fd3aa444156bd8194396f444d063e29c762d75c4d3cde48ff84ce9e407f8b,Stripe,"Account Executive, AI Startups - Grower",New York,unstated,ai_product,mba_unknown,https://stripe.com/jobs/search?gh_jid=8204645,open
a322952afb5fe5809c6f1cdaed1e36b4ed256f40e7f81ca48af20b8fce76c1b7,Stripe,"Software Engineer, High Availability and Disaster Recovery","Seattle, WA",unstated,other_mba_tech,mba_unknown,https://stripe.com/jobs/search?gh_jid=8197135,open
9a13a8bbc589c9dc11c26e1714e9dc857984693eb1278a12c3ecf9dc9ff84134,Stripe,"Software Engineer, Payins Card Networks","Seattle, WA",unstated,other_mba_tech,mba_unknown,https://stripe.com/jobs/search?gh_jid=8198207,open
5eb44f47b994a289cb4f460ecb2e1a5582aa8a66df6d3315dadd4868405f4d5f,Stripe,"Software Engineer, Online Database Infrastructure","Seattle, WA",unstated,other_mba_tech,mba_unknown,https://stripe.com/jobs/search?gh_jid=8197891,open
32a8d89fc74d341b303dfd83fbec19e0d8c8ba2d5162c8e5df098095e92522b9,Stripe,"Software Engineer, Backend","Seattle, WA",unstated,other_mba_tech,mba_unknown,https://stripe.com/jobs/search?gh_jid=8198280,open
1616b97ea2edc2505b2427beec7a442e97ce3b70475f0d905bc5fc908d4619eb,Stripe,"Machine Learning Engineer, Link",New York City ,unstated,ai_product,mba_unknown,https://stripe.com/jobs/search?gh_jid=8197886,open
03d4a468bbc49d2b8d038162ceda70c1261cade54b503cad6eb1ad2ef2a28ae7,Stripe,"Account Executive, Product (Payouts) - Hunter",New York,unstated,other_mba_tech,mba_unknown,https://stripe.com/jobs/search?gh_jid=8196269,open
eff62e5093d683ddc32a6c19b00fd1fa417085673125d16d6383559e67f41187,Stripe,"Sales Manager, Key Accounts - Enterprise","San Francisco, CA",unstated,other_mba_tech,mba_unknown,https://stripe.com/jobs/search?gh_jid=8191720,open
e14c8a2aee52ef608481ffbb2d8496dd2603210b1edea455f9b35680feff08e1,Stripe,"Senior Software Engineer, Product Velocity","Seattle, WA",unstated,other_mba_tech,mba_unknown,https://stripe.com/jobs/search?gh_jid=8194328,open
e06a3418e9609aa7c793d639046cac699eb6c0c2b3cb642c1ab0c677b570d68d,Stripe,"Customer Success Manager, RFA","Chicago, IL",unstated,other_mba_tech,mba_unknown,https://stripe.com/jobs/search?gh_jid=8194289,open
a09eb97f7775684eaf8d67e3516879940b8304c01308759f56ade4234ced7229,Stripe," Account Executive, Product Sales - Billing","New York, San Francisco, Seattle, Chicago",unstated,product_marketing,mba_unknown,https://stripe.com/jobs/search?gh_jid=8190050,open
5a14566519018751aa80f0695dd097329d0d7a2000115ac87c1afdcc829fc717,Stripe,"Account Executive, Product Sales - Currency Management",New York ,unstated,other_mba_tech,mba_unknown,https://stripe.com/jobs/search?gh_jid=8190416,open
2bc671fc3bac616439fd6cc6476c1badc2cd63c2bda078bfb406ea76ee5b8fff,Stripe,"Strategic Account Executive, AI Sales","San Francisco, CA",unstated,ai_product,mba_unknown,https://stripe.com/jobs/search?gh_jid=8194397,open
c7562309dbb44d1ba31de0b213a01c6f37f39d142210502455d811e2c049a957,Stripe,Pricing Strategist,"South San Francisco, New York City",unstated,ai_product,mba_unknown,https://stripe.com/jobs/search?gh_jid=8187578,open
9c00afec80f1ca1bf5b97995eddb495753287db97dfcd5a0ff6fdb52b7d0292b,Stripe,Crypto Controls and Compliance Lead ,Remote US,unstated,ai_product,mba_unknown,https://stripe.com/jobs/search?gh_jid=8188326,open
945fe95107a6375b3b912aea4c9944a50a8361ea7892aa19438ec1b2dcdfbe69,Stripe,"Partner Development Manager, AMER Bank Partnerships",US-San Francisco; US-New York City; US-Seattle; US-Remote; US-Chicago,unstated,product_strategy,mba_unknown,https://stripe.com/jobs/search?gh_jid=8187566,open
80a5435a4fbab7e298fa86e2c94a0a2dd403735d7497617f1fc7fba3b01c730e,Stripe,Executive Advisory Programs Manager,"South San Francisco HQ, New York, Remote US",unstated,product_marketing,mba_unknown,https://stripe.com/jobs/search?gh_jid=8190030,open
5f5d3d652f9aa85e804e38a2077c9e5ff25e597261a9d08b7344a9f66528af6c,Stripe,"Data Analyst, NYC ",New York,unstated,ai_product,mba_unknown,https://stripe.com/jobs/search?gh_jid=8189909,open
3df9d13183924d3771e6a5d53eecf8a5d13d22f80e808d1a00f001441432652d,Stripe,"Integrated Marketing Lead, Cross Product",Remote US,unstated,ai_product,mba_unknown,https://stripe.com/jobs/search?gh_jid=8187572,open
cb109c36057136d37e64caae21a5fa72655969a7458cab69ac91a704155fab45,Stripe,"Senior Software Engineer, Docs Product","New York, NY",unstated,ai_product,mba_unknown,https://stripe.com/jobs/search?gh_jid=8177860,open
b2a06b4e656e37cfbaaaf4aebf4e264f3595d9d32f16137cd3c91d12d5beba17,Stripe,"PMM Lead, Executive Content & Experiences ","San Francisco, New York, Seattle, Chicago, Atlanta, Remote in the US",unstated,ai_product,mba_unknown,https://stripe.com/jobs/search?gh_jid=8178459,open
b16794b5e9f4f085268cb826e78d3ef7821d45d63b3844fdd92b363a002aaa8e,Stripe,"Customer Success Manager, Enterprise","New York, NY; Seattle, WA; San Francisco, CA; Chicago, IL; Atlanta, GA",unstated,product,mba_unknown,https://stripe.com/jobs/search?gh_jid=8178692,open
37e6567f38d2dd856644b518123f5518c01aa46703dfac16bb4c59f528c95a97,Stripe,Processing cost Analyst,IN-Bengaluru,unstated,other_mba_tech,mba_unknown,https://stripe.com/jobs/search?gh_jid=8177636,open
e38030b46b6cd26796cde029b2e635924544b5d865f0683ecbd14ff21fd31e47,Stripe,Partner Solutions Architecture Manager,"NY, SF, Chicago, Remote",unstated,other_mba_tech,mba_unknown,https://stripe.com/jobs/search?gh_jid=8175651,open
d1915ae45413cb6b22fefc3b4f42db40b00f92b4c75ff30006712d60d9cd3feb,Stripe,Scale Partner Marketing Lead,"San Francisco, Seattle, New York, Chicago, Atlanta, Remote in the US",unstated,product_marketing,mba_unknown,https://stripe.com/jobs/search?gh_jid=8175627,open
c6c5df47ab7ee8d826c74d900a12c5e56a59a04cecddca5886c9c65de1bc7eaf,Stripe,"Manager, Solutions Architecture - Enterprise (West)","San Francisco, CA ",unstated,other_mba_tech,mba_unknown,https://stripe.com/jobs/search?gh_jid=8175633,open
b6e0011475a40cd3787f37d047783502831e8f620dd2b4aab665496c1be6d3f9,Stripe,"Partner Marketing Manager, Online & Regional Events",Seattle or San Francisco or Chicago or New York City or US-Remote,unstated,product_marketing,mba_unknown,https://stripe.com/jobs/search?gh_jid=8175661,open
a02a2f906cb565a3ef75069d791df5c742f966c0658259c0e2c57258b2401f67,Stripe,Security Engineer ,US Remote ,unstated,other_mba_tech,mba_unknown,https://stripe.com/jobs/search?gh_jid=8174965,open
78c7f96faae1e3f56c6c20ad7b39987ec5b65a4c6e0472f22de0fd1df80444bd,Stripe,"Solutions Architect, Enterprise Hunter (Presales)","San Francisco, CA",unstated,product,mba_unknown,https://stripe.com/jobs/search?gh_jid=8175663,open
3986fbcd00a414c34561a6d4dd1a5810419868b12fb9ce861b0df1bf5646fe9d,Stripe,"Manager, Solutions Architecture - Platforms (Chicago)","Chicago, IL",unstated,other_mba_tech,mba_unknown,https://stripe.com/jobs/search?gh_jid=8175667,open
0ce4c202e4a7e937ae0b3a335c51fdc64ec45399851cf087880c11adeda6f9b5,Stripe,Senior Software Engineer,"South San Francisco, CA",unstated,other_mba_tech,mba_unknown,https://stripe.com/jobs/search?gh_jid=8175099,open
b6c54d777352ff248a8aa434b0e5f26a657966b9802c983ba5638997a7c4a38b,Stripe,Senior Leadership Recruiter ,"Seattle, Washington",unstated,other_mba_tech,mba_unknown,https://stripe.com/jobs/search?gh_jid=8167556,open
a49c30a9a90c591a0e2022a08f4b5e4630aa03ee84a7f31815d7173efef2088c,Stripe,Abuse Investigator,"Seattle, San Francisco, New York City",unstated,other_mba_tech,mba_unknown,https://stripe.com/jobs/search?gh_jid=8172510,open
98cf77d7941deef1ab85702170f514c60671ff30914327ce1ce78f086e5aeced,Stripe,Investigator ,US Remote ,unstated,other_mba_tech,mba_unknown,https://stripe.com/jobs/search?gh_jid=8172491,open
76d462a61ae2ab5729b64f63e9d1704f63439dbab3d71754bac5db04d77f09af,Stripe,Technical Program Manager,"South San Francisco, CA",unstated,other_mba_tech,mba_unknown,https://stripe.com/jobs/search?gh_jid=8171297,open
4544e168a823934313f08f8339b3076071e515bf426c436ebad09fb94419aa04,Stripe,"Strategy & Operations, Infrastructure",Remote US,unstated,product,mba_unknown,https://stripe.com/jobs/search?gh_jid=8171095,open
e9303d26cc3c7bf8abb03ba1f01611bf5c3019582698287d0c1cc604d761b8f6,Stripe,"Product Designer, Growth","New York, NY ",unstated,ai_product,mba_unknown,https://stripe.com/jobs/search?gh_jid=8164479,open
e3ea5019a6fcce1cb4cf2f1470e1ef8143bce7810922bf529f6e138939e387c8,Stripe,Capital Markets Investments,"New York, NY",unstated,other_mba_tech,mba_unknown,https://stripe.com/jobs/search?gh_jid=8164481,open
b0711eeedebaa3fc65a1136885bddf4b9ead6a43538f2ca89d1b5d0d0dfc14e3,Stripe,"Manager, Solutions Architecture- Enterprise Hunter","New York, NY",unstated,other_mba_tech,mba_unknown,https://stripe.com/jobs/search?gh_jid=8163542,open
c73d834edcfae8a6251b21c53471058975a4ac28493feafd952553a3e185b127,Stripe,GTM Strategy & Operations Analyst,"New York, NY",unstated,ai_product,mba_unknown,https://stripe.com/jobs/search?gh_jid=8145119,open
b7a4bfd3dd4169bfdb9e4cf8931cbf8590c284948ad67de74c3df6b713686fe8,Stripe,"Staff Machine Learning Engineer, Financial Connections",New York,unstated,ai_product,mba_unknown,https://stripe.com/jobs/search?gh_jid=8148653,open
a82f9ae317324a9590d2e56586ad636a5935fd029d48be8e6d31f13105e0975a,Stripe,"Head of Sales, Billing","New York, San Francisco, Chicago, Seattle",unstated,ai_product,mba_unknown,https://stripe.com/jobs/search?gh_jid=8156998,open
56391466307406ac30844f340dd9b9d391d84e4d32fcf53de3503c02d3c49b63,Stripe,"Partner Development Manager, Strategic Payment Partnerships",US-San Francisco; US-New York City; US-Seattle; US-Remote; US-Chicago; CA-Toronto; CA-Remote,unstated,product_strategy,mba_unknown,https://stripe.com/jobs/search?gh_jid=8155164,open
1364c7993b48bac1360cb86671e62131be23c69cbea303577df0c157b7c08f28,Stripe,"Head of Money Management, Finance & Strategy ","Seattle, San Francisco, New York, Chicago ",unstated,ai_product,mba_unknown,https://stripe.com/jobs/search?gh_jid=8154531,open
0b8915a4b5c0ba75a01c3fd61c6b4bee710498507d72ad6aba308f935b030bb1,Stripe,"Sales Manager, Enterprise Platforms, Grower (Tier 1)","New York, NY",unstated,product,mba_unknown,https://stripe.com/jobs/search?gh_jid=8155376,open
a38324675e3ea1245c1d96bddb86fde9ffad4e465f42c760601a081379ea7a47,Stripe,"Solutions Architect, Enterprise (Presales)","San Francisco, CA, Chicago, IL, New York, NY",unstated,product,mba_unknown,https://stripe.com/jobs/search?gh_jid=8144185,open
a16cf655e74dce5a0a23d82f48a370055b53a3af4d0e11806edb073acfd65639,Stripe,"Staff Software Engineer, Link - Bank Connections","San Francisco, Seattle, New York",unstated,other_mba_tech,mba_unknown,https://stripe.com/jobs/search?gh_jid=8142952,open
53d5d3d5cefbe1c460a2798fafd04fa6a6a288b0b868a10ff5134e49afe2f01a,Stripe,Business Systems Architect (Tax),"South San Francisco, CA",unstated,other_mba_tech,mba_unknown,https://stripe.com/jobs/search?gh_jid=8145117,open
1e2f1cc10221b278e270a79e936a45d188756cef8e97bf6b15b23c8ff06b97e7,Stripe,"Solutions Consultant, Enterprise (Presales)","San Francisco, CA, Chicago, IL, New York, NY",unstated,product,mba_unknown,https://stripe.com/jobs/search?gh_jid=8168151,open
134bcaddcb2d72986e648bd9267fbeb302d2fe6b7e167fe2c41a3e83e7aede61,Stripe,"Specialist Solutions Architect, Data","SF, NY, Remote",unstated,other_mba_tech,mba_unknown,https://stripe.com/jobs/search?gh_jid=8144262,open
c3e7bc0ca043e04c835ea7250816be7928f13fc8a4362965275373637db3a34c,Stripe,"Software Engineer, Early Career — Immediate Start","San Francisco, Seattle, New York",unstated,other_mba_tech,mba_unknown,https://stripe.com/jobs/search?gh_jid=8212508,open
c1a5a2a20ddef3b6247fa2b4ad7768e47e2ad1892a4e36b7c127782b5038f4b8,Stripe,"Account Executive, AI Sales","San Francisco, CA",unstated,ai_product,mba_unknown,https://stripe.com/jobs/search?gh_jid=8138044,open
7bc65bebf0cb72d08d2dad863c27c4b33a9ee5520d4b246b97ffe95de6806d4a,Stripe,"Manager, Risk Operations Technology Programs",United States,unstated,ai_product,mba_unknown,https://stripe.com/jobs/search?gh_jid=8138302,open
79331b476f56bcffcf10c8f840b8def3aefd67b7d2813443ba3c9fca3a01ccdd,Stripe,Software Engineer,"Chicago, IL",unstated,other_mba_tech,mba_unknown,https://stripe.com/jobs/search?gh_jid=8137972,open
3a2185c5fe6718672f120c3d94057cade7effb6817500b0a2f1265648f1863f0,Stripe,"Software Engineer, Intern (Summer or Winter)","San Francisco, Seattle, New York City",unstated,other_mba_tech,mba_unknown,https://stripe.com/jobs/search?gh_jid=8128745,open
6ee50197c7480461c47a8ea1b304c27049159afeb5b49beabbd27abcf3b07aea,Stripe,"Technical Program Manager, Infrastructure","South San Francisco, CA ",unstated,other_mba_tech,mba_unknown,https://stripe.com/jobs/search?gh_jid=8126047,open
5f866fecfc7c8d4f5739b9e31a358ed33d349ff2f546d05da4c742eff7b76a97,Stripe,"Account Executive, Hunter (Central Eastern Europe)",Poland - Remote OR Romania - Remote,unstated,other_mba_tech,mba_unknown,https://stripe.com/jobs/search?gh_jid=8130052,open
16e9735f4d2da0373921d1d0c68df7c12c5b0bd8ee36ccc7b66f46e40e14ee67,Stripe,"Engineering Manager, Infrastructure","Seattle, San Francisco, New York City",unstated,other_mba_tech,mba_unknown,https://stripe.com/jobs/search?gh_jid=8128496,open
0212701381917493f1dc45a449d1c15a730c146827080b724779b475bca82181,Stripe,Head of AEO & SEO,"US Remote; Chicago, Atlanta, Canada",unstated,ai_product,mba_unknown,https://stripe.com/jobs/search?gh_jid=8128634,open
f95aa47d316e47576eeb12df578ede1ef93a7852ef5bda3d8897423ab8966096,Stripe,"Account Executive, Existing Business (Central Eastern Europe)",Poland - Remote OR Romania - Remote,unstated,other_mba_tech,mba_unknown,https://stripe.com/jobs/search?gh_jid=8119697,open
d6d400b501c43ae480764040051dc72f0fb75b3ee6397822af7379b0dd3128aa,Stripe,"Manager, Solution Architecture Platforms","South San Francisco, CA , New York, NY",unstated,other_mba_tech,mba_unknown,https://stripe.com/jobs/search?gh_jid=8104302,open
8b461078351bc6115a37e1950cd8f862d4bcc4e99d0d1de23f7d41ab2b517fbf,Stripe,Business Value Consultant,"Chicago, New York, San Francisco",unstated,other_mba_tech,mba_required,https://stripe.com/jobs/search?gh_jid=8097051,open
7cba1e8ef63c9371b419526dfdcf6577188f5b0d16aabf6b288deb5935be2108,Stripe,Monetization Operations Analyst,"Seattle, WA",unstated,product,mba_unknown,https://stripe.com/jobs/search?gh_jid=8109554,open
512d0b589ee9ebf0c487c082f3f45907df9afb4eb4cdc8f71a28c8ebd85b2c55,Stripe,Data Excellence Manager ,"US Remote, Chicago, SF, Seattle, NYC",unstated,other_mba_tech,mba_unknown,https://stripe.com/jobs/search?gh_jid=8106026,open
3af5c95fc1aeb99c61eef3260412362582dc78285a36f55b29c143fedfb20c43,Stripe,Accounting AI Solutions Lead,"Seattle, San Francisco, New York",unstated,ai_product,mba_unknown,https://stripe.com/jobs/search?gh_jid=8103750,open
388b8996ab671b1d8d45a64a13b3e35dea85a9ee9b38949f6a0051f6cbe534d1,Stripe,Workplace Experience Manager,New York City,unstated,other_mba_tech,mba_unknown,https://stripe.com/jobs/search?gh_jid=8092411,open
3bfd1691135f8b184e328a46bcd1e4b2cf2508aab62053b7498c2fa8c3872ec6,Stripe,"Investment Lead, Intercept","New York City, San Francisco, US-Remote",unstated,other_mba_tech,mba_required,https://stripe.com/jobs/search?gh_jid=8083464,open
33e96a4e783edb0bed8af90e428273b9ab1d457a7af0dc24484e00ead0a047e0,Stripe,Business Partner Analyst,"US-SF, US-Seattle, US-NYC, US-Chicago, US-Georgia or US-Remote",unstated,other_mba_tech,mba_unknown,https://stripe.com/jobs/search?gh_jid=8079783,open
14619ceaffc5ad0fb6435215acb691bec4ae9c69dd5f42482f30f566cb992fdf,Stripe,"Integration Engineer, Professional Services",United States or Canada,unstated,ai_product,mba_unknown,https://stripe.com/jobs/search?gh_jid=8075577,open
00225ee7d454aac19d799688e7d214e87cd33ac89635e4ee1040a1866fc8bb95,Stripe,"Integration Engineer, Professional Services","Seattle, San Francisco, or New York",unstated,ai_product,mba_unknown,https://stripe.com/jobs/search?gh_jid=8075570,open
759afcb2555ceefb0db347dd924d6539d902d5a21d774e33e6da91ba51951569,Stripe,"Customer Success Manager, Revenue Suite","San Francisco, CA; Chicago, IL; Seattle, WA; New York, NY ",unstated,product,mba_unknown,https://stripe.com/jobs/search?gh_jid=8052814,open
430ab4c6e73634a982213e8eeb83d9beae8fa9f93dd8b4953465c8bbf691245c,Stripe,"Customer Success Manager, Radar","Chicago, IL; Atlanta, GA; San Francisco, CA; Seattle, WA; New York, NY",unstated,ai_product,mba_unknown,https://stripe.com/jobs/search?gh_jid=8049910,open
e7a108f68728bdc41ab9dca23783dec1d786d449d805bb9f0463b88530d35e56,Stripe,"Senior Staff Product Designer, Risk",US Remote,unstated,ai_product,mba_unknown,https://stripe.com/jobs/search?gh_jid=8031782,open
16ec1c458fff9d32327a24d7149bd68976ea8ddbe189247f6a872a36344ba79b,Stripe,"Account Executive, Enterprise Platforms, Tier 2 Grower","New York, NY; San Francisco, CA",unstated,other_mba_tech,mba_unknown,https://stripe.com/jobs/search?gh_jid=8041894,open
0a55a843ec8b3adbf60d1bd431ae5c91456436fb48ecde83892788c7ffb951db,Stripe,"Full Stack Engineer, Link","New York, New York",unstated,other_mba_tech,mba_unknown,https://stripe.com/jobs/search?gh_jid=8062305,open
02a25377967cb22a2a53c53007a29775497b8c02b474b0c6efc0c079fd1d667c,Stripe,"Strategy and Operations Lead, Deal Pricing","New York City, Washington DC, Remote",unstated,ai_product,mba_unknown,https://stripe.com/jobs/search?gh_jid=8044391,open
f069a02002e3da1b032a3e5413507a40beeb239d3e0c95428582339b47c1a46f,Stripe,"Manager, Global Sanctions",United States,unstated,ai_product,mba_unknown,https://stripe.com/jobs/search?gh_jid=8014898,open
b7249987150c1b87960fd61dec87cd920ed21c6883bb1b0cd35afa64353b3c22,Stripe,"Technical Program Manager, Link","San Francisco, New York City",unstated,product,mba_unknown,https://stripe.com/jobs/search?gh_jid=8014533,open
1e5b9934836c5caa105e8a2fc445a50025c75d0a53dcdf6790b94fa65af0469b,Stripe,Monetization Operations Analyst,IN - Bengaluru,unstated,product,mba_unknown,https://stripe.com/jobs/search?gh_jid=8021192,open
bbe7e43d58df06615a5f8563096de8d7d1ae9772aaf0b6a59467a87737c938e2,Stripe,"Product Manager, Global Payouts",New York,unstated,ai_product,mba_unknown,https://stripe.com/jobs/search?gh_jid=7994443,open
8c01389c7c5fc7ebcc2811bdc45bec56c6eba722a7bdbea02fb94632f47ec34f,Stripe,"Operations Insights, Tax",US Remote,unstated,ai_product,mba_unknown,https://stripe.com/jobs/search?gh_jid=7997542,open
e0e5506d044e85d36c8862aa9dc6af311ef87322c87f1a6f6db00701c9cbc88a,Stripe,"Backend Engineer, Intelligent Commerce","Seattle, San Francisco, New York",unstated,other_mba_tech,mba_unknown,https://stripe.com/jobs/search?gh_jid=7988264,open
d0aa0f15bd5a14779fd3b6f94077bcde6886570b98f6d008fb7020aaa7879ec7,Stripe,"GTM Product Marketing Manager, Commerce Experiences",United States,unstated,ai_product,mba_unknown,https://stripe.com/jobs/search?gh_jid=7990812,open
996272a963312fa5288fe89d850116d9104917ffc470529fc4e34723dd7c6544,Stripe,"Staff Product Manager, Billing ","SF, NY, SEA, Remote-US",unstated,product,mba_unknown,https://stripe.com/jobs/search?gh_jid=7983725,open
88353ea84a994e640a2a623bed53c52e401147b9b142cfda7e9100faff8d340b,Stripe,"Account Executive, Enterprise - Hunter","US-Chicago, US-New York",unstated,other_mba_tech,mba_unknown,https://stripe.com/jobs/search?gh_jid=7994330,open
834dff49ac405077f2d0ce837f9f585ae7e0d4220f66df7296ddbb850f545af9,Stripe,"Financial Crimes Analyst, Crypto Investigations",United States,unstated,other_mba_tech,mba_unknown,https://stripe.com/jobs/search?gh_jid=7974209,open
512ea05167d3a80b57f6a73ed2035f871c3af1eb7f345ddf4be364bff0827a7f,Stripe,"Account Executive, Enterprise (Grower) ","US-Remote-CA, US-San Francisco, US-Seattle, US-New York",unstated,other_mba_tech,mba_unknown,https://stripe.com/jobs/search?gh_jid=7993151,open
49a84f4c8a5c1cdf2b10a52b70cbac2e3e0fe39c2965f7a45118b6d7ef27e001,Stripe,"Staff Software Engineer, Payments Intelligence","Seattle, New York, San Francisco",unstated,ai_product,mba_unknown,https://stripe.com/jobs/search?gh_jid=7986004,open
3d2f9c4b94c1721759784173abffb08522a077ab2e2ba8aa010d933f0fe7f186,Stripe,"Staff Software Engineer, Payment Systems","Seattle, New York, San Francisco",unstated,ai_product,mba_unknown,https://stripe.com/jobs/search?gh_jid=8172164,open
19a0add579c761b1f8482368b5ab512669d82aa70f2e7cb48ce296a947a930e0,Stripe,"Partner Development Manager, Strategic Partnerships",US-San Francisco; US-New York City; US-Seattle; US-Remote; US-Chicago; CA-Toronto; CA-Remote,unstated,ai_product,mba_unknown,https://stripe.com/jobs/search?gh_jid=7973002,open
049b6d39da52bd479b85f0aeecdb4f0720df361adb771c0ca65e12a582809124,Stripe,GTM Operations Process Architect,US Remote National,unstated,ai_product,mba_unknown,https://stripe.com/jobs/search?gh_jid=7993610,open
5a42e4a854654f0ca3c5742480db2e8bd6747b131bea3690e5c8ed29120bf3a5,Stripe,"Account Executive, Strategic Platform Partnerships","San Francisco, CA; New York, NY",unstated,other_mba_tech,mba_unknown,https://stripe.com/jobs/search?gh_jid=8157577,open
48c712bbb436b08c1470724b47d0055d764b1f4222c65251793841126e7de51c,Stripe,Partner Solutions Architect - Billing,USA ,unstated,other_mba_tech,mba_unknown,https://stripe.com/jobs/search?gh_jid=7927330,open
339027e5809e52812317c6b227836c6ddc105f01b0f918d18aadcd212f6cf545,Stripe,"Account Executive, Enterprise Platforms, Hunter","New York, NY; San Francisco, CA; Seattle, WA; Chicago, IL",unstated,product_strategy,mba_unknown,https://stripe.com/jobs/search?gh_jid=7961609,open
fb2d9ed0fe4933940bcefafa154b6195d9a868cb3795ffd5c200748542eb9619,Stripe,"Technical Account Manager, AI User Segment","San Francisco, CA",unstated,ai_product,mba_unknown,https://stripe.com/jobs/search?gh_jid=7918088,open
7d8064e89fb244d32057b4410ef8e62f2a4f4f0712f6a0931ef5fed1b2157ec5,Stripe,"Staff Product Manager, Dashboard","San Francisco, Seattle, NYC, Chicago, Atlanta, US Remote",unstated,ai_product,mba_unknown,https://stripe.com/jobs/search?gh_jid=7913702,open
633b49861014b086dc6ec60b2bee1d7963e145ee377b1a09ab77ebfe4cc43104,Stripe,Head of Platforms Solutions Architecture,"San Francisco, CA",unstated,other_mba_tech,mba_unknown,https://stripe.com/jobs/search?gh_jid=7915144,open
57ac6bbefd74baa06a59df2f920aefa7e0639a6c3bd3f4923d93ed4957d0974b,Stripe,"Staff Product Manager, Sail Core","New York, US - Remote, Toronto",unstated,product,mba_unknown,https://stripe.com/jobs/search?gh_jid=7913698,open
6b4ae59f3cf28170dd9f2cf836eaecff329cd6215b171f0f73e77c48ef5a8bfc,Stripe,"Manager, Sales Development","Chicago, Illinois",unstated,product_marketing,mba_unknown,https://stripe.com/jobs/search?gh_jid=7896538,open
e86ff73950e86bbf37fa747e11f254f20adbe2a3f8851a06fb25211cf42d33b5,Stripe,"Senior Product Manager, Enterprise","San Francisco, Seattle, New York, Chicago, Atlanta, Remote",unstated,product,mba_unknown,https://stripe.com/jobs/search?gh_jid=7812856,open
cd86a4bcd6cc58dd93edbe2048859c3bfac0ca70bf6b6799200c61e0f9ccb6c4,Stripe,"Product Lead, Support Experience","Seattle, Washington, United States",unstated,ai_product,mba_unknown,https://stripe.com/jobs/search?gh_jid=7869917,open
bff8b4821136f6ce7266425e9206255cb0f341c7e7d53c2fa0c587a0d13cf4f9,Stripe,Corporate Communications,"DC, SF, NYC",unstated,other_mba_tech,mba_unknown,https://stripe.com/jobs/search?gh_jid=7827403,open
5048be9bf9df625a7912de909eabf50603823cf19987ad5615dbefcd661bd912,Stripe,Product Manager: New Grad Accelerator,"San Francisco, New York City, Seattle",unstated,ai_product,mba_unknown,https://stripe.com/jobs/search?gh_jid=7737124,open
9d019355a1e0760a56f0090035746a71e5fd3ed6c81212fe70f3e6ff083f604a,Stripe,"Security Engineer, Bridge","SF, New York, Seattle",unstated,other_mba_tech,mba_unknown,https://stripe.com/jobs/search?gh_jid=7776179,open
69a65c3f74fa1bbbea67e768c9a0728fe0fb4e10142b3369f9550870c61ea73c,Stripe,Crypto Product Accounting ,"San Francisco, Seattle, New York",unstated,other_mba_tech,mba_unknown,https://stripe.com/jobs/search?gh_jid=7774312,open
e44d3c7909c06caba6e7ab0d6ea21252fd210835397e7fab3e5841c64ef68b6f,Stripe,Campaign Strategy & Operations Manager,"San Francisco, Seattle, New York, Chicago, Remote in the US",unstated,ai_product,mba_unknown,https://stripe.com/jobs/search?gh_jid=7584016,open
0cf7e38dfca98b98c8eab0cdc376c54af39c6766bca05015cca69c42a1203a54,Stripe,"Account Executive, Enterprise Platforms (Grower)","San Francisco, CA; Chicago, IL & New York, NY",unstated,product_strategy,mba_unknown,https://stripe.com/jobs/search?gh_jid=7576967,open
00bb1f30d30256f5382b4b27ddd74dc157fcc8f973a8a7c2b266984b1db2e350,Stripe,Internal Audit - Treasury,Dublin OR London,unstated,other_mba_tech,mba_required,https://stripe.com/jobs/search?gh_jid=7678541,open
7a23d934c30aeaf6d9b672f9a88bfea16b12a88e4f12226bde52ddbe964f97f9,Stripe,"Compliance Manager, User Enablement",Dublin OR London,unstated,ai_product,mba_unknown,https://stripe.com/jobs/search?gh_jid=7530580,open
07441fb3913b51ab9e2b9f141966f9d95dce7bcb3b451b6d151f99ee6ac2c8bd,Stripe,"Software Engineer - Smart Contract, Bridge",San Francisco or New York,unstated,other_mba_tech,mba_unknown,https://stripe.com/jobs/search?gh_jid=7507904,open
01d913b0141e7962cafde8966cda6728952780ed64c3dfb8d45d6ce6add07b6f,Stripe,"Staff Product Manager, ML Foundations and GenAI","Seattle, San Francisco, New York, US - Remote",unstated,ai_product,mba_unknown,https://stripe.com/jobs/search?gh_jid=7517535,open
f57e43d1d998e57ce6927ab170f0bca203b5ceea834dc4951a0de8b1e27ee58a,Stripe,"Product Manager, Link - Consumer","SF, SEA, NY, Remote-US",unstated,ai_product,mba_unknown,https://stripe.com/jobs/search?gh_jid=7392697,open
b0c15c579a04a0c07415eb9800bc755a9683bebccc16211428a63283507ae9e7,Stripe,"Infrastructure Engineer, Privy",New York,unstated,other_mba_tech,mba_unknown,https://stripe.com/jobs/search?gh_jid=7462961,open
8d9b4edd1c8360b7e9af4522e628c1585c2c572f3bc6c1c63e8328a69297ef58,Stripe,"Sales Manager, Account Executives - Startups (Grower)",New York,unstated,other_mba_tech,mba_unknown,https://stripe.com/jobs/search?gh_jid=7368924,open
8ca2cba8fa07afe44bc8413d88e567b5275fd1de424df90df9bac66856584668,Stripe,"Data Science Manager, Finance and Strategy","Seattle, WA OR New York, NY OR Remote North America",unstated,ai_product,mba_unknown,https://stripe.com/jobs/search?gh_jid=7440963,open
2a6cd0751192104cbcf3a027415d8286a638bfbd6289e2b44bfeb27956cd2c0a,Stripe,Technical Solutions Engineer,"Seattle, WA, Remote-US",unstated,other_mba_tech,mba_unknown,https://stripe.com/jobs/search?gh_jid=7377101,open
01a7036bf72b3b9bab5d3c79b39a73e60a4664debf01d166257b3a30e4e48efb,Stripe,"Backend Engineer, Developer & End-user Experience Platform","SEA, SF, NY, Toronto",unstated,other_mba_tech,mba_unknown,https://stripe.com/jobs/search?gh_jid=7476555,open
dd0b52959e0ba6be8481b2d0f7f10e1030ce114b8e6ed67508a9a738a638f26c,Stripe,"Account Executive, Platforms (Hunter) ","Chicago, Illinois",unstated,product_strategy,mba_unknown,https://stripe.com/jobs/search?gh_jid=7298935,open
910f175f88ab3d0228ea78758b217cd37aa2fc8e887f0ae6d537a475555574be,Stripe,"Staff Product Manager, AI","San Francisco, Seattle, New York, Chicago",unstated,ai_product,mba_unknown,https://stripe.com/jobs/search?gh_jid=7655023,open
700a06038cf00338124524dde12ef35191df12bedc1500a4ad2cc499e55aa77d,Stripe,"Backend Engineer, Developer & End-user Experience Platform","Toronto, NY, SEA, SF",unstated,other_mba_tech,mba_unknown,https://stripe.com/jobs/search?gh_jid=7557899,open
5c5ed82fe3609ee323c19ac0eb2060438c46ec1a6a0eb823067f5b91cbfb7d50,Stripe,"Specialist Solutions Architect, Radar (Fraud/Risk)",NY or SF,unstated,ai_product,mba_unknown,https://stripe.com/jobs/search?gh_jid=7365914,open
32534a5e2129d08897fff4e1c2230bd9eb760887be2e85e7d3dba72423485096,Stripe,"Software Engineer, Bridge","San Francisco, NY, Seattle",unstated,product,mba_unknown,https://stripe.com/jobs/search?gh_jid=7277110,open
c4dc02c92005b0bd5207679d3782091cf5a708f6b099fa0e16b9ddf8156d32b2,Stripe,"Product Manager, Payments","SF, NY, SEA, Remote-US",unstated,product,mba_unknown,https://stripe.com/jobs/search?gh_jid=7176530,open
97ca080a5f0adb69687b5581b7cd121ecad745c8b638aa5bb767b753f20e8d2e,Stripe,"Forward Deployed Engineer, Privy",New York Privy HQ,unstated,other_mba_tech,mba_unknown,https://stripe.com/jobs/search?gh_jid=7230452,open
97ba43827a64bdcd244864faa79d2b06183c76b92c840d139034afee4d731b8a,Stripe,"Program Manager, Risk Operations GTM Enablement",United States,unstated,other_mba_tech,mba_unknown,https://stripe.com/jobs/search?gh_jid=8158082,open
bb754f3b346415162b6b8b14a2f1f5dd7682815e440896c9eaa975784b3993d3,Stripe,Sales Development Representative,"Chicago, Illinois",unstated,other_mba_tech,mba_unknown,https://stripe.com/jobs/search?gh_jid=6570253,open
7f44713c481bd440122b4430cdbccfb5e3b37d216a4d7c72c358637a09c2898d,Stripe,Customer Success Manager,"Chicago, IL; Atlanta, GA",unstated,product,mba_unknown,https://stripe.com/jobs/search?gh_jid=6558993,open
00f8ee24e16ea425f7788c420a2d4a51c0ccb9d65d4ff758495c0842995520c0,Stripe,"Product Marketing Manager, Portfolio Pricing",United States,unstated,product_strategy,mba_unknown,https://stripe.com/jobs/search?gh_jid=7832098,open
f79f9a5cb47b7a93bdf0e1ea1164bce59f24fe7540afba23f3fdcf477f6820d6,Stripe,Product Marketing Manager,"San Francisco, New York, Seattle, Chicago, Remote, Toronto",unstated,product_strategy,mba_unknown,https://stripe.com/jobs/search?gh_jid=6348471,open
2e629f9564cedab910ae4114f0c4f05057b71160abc989196588f228972afd0f,Stripe,"Product Marketing Manager, Revenue suite",United States,unstated,product_strategy,mba_unknown,https://stripe.com/jobs/search?gh_jid=8233263,open
aabb6a58a98f29dbe54ad3b3ef462eca9dfb9621e4854f71b044e2003787a017,Coinbase,IT Support Engineer,"San Francisco, CA",unstated,other_mba_tech,mba_unknown,https://www.coinbase.com/careers/positions/8234137?gh_jid=8234137,open
eb146bb5914ffb45c7bb8b3de5d25b62711e54add4ecb422baa8bc18ac2b465c,Samsara,Technical Program Manager - Enterprise Security,Remote - MA,unstated,ai_product,mba_unknown,https://www.samsara.com/company/careers/roles/8204376?gh_jid=8204376,open
e2984bc98a0998968ab95c11cebe2a5a8e22d946d0ad13b4f286f86c30c8918c,Samsara,Mid-Market Account Executive - Public Sector  (Northeast),Remote - CT; Remote - NY; Remote - PA; Remote - US,unstated,other_mba_tech,mba_unknown,https://www.samsara.com/company/careers/roles/8205132?gh_jid=8205132,open
db5c23acec357efd142eecebd9d95293a0c514553443eecd4fac38bf9ee78b4a,Samsara,"Group Manager, Product Marketing Manager - Public Sector",Remote - DC,unstated,product_marketing,mba_unknown,https://www.samsara.com/company/careers/roles/8148044?gh_jid=8148044,open
dad7546f51fb6714ef2db879e5a6691ba90952a1728440620ee4d48b89f1125a,Samsara,Select Major Account Executive (CST),Remote - MI,unstated,other_mba_tech,mba_unknown,https://www.samsara.com/company/careers/roles/7818248?gh_jid=7818248,open
d8921729b7542d82244fc2984e4c085533a54028de07388f9421cc45059519b2,Samsara,Mid-Market Account Executive - Public Sector  (TOLA),Remote - LA; Remote - OK; Remote - TX; Remote - US,unstated,other_mba_tech,mba_unknown,https://www.samsara.com/company/careers/roles/8198243?gh_jid=8198243,open
d61373b6a95f67da6edfd7bc53fcb20d8b1864fe354425e0e264285eac54732f,Samsara,Specialist Seller - Connected Maintenance - Public Sector,Remote - LA,unstated,other_mba_tech,mba_unknown,https://www.samsara.com/company/careers/roles/7961471?gh_jid=7961471,open
cf0f391894f58d14640257d88c990457166e0e62c92ac3b628341a68a60a88ad,Samsara,"Manager, Account Development","Atlanta, Georgia, United States",unstated,other_mba_tech,mba_unknown,https://www.samsara.com/company/careers/roles/8072065?gh_jid=8072065,open
cad79a08c594d34a71d58d4bec64fecfffad8a342c5c043bebc194f4804dffdc,Samsara,Specialist Seller - Connected Maintenance - Public Sector,"Atlanta, Georgia, United States",unstated,other_mba_tech,mba_unknown,https://www.samsara.com/company/careers/roles/7961458?gh_jid=7961458,open
c4b0cd20c598e27e64cc4b5c783f9524c389427e17c9c16e6875d76bfcd658ad,Samsara,Principal Business Systems Analyst,Remote - OR,unstated,other_mba_tech,mba_unknown,https://www.samsara.com/company/careers/roles/8167808?gh_jid=8167808,open
97df33448ca0118622db5d57890887a184a577eb660bbd77b071c3d5fcbf9419,Samsara,Enterprise Core Account Executive - Public Sector,Remote - AZ,unstated,other_mba_tech,mba_unknown,https://www.samsara.com/company/careers/roles/8186048?gh_jid=8186048,open
79bdae26965aa4e5131d8b024429cc11597e85f6181d39ce8f9da88de6a35ff8,Samsara,Mid-Market Account Executive - Public Sector  (Southeast),Remote - DC; Remote - FL; Remote - GA; Remote - US,unstated,other_mba_tech,mba_unknown,https://www.samsara.com/company/careers/roles/8205120?gh_jid=8205120,open
7318ee79d95a89986fa8372104013ea806adac3fde824d23ec27256742a2e918,Samsara,(New Grad) Account Development Representative II - Phoenix,"Phoenix, Arizona, United States",unstated,ai_product,mba_unknown,https://www.samsara.com/company/careers/roles/8094371?gh_jid=8094371,open
69aacc7ae69679a95f20595a69bceb5bc493a5fc7db7f41abc7b8486c6520c8d,Samsara,Staff Application Security Engineer,Remote - DC,unstated,ai_product,mba_unknown,https://www.samsara.com/company/careers/roles/8205139?gh_jid=8205139,open
50c31857ba036170cf579a0225ecdc274661302a6601cfc59d7b81157e7ef7e5,Samsara,"Sr. Manager, Finance & Strategy - Marketing","San Francisco, CA, United States",unstated,ai_product,mba_unknown,https://www.samsara.com/company/careers/roles/8092918?gh_jid=8092918,open
4ae6f0d9fb7dcf050cbf5e958e54efb7def2e903589d9370d0e53e01e34e73ef,Samsara,Staff Application Security Engineer,"San Francisco, CA, United States",unstated,ai_product,mba_unknown,https://www.samsara.com/company/careers/roles/7852183?gh_jid=7852183,open
4aac2cdb9871230e100dd5fa445d0b80b5a952d11592eb6a82119e02d8ec6990,Samsara,Senior Public Policy and Government Affairs Manager,Remote - DC,unstated,other_mba_tech,mba_unknown,https://www.samsara.com/company/careers/roles/8141744?gh_jid=8141744,open
431d21e37341b1be20047722dd360713a8c02b302140fbea1bbf2e618e19521a,Samsara,Specialist Seller - Connected Maintenance - Public Sector,Remote - MA,unstated,other_mba_tech,mba_unknown,https://www.samsara.com/company/careers/roles/7961449?gh_jid=7961449,open
39cde8183cca825f713c084797933e6bb2075fbf6798895c5676a69b57c70cee,Samsara,Legal Project Manager III,Remote - CA,unstated,ai_product,mba_unknown,https://www.samsara.com/company/careers/roles/8189002?gh_jid=8189002,open
39ca65eeaad4db54e9f6712fbf7b96cb6c252071b220d6a56830613f87f07402,Samsara,Specialist Seller - Connected Maintenance - Public Sector,Remote - TX,unstated,other_mba_tech,mba_unknown,https://www.samsara.com/company/careers/roles/7961459?gh_jid=7961459,open
2b8eac50a954f8b6eeb340f8e96bccaf10105ea053b0d53f3f64409176999f55,Samsara,Specialist Seller - Connected Maintenance - Public Sector,Remote - NY,unstated,other_mba_tech,mba_unknown,https://www.samsara.com/company/careers/roles/7961186?gh_jid=7961186,open
00ffd15d8a9c8f2e1f52b950e8cf9f1d909f4b3e504e27779944a02349b02be2,Samsara,Customer Success Manager V,Remote - CA,unstated,other_mba_tech,mba_unknown,https://www.samsara.com/company/careers/roles/7487346?gh_jid=7487346,open
5c56cf2bb71483b544aa746541e7facb4d0774d4fb0260f9b84f6b984a637ac1,Klaviyo,Partner Account Manager,"San Francisco, CA",unstated,ai_product,mba_unknown,https://www.klaviyo.com/careers/jobs/8005687003?gh_jid=8005687003,open
24755e875311cd412aa61c47b54f0bdf4dc5900963218b7a8dbaeeeabdd1b2b0,Klaviyo,Partner Account Manager,"Denver, CO",unstated,ai_product,mba_unknown,https://www.klaviyo.com/careers/jobs/8005686003?gh_jid=8005686003,open
f0e23a05e19ef8930d047ccf6496d3342b44a4edb5bd98e3246ad27bc0f5e253,Klaviyo,Partner Account Manager,"Boston, MA",unstated,ai_product,mba_unknown,https://www.klaviyo.com/careers/jobs/8004963003?gh_jid=8004963003,open
ce89e02a6b56be93a8c0e39cec26262db111fe20837eac24e67c41443c49500b,Squarespace,Senior Manager International Strategy,New York City,unstated,ai_product,mba_unknown,http://www.squarespace.com/about/careers?gh_jid=8159497,open
aac0e98b16ca69b6ef8f7e8e3812f143e69c3b50559b9e34ebfec3d735dbd7d2,Faire,"Brand Operations Lead, Fulfillment","New York City, NY; San Francisco, CA",unstated,ai_product,mba_unknown,https://boards.greenhouse.io/faire/jobs/8845058002?gh_jid=8845058002,open
1067e0ec9663219eea4e0e7148d7022ec6098058f693df3540190f7cfba27f99,Coinbase,GFCO Program Manager,Remote - USA,unstated,ai_product,mba_unknown,https://www.coinbase.com/careers/positions/8070046?gh_jid=8070046,open
acf7fd0a9f31afb95c6704eebe08806943c2b04b5b80121c12aeae9bd24d4db8,Faire,Senior Applied AI/ML Scientist - Listing Quality,"San Francisco, CA",unstated,ai_product,mba_unknown,https://boards.greenhouse.io/faire/jobs/8831888002?gh_jid=8831888002,open
2bdbc7ad2fb5551faa49e39bfa24242de169d2bcb63616c02405fc40fe4fee14,ZoomInfo,Senior Software Engineer ,"Bethesda, Maryland, United States",unstated,ai_product,mba_unknown,https://www.zoominfo.com/careers?gh_jid=8604799002,open
9017e552da62199a3a11a8fd240eaf563ba79302111aac4b16f0dbaf1190b57c,ZoomInfo,Senior Software Engineer - Platform Integrations ,"Bethesda, Maryland, United States",unstated,ai_product,mba_unknown,https://www.zoominfo.com/careers?gh_jid=8565628002,open
b08f54b2fdb94dead0bf35e3a0ca453e01289492cce60c26932628bc7a75ee4f,Robinhood,"Senior Staff Software Engineer, Core Infrastructure","Bellevue, WA",unstated,ai_product,mba_unknown,https://boards.greenhouse.io/robinhood/jobs/8147341?t=gh_src=&gh_jid=8147341,open
ab4d5815527895469b2a180582fe8ac59f3eeca75873aea1084cd933b702b7e7,Robinhood,"Android Engineer, Social","Menlo Park, CA; New York, NY",unstated,ai_product,mba_unknown,https://boards.greenhouse.io/robinhood/jobs/8202874?t=gh_src=&gh_jid=8202874,open
9ea868152f150c2ebd9e4c808d4de7360082b577522e4f6d18b086b6299e9a9d,Robinhood,"Senior iOS Engineer, Crypto Trading","New York, NY",unstated,ai_product,mba_unknown,https://boards.greenhouse.io/robinhood/jobs/8027506?t=gh_src=&gh_jid=8027506,open
816c243aa4d1ed8afd16be9516fab13483e81f29ad9257b3f3ba9ca358185ef7,Robinhood,"Engineering Manager, Credit Cards & Banking","Menlo Park, CA; New York, NY",unstated,ai_product,mba_unknown,https://boards.greenhouse.io/robinhood/jobs/7489697?t=gh_src=&gh_jid=7489697,open
12beeb621a79418f9feaabfec2932cb6dc09b3a48bcabc0beaee64206fe0c7e1,Figma,Software Engineer - AI Product,"San Francisco, CA • New York, NY • United States",unstated,ai_product,mba_unknown,https://boards.greenhouse.io/figma/jobs/5551730004?gh_jid=5551730004,open
68d5ce5e6b665b953fd510ca7973197e713d7b1b1c35bbcbb3073be532bfd123,Lyft,Associate Operations Manager,"Nashville, TN",unstated,other_mba_tech,mba_unknown,https://app.careerpuck.com/job-board/lyft/job/8733655002?gh_jid=8733655002,open
5dae6a3103188cf3aa2acd73f55a9395efe6140f0cafe33d75ac6691c505074c,Nextdoor,Account Manager,"New York, NY",unstated,ai_product,mba_unknown,https://about.nextdoor.com/careers-list/?gh_jid=8229367,open
d01c15af9487df4f9f8ba2fbd5429a5fdbeaae70a359b7cded65b252dc9034ca,Figma,Researcher - Rapid Research,"San Francisco, CA • New York, NY • United States",unstated,ai_product,mba_unknown,https://boards.greenhouse.io/figma/jobs/6204360004?gh_jid=6204360004,open
fc166d958c8cc0c6dfa15a2ca9e4aac4debae1f9ef45fa6fa633492a3f64ce6b,Okta,Pricing Operations Principal,"Bellevue, Washington",unstated,ai_product,mba_unknown,https://www.okta.com/company/careers/opportunity/8233336?gh_jid=8233336,open
b72df38f59ab3d117aa38eefb7052a895adfc38ed148b9460b603c06d1fa6c17,Peloton,Senior Network Engineer,"New York, New York",unstated,ai_product,mba_unknown,https://careers.onepeloton.com/en/all-jobs/?gh_jid=7290826,open
1fed264a0f38581942e29f5ffae8bfe00a88fa05a62f3b32b5458cb399515e99,Coinbase,"Senior Counsel, Business Legal",Remote - USA,unstated,ai_product,mba_unknown,https://www.coinbase.com/careers/positions/8224901?gh_jid=8224901,open
6c300cf641ee49e777424f0312e82ebc0d9832113d77321f25ee423beb1143f6,Faire,Senior Applied AI/ML Scientist - Marketplace Quality,"San Francisco, CA",unstated,ai_product,mba_unknown,https://boards.greenhouse.io/faire/jobs/8845103002?gh_jid=8845103002,open
3b3001466039acadf884c2625a6c42c9879a0bf1c25adfe2b2c0fc9c2a63258b,Lyft,Repair Operations Lead,"Nashville, TN",unstated,other_mba_tech,mba_unknown,https://app.careerpuck.com/job-board/lyft/job/8840187002?gh_jid=8840187002,open
617de7e32989c80029200686909d13a5e3eb0b9a287b343f079324ab2435d49d,Squarespace,"Senior Director, FP&A",New York City,unstated,ai_product,mba_unknown,http://www.squarespace.com/about/careers?gh_jid=8232865,open
a7fc7d97f7a162441671dd0f89e3787138eb7e7fd4571d16dffe308ac3f7b841,Coinbase,"Senior Performance Marketing Manager, Global Paid Social & Mobile UA",Remote - USA,unstated,ai_product,mba_unknown,https://www.coinbase.com/careers/positions/8192485?gh_jid=8192485,open
bf0e33690c06e46fccd4bfff4a4e923e97439fdcf380c85ab92daf565d2c33df,Instacart,Billing Operations Lead,United States - Remote,unstated,ai_product,mba_unknown,https://instacart.careers/job/?gh_jid=8232310,open
ed5cd13103f27e74253f9ddb61668940e8348727876b953afa06c34fdfaea37a,Faire,"Strategy & Analytics Senior Director, Discovery","New York City, NY; San Francisco, CA",unstated,ai_product,mba_unknown,https://boards.greenhouse.io/faire/jobs/8843624002?gh_jid=8843624002,open
7ec1d39b4e4852f35906d3999fd1795f6b89017393ffafa0810ab0364a3914a1,Affirm,"Staff Technical Program Manager, Engineering Onboarding",Remote US,unstated,ai_product,mba_unknown,https://job-boards.greenhouse.io/affirm/jobs/7984707003,open
6ab37af397e689e58279797c7c971210e02ddf4b11f179de4b56f4290b2ad73c,Nextdoor,"Client Partner, LA","Los Angeles, CA",unstated,ai_product,mba_unknown,https://about.nextdoor.com/careers-list/?gh_jid=8164898,open
3ccc09846ca1e8008ada4ed7798aeafca6e1002150ddb4fd7411524502aa277a,Lyft,Senior Account Executive,"San Francisco, CA",unstated,other_mba_tech,mba_unknown,https://app.careerpuck.com/job-board/lyft/job/8843527002?gh_jid=8843527002,open
d373fe6b37e2bd5f3ecdb386da9e94085bfd99d63f8a85078935c7a1e1a7feb3,Figma,"Manager, Software Engineering - Growth Platform ","San Francisco, CA • New York, NY • United States",unstated,ai_product,mba_unknown,https://boards.greenhouse.io/figma/jobs/6010279004?gh_jid=6010279004,open
a8d75540422a7b107ebf92f69a81b93842b7ea078c68690e015a4af86eb659e8,Peloton,"Associate, Music Supervision","New York, New York",unstated,ai_product,mba_unknown,https://careers.onepeloton.com/en/all-jobs/?gh_jid=8223430,open
af4a2a097099e4a0490ef664743c678efd9ec7e255e1fe286866a522ac03a48a,Attentive,"Senior Manager, Strategic Communications ",United States,unstated,ai_product,mba_unknown,https://job-boards.greenhouse.io/attentive/jobs/4394693009,open
31144a6ef00a4c1200329a122c7af6dcd637917909e7bb4232a2314f0aea6fae,Coinbase,Deputy Chief Regulatory Officer,Remote - USA,unstated,other_mba_tech,mba_unknown,https://www.coinbase.com/careers/positions/8001778?gh_jid=8001778,open
65ac21f471a2827847416d149765dbf6c00958165afe84802ef4c1af477b040a,Flexport,Enterprise Account Executive,"Chicago, Illinois, United States",unstated,other_mba_tech,mba_unknown,https://job-boards.greenhouse.io/flexport/jobs/8136587,open
3eaff2b6d8ec08e1e55133b1af2b3ca413539237a00ecd52cc165c85a1f27b91,Lyft,Internal Communications Manager,"San Francisco, CA",unstated,other_mba_tech,mba_unknown,https://app.careerpuck.com/job-board/lyft/job/8843279002?gh_jid=8843279002,open
019b82e3c68462040e5abcd0cfa47703eca4b290335b28c049a1cf055c792d25,Okta,Senior Software Engineer - Core Infrastructure,"San Francisco, California",unstated,ai_product,mba_unknown,https://www.okta.com/company/careers/opportunity/8212358?gh_jid=8212358,open
2c857411b28bde07b8f86cb94a3a8c91cd0071e1985e65e56765a1d871f3d76b,Attentive,"Director, Customer Support ",United States,unstated,ai_product,mba_unknown,https://job-boards.greenhouse.io/attentive/jobs/4376219009,open
1480b5c1c8383b5b1403a497ad8d8ab324de327f98bf7ed93e5b667a4876fef3,Coinbase,"Staff Software Engineer, EAA CX",Remote - USA,unstated,other_mba_tech,mba_unknown,https://www.coinbase.com/careers/positions/6784618?gh_jid=6784618,open
987c1d8b74d815b8e4ef1533f874e1049a262166432ded3d9b88216815d0f07c,Brex,Relationship Manager,"San Francisco, California, United States",unstated,other_mba_tech,mba_unknown,https://www.brex.com/careers/8519256002?gh_jid=8519256002,open
ec0f93a3102f45fea026bd59993688ba35e328a08937d9dab6c83875416b5c30,Instacart,"Senior Engineering Manager, Core Picking",United States - Remote,unstated,product_strategy,mba_unknown,https://instacart.careers/job/?gh_jid=8084349,open
2f4b5c09deee7fcbac09405b4f3e1e63e397775bac275fbdecc60e6024029f19,Klaviyo,Commercial Account Executive (Portuguese Speaking),"Boston, MA; Denver, CO",unstated,ai_product,mba_unknown,https://www.klaviyo.com/careers/jobs/7776017003?gh_jid=7776017003,open
c137d1809767aaf6d9c3f6e796c3d5f055aa05b7ffe06b1c17c9409bde064287,Klaviyo,Commercial Account Executive,"Denver, CO",unstated,ai_product,mba_unknown,https://www.klaviyo.com/careers/jobs/7577985003?gh_jid=7577985003,open
c2943aeaf5f0d7a0727d7779046f5ec7f015bbf5a7b875caa3c85eb319ccc5b5,Klaviyo,Commercial Account Executive,"Boston, MA",unstated,ai_product,mba_unknown,https://www.klaviyo.com/careers/jobs/7577984003?gh_jid=7577984003,open
d214a4241fe5b999da9eaa11771e3c7df40aefd662a768bd16937852e0382157,Faire,Strategy & Operations Senior Associate,"San Francisco, CA",unstated,ai_product,mba_unknown,https://boards.greenhouse.io/faire/jobs/8842311002?gh_jid=8842311002,open
4b990224e4132c222313e9f34d0c7e0ecb8b8398baad6daf4e5884425be2e250,Instacart,Bilingual Customer Experience Specialist,United States - Remote,unstated,ai_product,mba_unknown,https://instacart.careers/job/?gh_jid=8157774,open
f6f9c528b32aa3c782f0202302357de8fb0b5903f93e102c05a6e37d385c9cbc,Databricks,"Staff Software Engineer, Agent Quality","New York City, New York",unstated,ai_product,mba_unknown,https://databricks.com/company/careers/open-positions/job?gh_jid=8842963002,open
a7dedb31088c06268867cfaf24e68046623a291856d1eb0f754d1dd0352ecac0,Figma,Video Strategist,"San Francisco, CA • New York, NY • United States",unstated,ai_product,mba_unknown,https://boards.greenhouse.io/figma/jobs/6204556004?gh_jid=6204556004,open
b4338e669fa26c9d338eea8cedf4cef513be0a9faef4c6e1d50101b9d675ce1c,Affirm,"Director, Platform Sales",Remote US,unstated,other_mba_tech,mba_unknown,https://job-boards.greenhouse.io/affirm/jobs/8003795003,open
00e0203b6bab50a25e8f674ce95c9e92a6322bfd8debab02c6ce1ab593d47747,Figma,"Manager, Talent Products","San Francisco, CA • New York, NY • United States",unstated,ai_product,mba_unknown,https://boards.greenhouse.io/figma/jobs/6193623004?gh_jid=6193623004,open
d54e425c6d98d81c89ef29ddfe1bccf013799d97bdc4faaa95d6a33b1be2329d,Braze,"Account Executive, Scale",New York City,unstated,ai_product,mba_unknown,https://job-boards.greenhouse.io/braze/jobs/8049784,open
938d58dc4b9e3176a974293d4c2ea8e13d9450012ce9aba5e068e80887301c04,Braze,Senior Software Engineer I,New York City,unstated,ai_product,mba_unknown,https://job-boards.greenhouse.io/braze/jobs/8226604,open
e54084aa6cca6451e4f6bd155da962f5ede9c56467d6b162b33f2317dc13223d,Affirm,"Software Engineer II, Backend (Identity Decisioning)",Remote US,unstated,product,mba_unknown,https://job-boards.greenhouse.io/affirm/jobs/7985860003,open
f8761483bae621467182cb35fca9fd27f85ff427f39eba2c129f80fe6e1a922f,Coinbase,Senior Software Engineer - Data Platform ,Remote - USA,unstated,ai_product,mba_unknown,https://www.coinbase.com/careers/positions/7812407?gh_jid=7812407,open
c903d077173bc4a2960fe0d58fd80d8156ce335ad1d7c59aa37fd93f51a5d4a6,Peloton,Senior Software Engineer,"New York, New York",unstated,ai_product,mba_unknown,https://careers.onepeloton.com/en/all-jobs/?gh_jid=8223450,open
00e069c8d47a04bf7c614d1813f8e142080217129f513e47028fbd5b60c43530,Attentive,"Senior Engineering Manager, Platform",United States,unstated,ai_product,mba_unknown,https://job-boards.greenhouse.io/attentive/jobs/4418793009,open
b63887862ae980636655927e160204678c9a280d6602abd65e9f323830e72e9a,Figma,"Manager, Order Management","San Francisco, CA • New York, NY • United States",unstated,ai_product,mba_unknown,https://boards.greenhouse.io/figma/jobs/6206760004?gh_jid=6206760004,open
50395087760d5a437cecf3ad557c86195c59c823b3863b3185454828aedd600b,Figma,Software Engineer - Full Stack,"San Francisco, CA • New York, NY • United States",unstated,ai_product,mba_unknown,https://boards.greenhouse.io/figma/jobs/5691911004?gh_jid=5691911004,open
13f0a3fafd6d7448ca9719667a9fff72d48019591f25ff2effa7dce41198b846,Betterment,"Manager, B2B Marketing",Betterment HQ - New York City,unstated,product_marketing,mba_unknown,https://www.betterment.com/careers/current-openings/job?gh_jid=8025872&gh_jid=8025872,open
cdccbc4216c485abc6458717cf47b28e0463ad478906a62029f33cc635a483c1,Brex,Senior Partner Marketing Manager,"New York, New York, United States",unstated,ai_product,mba_unknown,https://www.brex.com/careers/8578102002?gh_jid=8578102002,open
674f77b3661f62c80fce7f308116034c0fea9cfc2cf0a09c29cf8d137c1b983c,Brex,Senior Partner Marketing Manager,"Seattle, Washington, United States",unstated,ai_product,mba_unknown,https://www.brex.com/careers/8578103002?gh_jid=8578103002,open
c6288b28d3324b7598e3c5ed0516674ae3195730821c7947cb845dc3078d299d,Coinbase,"Senior Software Engineer- Blockchain Platform (Wallets, Liquidity & Bridging)",Remote - USA,unstated,ai_product,mba_unknown,https://www.coinbase.com/careers/positions/8204215?gh_jid=8204215,open
a9ee9d71e1aef4f84a234e7fd9464d6704370029fa3b3ea8f584fba393d30d95,Coursera,Promotions Marketing Manager,"Denver, Colorado",unstated,ai_product,mba_unknown,https://job-boards.greenhouse.io/coursera/jobs/6207197004,open
d41bd67879138328b63f513bf092baa22406d6ebfdc0e068e48b03f67ca9f087,Okta,Signal & Growth Insights Manager,"Bellevue, Washington; Chicago, Illinois; Toronto, Ontario, Canada",unstated,ai_product,mba_unknown,https://www.okta.com/company/careers/opportunity/7561410?gh_jid=7561410,open
0c85ddc55d3d0f521d9efa86d9c420bbcc4616260263bc1a132d784ef9e4701c,Brex,Product & Privacy Counsel,"New York, New York, United States",unstated,ai_product,mba_unknown,https://www.brex.com/careers/8727946002?gh_jid=8727946002,open
f4a39be4f12dc1b8aaa58c3b7aac7e933b57c22b65166a12d19755533c020705,Brex,Credit Card Counsel,"Salt Lake City, Utah, United States",unstated,ai_product,mba_unknown,https://www.brex.com/careers/8698360002?gh_jid=8698360002,open
49625ff9afbd881ecbab3a1a2d76e763b41aa302a2e293b11ab7f20a588246cd,Brex,Credit Card Counsel,"Seattle, Washington, United States",unstated,ai_product,mba_unknown,https://www.brex.com/careers/8698359002?gh_jid=8698359002,open
1af4e1d48ea4556bd5dbf0bb838ed91a8d17c1efb51d6a2de1527fe6608e7440,Brex,Credit Card Counsel,"San Francisco, California, United States",unstated,ai_product,mba_unknown,https://www.brex.com/careers/8698358002?gh_jid=8698358002,open
17373d1ffc98ce338f09b202d16848b7296bcf5978c533dfff1e7c5ff91cc7ce,Brex,Credit Card Counsel,"New York, New York, United States",unstated,ai_product,mba_unknown,https://www.brex.com/careers/8697069002?gh_jid=8697069002,open
50bb77a45c63dbfd66cbfc972ff13398a1b654123b0fe87a90ab25c1d8da9c03,Brex,ERM Compliance Lead,"Salt Lake City, Utah, United States",unstated,ai_product,mba_unknown,https://www.brex.com/careers/8812024002?gh_jid=8812024002,open
b2480928748bc3c8fa31e6c14481c2333c8b6effdae4afd58dc27e57061326c6,Brex,ERM Compliance Lead,"San Francisco, California, United States",unstated,ai_product,mba_unknown,https://www.brex.com/careers/8812021002?gh_jid=8812021002,open
8d5230c2c3f792e6fef6724ca12d712aa950fbb29eefd27f2ddf40246768c542,Brex,ERM Compliance Lead,"New York, New York, United States",unstated,ai_product,mba_unknown,https://www.brex.com/careers/8812016002?gh_jid=8812016002,open
25267645ac9083ddc7b1c2113a73e4d6f24df6028ea16d009c5976804915c22e,Affirm,"Director, Platform Accounts Management",Remote US,unstated,other_mba_tech,mba_unknown,https://job-boards.greenhouse.io/affirm/jobs/7799164003,open
64103e171d7bdc55174916bc83458061784e96451e31429385a633b0a632ec3d,Databricks,Strategic Core Account Executive,"San Francisco, California",unstated,ai_product,mba_unknown,https://databricks.com/company/careers/open-positions/job?gh_jid=8766584002,open
0a73b262bdf595d7b644ba3c55b3d75554d373119664b20a79bc54f6f5c9e7bd,Peloton,Staff Product Line Architect,"Woodinville, Washington",unstated,ai_product,mba_unknown,https://careers.onepeloton.com/en/all-jobs/?gh_jid=8067872,open
5952a9067e4eca4af1854b20fdf12a9024517386a7200b55a0ffced7ca40dae7,Brex,"Counsel, Employment","San Francisco, California, United States",unstated,other_mba_tech,mba_unknown,https://www.brex.com/careers/8770720002?gh_jid=8770720002,open
7d7999949e0b562bb3a857ecdac11dee04d15ce155a67587add6337ba9a46d27,Brex,"Counsel, Employment","Seattle, Washington, United States",unstated,other_mba_tech,mba_unknown,https://www.brex.com/careers/8770721002?gh_jid=8770721002,open
8990e96140723a768a04c77a1b50d3bde3b53edce2d16dd34d4a54eb4c262995,Brex,"Counsel, Employment","New York, New York, United States",unstated,other_mba_tech,mba_unknown,https://www.brex.com/careers/8770722002?gh_jid=8770722002,open
657c5b7ef3d9b47b71c04ea627aa901e32190a49f2d55e49a30d248251aec4b5,Brex,"Counsel, Employment","Salt Lake City, Utah, United States",unstated,other_mba_tech,mba_unknown,https://www.brex.com/careers/8770724002?gh_jid=8770724002,open
f05c8ac39331a42e35d8b8c0cbd966841426085dab8085b8575b453c054b1f41,Brex,Head of Regulatory Affairs,"New York, New York, United States",unstated,other_mba_tech,mba_unknown,https://www.brex.com/careers/8842315002?gh_jid=8842315002,open
59cf7bbdb394d2ee04f098acfc9d664cbea92459039b0a64c76d5212adcfc246,Brex,Head of Regulatory Affairs,"San Francisco, California, United States",unstated,other_mba_tech,mba_unknown,https://www.brex.com/careers/8831612002?gh_jid=8831612002,open
f1ae42094b93efd42413f31830a481061a51d69aa7817d55d403b56cca124f42,ZoomInfo,Business Applications Analyst III,"Waltham, Massachusetts, United States",unstated,ai_product,mba_unknown,https://www.zoominfo.com/careers?gh_jid=8691801002,open
6676233a285f4f089792ff150fbc0781d60cde0e4c7f08a7713031321d457338,Brex,Senior Partner Marketing Manager,"San Francisco, California, United States",unstated,ai_product,mba_unknown,https://www.brex.com/careers/8578101002?gh_jid=8578101002,open
7be88d344d9652515b4f68e21ad4059b92f6e2d52d734fd7541ba06ccd0179be,Okta,Senior Technical Account Manager - Key Accounts - Auth0,"Bellevue, Washington; Los Angeles, California; Oregon; San Francisco, California",unstated,ai_product,mba_unknown,https://www.okta.com/company/careers/opportunity/8197825?gh_jid=8197825,open
fe6bd976585518085c7bd2e97502f5344c2455fb0bfd5676ddec19e57073bd59,Brex,People Programs Lead,"New York, New York, United States",unstated,other_mba_tech,mba_unknown,https://www.brex.com/careers/8834130002?gh_jid=8834130002,open
d70871acb7b867280caea0465808e23e1d50d52a07143c9da0e3cae3b48dfb22,Databricks,"Associate Product Manager, New Grad (2027 Start)","Bellevue, Washington; Mountain View, California; San Francisco, California",unstated,ai_product,mba_unknown,https://databricks.com/company/careers/open-positions/job?gh_jid=7586263002,open
cb4041a2bee63a7787513b4e1ec34c90e7bf740be464992a2a35ad9bf2f764b9,Braze,"Customer Success Manager II, Enterprise",New York City,unstated,ai_product,mba_unknown,https://job-boards.greenhouse.io/braze/jobs/8227314,open
34da856931aa3e3ab66c3cc78b9130d401682621308f835966fe9f4a192881a5,Affirm,"Senior Director, Product Management (Financial Platforms)",Remote US,unstated,ai_product,mba_unknown,https://job-boards.greenhouse.io/affirm/jobs/7999793003,open
d31a3dca092e3ec1c1ff6f0445fcaedfe5529cec6cc76f86a868b651a31781cb,Brex,Solutions Consultant,"Salt Lake City, Utah, United States",unstated,ai_product,mba_unknown,https://www.brex.com/careers/8536760002?gh_jid=8536760002,open
dd9f7821c2a960fdd8f0ef2cc30a973485b1124d7beda177d1e70ef731bdf7b5,Brex,Solutions Consultant,"Seattle, Washington, United States",unstated,ai_product,mba_unknown,https://www.brex.com/careers/8536526002?gh_jid=8536526002,open
fa763975a995a1770b4b553bfd0de3d1eb19c7d94c6c606ecf76c58afc57c276,Brex,Solutions Consultant,"New York, New York, United States",unstated,ai_product,mba_unknown,https://www.brex.com/careers/8536524002?gh_jid=8536524002,open
00655b0cfe0d697f3d387b5128df1e8d56839e6afd486f6fad0622454ab108c6,Brex,Solutions Consultant,"San Francisco, California, United States",unstated,ai_product,mba_unknown,https://www.brex.com/careers/8535434002?gh_jid=8535434002,open
48d141dcb56fbfe787f42f5c3d6e427dff059a0e8610e3bbdea9bb68cfe9f055,Betterment,Sr Engineering Manager – API & Auth Platform,Betterment HQ - New York City,unstated,ai_product,mba_unknown,https://www.betterment.com/careers/current-openings/job?gh_jid=8212254&gh_jid=8212254,open
c85acf5d53b378eb003bbb66343a14a5a96b0c00be34be391f051eb02e77c821,Betterment,Sr. Software Engineer – API & Auth Platform,Betterment HQ - New York City,unstated,ai_product,mba_unknown,https://www.betterment.com/careers/current-openings/job?gh_jid=8212276&gh_jid=8212276,open
f4c73eab408f36797f847d782602bbf1938bbeddab269ca33a82f49000977d24,ZoomInfo,GTM Data Solutions Architect,"Waltham, Massachusetts, United States",unstated,other_mba_tech,mba_unknown,https://www.zoominfo.com/careers?gh_jid=8641894002,open
d914cbfb1ec2254fb8c497a234fbadf289310a300845b4edcd21bc8b62fa3d38,Asana,"Channel Account Executive, LATAM ",US FL Miami - Remote,unstated,other_mba_tech,mba_unknown,https://www.asana.com/jobs/apply/8161860?gh_jid=8161860,open
fac3957c0b85c1d18dbbe5341d97567b11dd506d55a4c7dda1af68c15709de04,Klaviyo,Sr. Lead MarTech & AI Solutions Architect,"San Francisco, CA",unstated,ai_product,mba_unknown,https://www.klaviyo.com/careers/jobs/8003547003?gh_jid=8003547003,open
34e9d1d682ac34ec6b813d21a6220999663272e36e8d01b0de74953b540694e8,Klaviyo,Sr. Lead MarTech & AI Solutions Architect,"Boston, MA",unstated,ai_product,mba_unknown,https://www.klaviyo.com/careers/jobs/8002962003?gh_jid=8002962003,open
daeece7787f5b353a18d8830a834a8af27af278ef0e8d8490a7f0e883970b63f,ZoomInfo,Senior Software Engineer,Remote-US-CA,unstated,ai_product,mba_unknown,https://www.zoominfo.com/careers?gh_jid=8243004002,open
b6f72393cebcfe377abcef07b86e78eb6a14885054154936a20e3762da8441d6,Brex,People Programs Lead,"San Francisco, California, United States",unstated,other_mba_tech,mba_unknown,https://www.brex.com/careers/8834133002?gh_jid=8834133002,open
c253088062a81609d376f9f2f301bb6c02a9b2194900c98b94250d888c7ef92c,Okta,"Technical Architect, Auth0","Bellevue, Washington; Chicago, Illinois; New York, New York; San Francisco, California; Toronto, Ontario, Canada; Washington, DC",unstated,ai_product,mba_unknown,https://www.okta.com/company/careers/opportunity/8201733?gh_jid=8201733,open
fb0313243730cfd9432874c54eaa068f0db345782261ff6e196888c4d5d6ba1d,Flexport,Account Executive ,"San Diego, California, United States",unstated,other_mba_tech,mba_unknown,https://job-boards.greenhouse.io/flexport/jobs/8192411,open
e527e80ba240e7cfb4272f0cc9c10b8885ac89dd84065d642323d78db2c8d2ce,Flexport,Account Executive III (Farmer),"San Diego, California, United States",unstated,other_mba_tech,mba_unknown,https://job-boards.greenhouse.io/flexport/jobs/8192416,open
ff19bb9232c1729d4cefb6d5d9522d33a80de872272a191e3e9307c3545e82e4,Okta,"Marketing Automation Manager, AI Journey","Bellevue, Washington; Chicago, Illinois; Toronto, Ontario, Canada",unstated,ai_product,mba_unknown,https://www.okta.com/company/careers/opportunity/8106012?gh_jid=8106012,open
e60e20c92f9c25431d6ee2ca5789e0a2f5df6c96c3f110dba475e1989849d4f4,Squarespace,"Senior Lead, AI Pricing & Margin Strategy",New York City,unstated,ai_product,mba_unknown,http://www.squarespace.com/about/careers?gh_jid=8205265,open
5564075460435431d125a7db599cda26204dd2ba1480c7c5187d7cfa41f68e22,Betterment,Sr. Software Engineer,Betterment HQ - New York City,unstated,other_mba_tech,mba_unknown,https://www.betterment.com/careers/current-openings/job?gh_jid=8201993&gh_jid=8201993,open
b63fc1c108ac73db76ab5dc476f7a4742c05c3da6b6796c4c6c5cc8ceb573e92,Faire,Senior Applied AI/ML Scientist - Brand Growth,"San Francisco, CA",unstated,ai_product,mba_unknown,https://boards.greenhouse.io/faire/jobs/8801507002?gh_jid=8801507002,open
0ba0b4fc27277f394c9429c9118bc32a295e5d217fee1eec5cd0406211e758a7,Faire,Senior Applied AI/ML Scientist - Retailer Growth,"San Francisco, CA",unstated,ai_product,mba_unknown,https://boards.greenhouse.io/faire/jobs/8832899002?gh_jid=8832899002,open
f896de715259c4f76b3ebfb6980d1bcf8e9af633dbe4048ca1b322a58e392330,Okta,Pricing Operations Principal,"San Francisco, California",unstated,ai_product,mba_unknown,https://www.okta.com/company/careers/opportunity/8203708?gh_jid=8203708,open
6b97baa07818a882350678d1a5b44b5c8a6cc473e71ba17ede77ff98771994c6,Okta,Sr. Customer Success Manager ,"Connecticut; Maryland; New Jersey; New York, New York; Washington, DC",unstated,ai_product,mba_unknown,https://www.okta.com/company/careers/opportunity/7930857?gh_jid=7930857,open
c92d1c42dc81e6373d37e2228537fae641bed37e8c23d55ae8dd4040d1442d47,Coinbase,"Counsel, Commercial",Remote - USA,unstated,ai_product,mba_unknown,https://www.coinbase.com/careers/positions/8030594?gh_jid=8030594,open
9866115168f3628e20124a6ef8ffa8604933f522b0aecbc6bc33d7e24f95e003,Figma,"Early Career, Product Designer (2027)","San Francisco, CA • New York, NY",unstated,ai_product,mba_unknown,https://boards.greenhouse.io/figma/jobs/6180053004?gh_jid=6180053004,open
20afb0747e8ab31510eda2592427f768658649c62c4c6679705374d1236f0b70,Affirm,"Senior Director, Product Management (Card)",Remote US,unstated,product,mba_unknown,https://job-boards.greenhouse.io/affirm/jobs/7801336003,open
7683142f02583fc7a9574649ad5ef498f02349e188aa9c89efd70ed228b846be,Figma,"Director, Product Design - AI & Context","San Francisco, CA • New York, NY • United States",unstated,ai_product,mba_unknown,https://boards.greenhouse.io/figma/jobs/6201114004?gh_jid=6201114004,open
507c3f9d1f9b03039f8fcf118c128c81bb26eb97cfc165ce38d984b6b705ab2a,Brex,"Senior Counsel, Risk","New York, New York, United States",unstated,ai_product,mba_unknown,https://www.brex.com/careers/8834122002?gh_jid=8834122002,open
45e134eb4932038d647188956ce559156aaa51df1f93ee901a9b9329940f0799,Brex,"Senior Counsel, Risk","San Francisco, California, United States",unstated,ai_product,mba_unknown,https://www.brex.com/careers/8834121002?gh_jid=8834121002,open
7af292f4d61315602d340fa71ae698ed395f19c036cf2a3b0b391ae65b6c8a6a,Squarespace,"Senior Staff Operations Manager, Office of the President (PED)","Remote, California",unstated,ai_product,mba_unknown,http://www.squarespace.com/about/careers?gh_jid=8205269,open
541f29052c7c578eb8857eee4c7f644cea8629c5c8dd24b723376647a3ba3ef9,Discord,"Engineering Manager, Machine Learning (Safety)",San Francisco Bay Area (or Remote U.S.),unstated,ai_product,mba_unknown,https://job-boards.greenhouse.io/discord/jobs/8722538002,open
b821bf4110c031eefdea1c6efda38b8ee3760cfd6c02f397e673aaca1d3ed851,Duolingo,"Staff Product Manager, Monetization","New York, NY",unstated,product,mba_unknown,https://careers.duolingo.com/jobs/8474673002?gh_jid=8474673002,open
6b7582f77c048c2b34d1a96952bc99b77df2e93be7325e683533f9c76ff4fcd3,Duolingo,"Director, Talent Acquisition – Sourcing","Pittsburgh, PA",unstated,other_mba_tech,mba_unknown,https://careers.duolingo.com/jobs/8691257002?gh_jid=8691257002,open
ce25958641b94388a769679b45cf7a2586115d563c63ad3e9f053c8449ab68cf,Peloton,Sr. Learning Experience Designer,"New York, New York",unstated,ai_product,mba_unknown,https://careers.onepeloton.com/en/all-jobs/?gh_jid=8021123,open
d32b99bf0f1d95ae9e4a5b9bba965e9e67097206af29cd51360d1f760a191f68,Instacart,Billing Operations Associate,United States - Remote,unstated,other_mba_tech,mba_unknown,https://instacart.careers/job/?gh_jid=8219806,open
8f76978beb91c0e9f655d4c76b7856282cf06958ccc4cf7a9406b78f7c0ed2df,Coinbase,Senior Recruiter,Remote - USA,unstated,ai_product,mba_unknown,https://www.coinbase.com/careers/positions/8064788?gh_jid=8064788,open
2f8944ccf062bdf361b41be3d364d6aa099623d09e1e6c21f8e2bb90d9bb8224,Okta,"Staff TDI Site Reliability Engineer, Okta Federal","Washington, DC",unstated,ai_product,mba_unknown,https://www.okta.com/company/careers/opportunity/8073062?gh_jid=8073062,open
733de3a8ea86c5bb757ae84905e59763b7dbef9c3e2bdba94f22483f780f994b,Okta,"Staff TDI Site Reliability Engineer, Okta Federal","Washington, DC",unstated,ai_product,mba_unknown,https://www.okta.com/company/careers/opportunity/8073066?gh_jid=8073066,open
d7fcf300353e901fff38c1aa0d653b61d9037d3f4aba6d818aacc2824486f700,Figma,HRIS Analyst,"San Francisco, CA • New York, NY • United States",unstated,ai_product,mba_unknown,https://boards.greenhouse.io/figma/jobs/6201385004?gh_jid=6201385004,open
37b975d2a0d0e2fff2dee686fbbbf4b87971902ddab1d647956ab4ae1708bdbe,Brex,Startups Ambassador,"San Francisco, California, United States",unstated,ai_product,mba_unknown,https://www.brex.com/careers/8308368002?gh_jid=8308368002,open
1a51c4e492a821a7d78bb70523aa6dc074a8fb9877d181410828e84182b7d41e,ZoomInfo,Customer Solutions Analyst II,"Bethesda, Maryland, United States; Vancouver, Washington, United States; Waltham, Massachusetts, United States",unstated,ai_product,mba_unknown,https://www.zoominfo.com/careers?gh_jid=8569723002,open
8105522e1298ffd3cb6d638e749df2d50403c68cf5513b1b2f1c4bc231050a19,StockX,Sneaker Verification Expert,"Douglasville, GA",unstated,other_mba_tech,mba_unknown,https://job-boards.greenhouse.io/stockx/jobs/8750650002,open
5b9f40fadfa99c6faa284c03d2bc56de483c83c0cc853d28305d1418e5ff4ae1,Brex,"Manager, Collections & Recovery","Salt Lake City, Utah, United States",unstated,ai_product,mba_unknown,https://www.brex.com/careers/8817855002?gh_jid=8817855002,open
2ffcb790fb09c7dfdcbaede7aeaa2346c963335dbb9b94b3d5d226a656ac4cc2,ZoomInfo,Senior Employment Counsel,"Bethesda, Maryland, United States; Waltham, Massachusetts, United States",unstated,other_mba_tech,mba_unknown,https://www.zoominfo.com/careers?gh_jid=8657440002,open
de776ef1d753f3cd0fb08a11ddadd7c54cf8c383f1ff3aee79b5238f77e93fe5,Peloton,Sr. Executive Assistant,"New York, New York",unstated,ai_product,mba_unknown,https://careers.onepeloton.com/en/all-jobs/?gh_jid=8223448,open
6f55f9b5fc6cf9a87220921a51a32fc3ed54ce85768ce60f9732c2ba772470d4,Braze,"Director Specialist Sales, AMER",New York City,unstated,ai_product,mba_unknown,https://job-boards.greenhouse.io/braze/jobs/8214379,open
2c29b10949bb5124af75c3eaa3bc09294d93bfd8efa2cad13ea55ccc2889c476,Squarespace,"Senior Director of Product, Mobile ",New York City,unstated,ai_product,mba_unknown,http://www.squarespace.com/about/careers?gh_jid=8211056,open
8b702dd3098752ccdef2c0cc402d5f98045731f4e63c520f4f5000c7309c67c6,Squarespace,Head of Domains & Email,New York City,unstated,ai_product,mba_unknown,http://www.squarespace.com/about/careers?gh_jid=8013780,open
451d1f234e4a8a65600c982c952c99f843956901c66aca4ff66faf6648b4237c,Klaviyo,Lead Security Compliance Engineer,"Denver, CO",unstated,other_mba_tech,mba_unknown,https://www.klaviyo.com/careers/jobs/8000325003?gh_jid=8000325003,open
d722240aecf4052dd731c28d0249b9dda6501458e4d0732c4807fe1696e053aa,Klaviyo,Lead Security Compliance Engineer,"Boston, MA",unstated,other_mba_tech,mba_unknown,https://www.klaviyo.com/careers/jobs/7997133003?gh_jid=7997133003,open
8fe46a2fe5687380e53b454bc8092d8eac1eef0b7f44f48d0b2b5dc804d8c227,Peloton,Peloton Expert (Part-Time) - Chicago Woodfield,"Schaumburg, Illinois",unstated,ai_product,mba_unknown,https://careers.onepeloton.com/en/all-jobs/?gh_jid=8139316,open
9290e4c2185262fe698e8ef923286e0bdc38ba31fd26e491dadd79514598fdf8,Okta,"Solutions Engineer, Okta (Enterprise)","San Francisco, California",unstated,ai_product,mba_unknown,https://www.okta.com/company/careers/opportunity/8051063?gh_jid=8051063,open
a9c860915ef208a964ea9fe0675d0cc9ff7eec30a0a87527dab87446020d265c,Coinbase,"Senior Engineering Manager, Core AI Automation (Platform)",Remote - USA,unstated,ai_product,mba_unknown,https://www.coinbase.com/careers/positions/8124224?gh_jid=8124224,open
322b6423503be4866d33810fb399d25966083d3903ae8a5fec9577f34548ab5b,Coinbase,"Specialist, Market Operations",Remote - USA,unstated,ai_product,mba_unknown,https://www.coinbase.com/careers/positions/8222259?gh_jid=8222259,open
498d615c3e1ddbb9619eb9aff9bc7667a477fcb4bb67be7a85512bcdc51bcdf7,Discord,"Staff Software Engineer, Machine Learning (Consumer Revenue)",San Francisco Bay Area or Remote (U.S.),unstated,ai_product,mba_unknown,https://job-boards.greenhouse.io/discord/jobs/8802354002,open
42d17df73f00d804b3e2f2d7fa6a57d941fd1f96e1575f9f565e0aae328b93f0,Klaviyo,HRIS Manager (Workday),"Boston, MA",unstated,ai_product,mba_unknown,https://www.klaviyo.com/careers/jobs/7684381003?gh_jid=7684381003,open
900cc496c35ac4ed580dedc8a640124c9799bda6c3553811cf913abe771ecb3f,ZoomInfo,Senior Software Engineer - Chorus,"Bethesda, Maryland, United States; Waltham, Massachusetts, United States",unstated,ai_product,mba_unknown,https://www.zoominfo.com/careers?gh_jid=8634701002,open
2fbef59e7459394b047c25fd75566908c8cba1eb8df3ad118eb26b9dc4ba22fe,Figma,Data Platform Engineer,"San Francisco, CA • New York, NY • United States",unstated,ai_product,mba_unknown,https://boards.greenhouse.io/figma/jobs/6201407004?gh_jid=6201407004,open
f7a324269f54e076d90338e9f22c980558563ceec5fb05856c00eedd6fe049e0,Discord,"Software Engineer, Safety Processing",San Francisco Bay Area or Remote (U.S.),unstated,ai_product,mba_unknown,https://job-boards.greenhouse.io/discord/jobs/8823881002,open
41b702f1a8fec2531346199e155b0c15085dda770c0eeee184b466edd668b569,Flexport,"Senior Trade Advisory Associate, Classification","Atlanta, Georgia, United States; Bellevue, Washington, United States; Chicago, Illinois, United States; Dallas, Texas, United States; Denver, Colorado, United States; Los Angeles, California, United States; New York City, New York, United States; San Francisco, California, United States",unstated,other_mba_tech,mba_unknown,https://job-boards.greenhouse.io/flexport/jobs/8065932,open
e0b90be82ac7c6aacb7ef73498ce1236dcec1941b646b67f2896f58b814acb99,Coinbase,Senior Machine Learning Platform Engineer,Remote - USA,unstated,ai_product,mba_unknown,https://www.coinbase.com/careers/positions/8211490?gh_jid=8211490,open
9f4d039736877575a3260d6d549b8732ff43ac204e84593306c7472dab62d21c,Flexport,Global Operations Associate,"Dallas, Texas, United States",unstated,other_mba_tech,mba_unknown,https://job-boards.greenhouse.io/flexport/jobs/8221466,open
7c08314127b1f09b7dfb57803b3c414299d10a5eb6154d5cd58151bb06865efa,Braze,"Director, Applied AI Architects",New York City,unstated,ai_product,mba_unknown,https://job-boards.greenhouse.io/braze/jobs/8197642,open
a037c2e38552725f31965c27607c79423a89cdd9495e33b4059644c1f6c4276a,Squarespace,Corporate Development Manager,New York City,unstated,ai_product,mba_unknown,http://www.squarespace.com/about/careers?gh_jid=8205248,open
fd218a7b89a8d4d6e40cae1f315e394c5205d04526ec5e8971da338f282b31dc,Braze,"Senior Account Executive, Emerging Enterprise",New York City,unstated,ai_product,mba_unknown,https://job-boards.greenhouse.io/braze/jobs/8074838,open
263d368baefaedc2795f500c4fd7d991f185bf75b9c70a0b93cf3739a3ad14a3,Okta,"Senior Financial Analyst, G&A ","San Francisco, California",unstated,other_mba_tech,mba_unknown,https://www.okta.com/company/careers/opportunity/8039368?gh_jid=8039368,open
f14bb4c6cc856aef0a2ec62aeb98a63fec80425adcfd79a67f6237d40d64b1d4,Okta,Staff Software Engineer (Federal),"San Francisco, California",unstated,ai_product,mba_unknown,https://www.okta.com/company/careers/opportunity/8210784?gh_jid=8210784,open
06002e4e2812f145d7672b4b19e85df176ea893a9a396e9ce2ea73b8654f9f8b,Attentive,"Staff Software Engineer, Machine Learning","New York, NY",unstated,ai_product,mba_unknown,https://job-boards.greenhouse.io/attentive/jobs/4413218009,open
eb657b6495b9dc9b38d64a60e6a964f3235c8aa5e85f48011983abd348feac7e,Okta,Senior Software Engineer (Federal),"San Francisco, California",unstated,ai_product,mba_unknown,https://www.okta.com/company/careers/opportunity/8210915?gh_jid=8210915,open
51ec4fd69513afac3a630511db82012082a7ec0743dd7618a0a2a9374eb20429,Attentive,"Staff Software Engineer, Machine Learning ","San Francisco, CA",unstated,ai_product,mba_unknown,https://job-boards.greenhouse.io/attentive/jobs/4244729009,open
63011fef4d776b7bf8033cc1c0e555faccaae7f4fb0132bf4ce957164c404ca6,Braze,Senior Recruitment Coordinator,New York City,unstated,ai_product,mba_unknown,https://job-boards.greenhouse.io/braze/jobs/8181445,open
ffacc06215bb1df0e11eb26e66a5cc44582d41108d2f9302d93f7a6f92deb521,Databricks,Sr. Staff Technical Program Manager - Reliability,"Bellevue, Washington; Seattle, Washington",unstated,ai_product,mba_unknown,https://databricks.com/company/careers/open-positions/job?gh_jid=8445423002,open
fef0e56e2ce791672b94cfde33fadd863142991eaa0b914d1f9e56a36f07861a,Databricks,Sr Staff Product Operations Manager,"Bellevue, Washington; Seattle, Washington",unstated,ai_product,mba_required,https://databricks.com/company/careers/open-positions/job?gh_jid=8524422002,open
fde163e2b711c200a151ee706c3f527e08ebc96bd30090040893dfe388132ee5,Databricks,Sr Software Engineer-Networking,"Bellevue, Washington",unstated,ai_product,mba_unknown,https://databricks.com/company/careers/open-positions/job?gh_jid=8211450002,open
fd70e558e75c6aba5091b545b5256e6a81078475f919d16df77b6d8b37133900,Databricks,Staff Data Scientist ,"San Francisco, California",unstated,ai_product,mba_unknown,https://databricks.com/company/careers/open-positions/job?gh_jid=5507088002,open
fc516bf242a3db6a233c4bf51b6ac5a52330c412ab24d531bc996526180f53b3,Databricks,Staff Software Engineer - Money Team,"Bellevue, Washington",unstated,ai_product,mba_unknown,https://databricks.com/company/careers/open-positions/job?gh_jid=7111068002,open
fc4a5b65f7ec57a76cd0c73015e8c6919579ce9ca3d95ec81cdd66a5f9da62ce,Databricks,Engineering Manager - UI Platform,"Seattle, Washington",unstated,ai_product,mba_unknown,https://databricks.com/company/careers/open-positions/job?gh_jid=8013809002,open
facf4673ff15e1e08900ec969e672e69ab44b06aaf000a3b08dcd4d959b6ed47,Databricks,Staff Software Engineer - Distributed Data Systems,"Mountain View, California",unstated,other_mba_tech,mba_unknown,https://databricks.com/company/careers/open-positions/job?gh_jid=6544364002,open
f87f9417a93ac90d035b585ee6717d97472b7bd6c2b8e29f4306e883ab39feea,Databricks,Solutions Architect - Digital Native Business,United States,unstated,ai_product,mba_unknown,https://databricks.com/company/careers/open-positions/job?gh_jid=6117719002,open
f826f25059a8eee337691a50ed71becf5a5a315789ae6a34c69c764df9a790a3,Databricks,"Sr. Solutions Architect - Retail, Travel & Hospitality","Atlanta, Georgia; Chicago, Illinois; Dallas, Texas; Phoenix, Arizona; Portland, Oregon; Remote - California; Remote - North Carolina; Seattle, Washington",unstated,other_mba_tech,mba_unknown,https://databricks.com/company/careers/open-positions/job?gh_jid=8221491002,open
f6f5baa81e66232cc4d957337b3ff2d4ddc03043e69b860eb9a754f3950cc467,Databricks,Staff Software Engineer - Distributed Data Systems,"San Francisco, California",unstated,other_mba_tech,mba_unknown,https://databricks.com/company/careers/open-positions/job?gh_jid=5646855002,open
f6360ed11e47e323984e28b07fda2dd95007edb628e461a994de1901e69e307b,Databricks,Senior Software Engineer - Fullstack,"Mountain View, California; San Francisco, California",unstated,ai_product,mba_unknown,https://databricks.com/company/careers/open-positions/job?gh_jid=7898766002,open
f2a4597b6906748095c43d8e648ccdddd625f71da28d5774bcff0b8f1db0a52b,Databricks,Systems PhD - Software Engineer ,"Mountain View, California; San Francisco, California",unstated,other_mba_tech,mba_unknown,https://databricks.com/company/careers/open-positions/job?gh_jid=8482037002,open
f1db5c68c9517c88b1cce055120d0ad7d0e6741a193113aff6bc5f0853b4df35,Databricks,"Staff Software Engineer, Model Serving ","San Francisco, California",unstated,ai_product,mba_unknown,https://databricks.com/company/careers/open-positions/job?gh_jid=8211647002,open
f079c7d3c10378c90f920fc2d3ba076c7efbc86cc79ea7a0c62d498f36e9a5b0,Databricks, Staff Software Engineer - Database Engine Internals,"Mountain View, California",unstated,other_mba_tech,mba_unknown,https://databricks.com/company/careers/open-positions/job?gh_jid=6544386002,open
ee33012bd58600430fe426f7265df857e46d6e91e7a307cc819a5ee016d11dd4,Databricks,Staff Software Engineer - Backend,"Seattle, Washington",unstated,ai_product,mba_unknown,https://databricks.com/company/careers/open-positions/job?gh_jid=6779232002,open
ed8688af4ba17804228e3de6d15d8ad85afdbb29d48a6c6a28964205b6acec9b,Databricks,"Principal Engineer, Compute Fleet Management","Bellevue, Washington",unstated,other_mba_tech,mba_unknown,https://databricks.com/company/careers/open-positions/job?gh_jid=8334738002,open
e5f8308dd73e0157ac2177f645b34278bea76905b72880e89e4c98c57b9cb2ba,Databricks,Staff Software Engineer - Database Engine Internals,"San Francisco, California",unstated,other_mba_tech,mba_unknown,https://databricks.com/company/careers/open-positions/job?gh_jid=5646866002,open
e5f55c43e0b5019f1584522b2c6d1a6e0433590aa1313f53bdf8a60aed2092f7,Databricks,"Staff Fullstack Engineer, Agentic Applications","Mountain View, California",unstated,ai_product,mba_unknown,https://databricks.com/company/careers/open-positions/job?gh_jid=8220836002,open
e5646214d98da41f68b2172b712db176eebe0a24e952ccab0d6cb927fb7f08ee,Databricks,Staff Machine Learning Engineer ,"San Francisco, California",unstated,ai_product,mba_unknown,https://databricks.com/company/careers/open-positions/job?gh_jid=8401114002,open
e3a614afdd1c795bcaf7873df63d1860e2cebf198dd7bd59a6438e9e8b2d1787,Databricks,"Sr. Staff Fullstack Engineer, Agentic Applications","Mountain View, California",unstated,ai_product,mba_unknown,https://databricks.com/company/careers/open-positions/job?gh_jid=8220902002,open
e115f1f90fd2d275a7c6243bf326a63c38669ea31ccf5aa2a0696dbe5c5f46a1,Databricks,Sr Software Engineer -Public Sector,"McLean, Virginia",unstated,other_mba_tech,mba_unknown,https://databricks.com/company/careers/open-positions/job?gh_jid=8512856002,open
dd7bc5ee6b09ac9d36d2a55d5653e1f284f51ab619e2bb27be9acee8f29121c7,Databricks,Staff Software Engineer – Customer Experience Intelligence (CXI),"Mountain View, California; San Francisco, California",unstated,ai_product,mba_unknown,https://databricks.com/company/careers/open-positions/job?gh_jid=8416959002,open
da93cf072cd6dd3f8a4fbc2bd352174c3751ebff446d1a7bf39a4492a0ffd4a0,Databricks,Senior Software Engineer - Database Engine Internals,"Mountain View, California",unstated,other_mba_tech,mba_unknown,https://databricks.com/company/careers/open-positions/job?gh_jid=6544383002,open
d8e1f160706437d42eab5f2f7c2e286174435024ead4bc84220eb4fe10cb67ed,Databricks,"Principal Engineer, Authentication","Mountain View, California; San Francisco, California",unstated,other_mba_tech,mba_unknown,https://databricks.com/company/careers/open-positions/job?gh_jid=8400559002,open
d548aa51c8843549c9ff47a3ad97e346f506567690fed0189536365f880208c7,Databricks,Strategic Account Executive,"San Francisco, California; United States",unstated,ai_product,mba_unknown,https://databricks.com/company/careers/open-positions/job?gh_jid=8815165002,open
d4383ca2984765e55a2d4575ebfccc98ccd8f39d57793e540a1b093f8869417f,Databricks,"Software Engineer, Web Products","Mountain View, California",unstated,other_mba_tech,mba_unknown,https://databricks.com/company/careers/open-positions/job?gh_jid=8635225002,open
d2d06acb002bc6352848682961962d3f95f4d5e7f99006b869ba845a8a179d12,Databricks,"Principal Engineer, Authentication","Bellevue, Washington; Seattle, Washington",unstated,other_mba_tech,mba_unknown,https://databricks.com/company/careers/open-positions/job?gh_jid=8400563002,open
d0218a8fa30d6d3745038f9b25b0d3b8bc6c2d8082a729d19856d4bdef799569,Databricks,"Staff Software Engineer, Technical Lead, Lakebase Manager (LBM)","Bellevue, Washington",unstated,ai_product,mba_unknown,https://databricks.com/company/careers/open-positions/job?gh_jid=8639477002,open
cfd5e30ce18f84541c3b03b0743a489f6ce74cdf4872afa10fad63a77eb0b95b,Databricks,"Senior Software Engineer, AI Runtime","Mountain View, California; San Francisco, California",unstated,ai_product,mba_unknown,https://databricks.com/company/careers/open-positions/job?gh_jid=8582276002,open
cefe8047ea01f6c0420347ad9a7365ad4267214fe6991ca281cc06b7aec25759,Databricks,Senior Staff Software Engineer - Security Infrastructure,"Mountain View, California",unstated,other_mba_tech,mba_unknown,https://databricks.com/company/careers/open-positions/job?gh_jid=7274908002,open
cbb787b11187532fdfd099859a4ab5a7a7464280e321ef11cd3cb27681151355,Databricks,"Sr. Engineering Manager, AI Runtime","Mountain View, California; San Francisco, California",unstated,ai_product,mba_unknown,https://databricks.com/company/careers/open-positions/job?gh_jid=8621706002,open
cb0cb37b9a28283d832e388cbcd4e0230c7fd21c95139cc2f72da60039dc5e83,Databricks,"Sr Software Engineer, Agentic Applications","Mountain View, California",unstated,ai_product,mba_unknown,https://databricks.com/company/careers/open-positions/job?gh_jid=8220814002,open
c87cc06b8cd6a83b0d3efcf1d0827efafacc35228d8d89ec628b1ca796773708,Databricks,Staff Software Engineer - Distributed Data Systems,"Bellevue, Washington",unstated,other_mba_tech,mba_unknown,https://databricks.com/company/careers/open-positions/job?gh_jid=6937001002,open
c660df73d0cb2a8521c03431dad605fb9a3e90d88b4ea7654c6da9f2f538d9e3,Databricks,Sr Staff Technical Program Manager- Security,"Mountain View, California; San Francisco, California",unstated,ai_product,mba_unknown,https://databricks.com/company/careers/open-positions/job?gh_jid=8818577002,open
c5053733b859ea2675ddaa88d4fb987de4e93f961078f3e384237f2f46306821,Databricks,Senior Software Engineer - Security ,"San Francisco, California",unstated,other_mba_tech,mba_unknown,https://databricks.com/company/careers/open-positions/job?gh_jid=7274459002,open
c3fe7f0b9e2c261b94a0063a44778dcaad2d0d13e8c676b271be52a01a6c3be6,Databricks,"Staff Software Engineer, Search Quality","Mountain View, California",unstated,ai_product,mba_unknown,https://databricks.com/company/careers/open-positions/job?gh_jid=8295792002,open
c19848ea188072d1dbc197a7944c50f719cf70c139fa6dca0c562daaa67e2610,Databricks,Staff Software Engineer- Foundation Model Inference,"San Francisco, California",unstated,ai_product,mba_unknown,https://databricks.com/company/careers/open-positions/job?gh_jid=8649279002,open
bbfe4142ee680ca6f18eee8fcca48f71f6ae366cb30494122891b9e07fe5b404,Databricks,"Solutions Architect - Retail, Travel & Hospitality ","Atlanta, Georgia; Central - United States; Remote - North Carolina; West Coast - United States",unstated,other_mba_tech,mba_unknown,https://databricks.com/company/careers/open-positions/job?gh_jid=6049142002,open
bba8bc7cdbdf0ffa8d547c8c557a00eb9b508b8e01d840b8e7911eb9f5022572,Databricks,Staff Production Engineer- Public Sector,Virginia,unstated,ai_product,mba_unknown,https://databricks.com/company/careers/open-positions/job?gh_jid=8519350002,open
b7d957a9206c13a345cb341a91626b71c120d4c43cea44551aa77445f3df06f4,Databricks,Sr Production Engineer- Public Sector,Virginia,unstated,ai_product,mba_unknown,https://databricks.com/company/careers/open-positions/job?gh_jid=8517577002,open
b709c024e0942d66530c8c77b59406e1682137567ac5fb7e42032196a3ca1da6,Databricks,Staff Backline Engineer – ML/AI,"Bellevue, Washington; San Francisco, California",unstated,ai_product,mba_unknown,https://databricks.com/company/careers/open-positions/job?gh_jid=7872746002,open
b3fe8059f8d4da5ec981e0c56edaed93fe162ca6b0fb84c2f338492c33c8a0d6,Databricks,Senior Staff Software Engineer - Enzyme,"Mountain View, California",unstated,ai_product,mba_unknown,https://databricks.com/company/careers/open-positions/job?gh_jid=7934466002,open
b13af1ad3fefc9145690d9ca21293c145b1cd413fef9dac36e2b9427a34d4b2c,Databricks,AI Transformation Leader,United States,unstated,other_mba_tech,mba_unknown,https://databricks.com/company/careers/open-positions/job?gh_jid=7803651002,open
ad611e7aca8a421b1e56ba506d242b825dcb3843f51adcafdbe72758da21751e,Databricks,Senior Software Engineer  - Application Traffic team,"Mountain View, California",unstated,ai_product,mba_unknown,https://databricks.com/company/careers/open-positions/job?gh_jid=8183195002,open
ad3fea96fce58d5e6ca073259def4a2735158e3cfe35265c9c69cd7778ec06f5,Databricks,"Staff Software Engineer, Foundational Model Serving","San Francisco, California",unstated,ai_product,mba_unknown,https://databricks.com/company/careers/open-positions/job?gh_jid=8224683002,open
aa6ca5e2a8232299f4ba659af51dc0b146e02698aab354ad8087e272b11557f1,Databricks,Sr. Staff Software Engineer - Unity Catalog Data Governance,"Bellevue, Washington",unstated,ai_product,mba_unknown,https://databricks.com/company/careers/open-positions/job?gh_jid=7993609002,open
a91995026add25938b269338cf44ac0cef07e72fe437fdf7f01776d981b2e175,Databricks,Senior Staff Software Engineer - IAM,"Mountain View, California",unstated,other_mba_tech,mba_unknown,https://databricks.com/company/careers/open-positions/job?gh_jid=7274563002,open
a8a54b576e17b36eff7f1947a71344f2f126082eacc0e4198b53fa122b91f709,Databricks,"Staff Product Operations Lead, Marketplace Operations","Mountain View, California; San Francisco, California",unstated,ai_product,mba_unknown,https://databricks.com/company/careers/open-positions/job?gh_jid=8823880002,open
a5b405e9c51009d14ebf33914f3109caacac1eee8049a49030cbe59a866ff3a9,Databricks,Senior Software Engineer - Backend,"Bellevue, Washington",unstated,other_mba_tech,mba_unknown,https://databricks.com/company/careers/open-positions/job?gh_jid=6779084002,open
a50cefea1708098900f91593437ae5c1fce0456f355caf5c12e697a79c29217b,Databricks,Business Development Representative,"Chicago, Illinois",unstated,other_mba_tech,mba_unknown,https://databricks.com/company/careers/open-positions/job?gh_jid=8423165002,open
9ec6312acd9f9152892314cdd044ec43f20f31cf6f66591f1cb45748cf4c456b,Databricks,Senior Engineering Manager - Enzyme,"Mountain View, California",unstated,ai_product,mba_unknown,https://databricks.com/company/careers/open-positions/job?gh_jid=8109902002,open
9b4685ad860483f113c91bc0fd3b1dcf2e6901c3f51529939a4d22c5c2028154,Databricks,Sr. Software Engineer- Backend,"New York City, New York",unstated,ai_product,mba_unknown,https://databricks.com/company/careers/open-positions/job?gh_jid=8379331002,open
9b297acb087c7bab4d4ae40afd8dcf75765083eeb7ef27a4e331c101aecb1642,Databricks,Staff Software Engineer- Public Sector,Virginia,unstated,other_mba_tech,mba_unknown,https://databricks.com/company/careers/open-positions/job?gh_jid=8517555002,open
9abfc2fd5dffa02f0f2dfb685f9877261237197433b1701bb9d7ef3cfd21440f,Databricks,Engineering Manager - Compute Infra,"Mountain View, California; San Francisco, California",unstated,ai_product,mba_unknown,https://databricks.com/company/careers/open-positions/job?gh_jid=6736119002,open
9a726c89e56fa5dd3c5f18372369c43ca7973dcf439322e54ee4cafff255b899,Databricks,"Senior Software Engineer, AI Native Web Platform","Mountain View, California",unstated,other_mba_tech,mba_unknown,https://databricks.com/company/careers/open-positions/job?gh_jid=8635216002,open
9a5cb86cc7aa105dcbd811827265194b7a66c32f2e8e1e742ee516ca896e1e12,Databricks,Senior Software Engineer - Distributed Data Systems,"San Francisco, California",unstated,other_mba_tech,mba_unknown,https://databricks.com/company/careers/open-positions/job?gh_jid=4513122002,open
99a99464ceb50180c1708cde9ccdba045b413af2ae2d56432036d6e61c0ab004,Databricks,Senior Software Engineer (Backend) - AI/ML Environments,"Mountain View, California",unstated,ai_product,mba_unknown,https://databricks.com/company/careers/open-positions/job?gh_jid=8233899002,open
98d92396c48a1979334cceb9e33e2907c1cb722304cccc97ef07401993fac23a,Databricks,Sr. Staff Software Engineer - Managed Tables ,"Mountain View, California",unstated,ai_product,mba_unknown,https://databricks.com/company/careers/open-positions/job?gh_jid=8555864002,open
97fc550b385400c2d2332bbf19c24155712d75f362eefa40a959c29f39f1caf1,Databricks,"Staff Product Manager, Security","Seattle, Washington",unstated,ai_product,mba_unknown,https://databricks.com/company/careers/open-positions/job?gh_jid=7110509002,open
9661655eef7bf4fac46ba32b93af74afca0edac6eee1b4b88976d302937be4ec,Databricks,Senior Software Engineer - Infrastructure and Tools,"San Francisco, California",unstated,ai_product,mba_unknown,https://databricks.com/company/careers/open-positions/job?gh_jid=6318503002,open
939e6ef1a8f9ae6c1579a95a75ccd522dc915bd3afc75cc78ce0a9099bcbcd2a,Databricks,Senior Support Engineer (GovOps) ,"McLean, Virginia",unstated,ai_product,mba_unknown,https://databricks.com/company/careers/open-positions/job?gh_jid=8798215002,open
936e72d4f35d07e30c82f0cb0a06c458dbe19c3d6a944eb00096771854cf82b7,Databricks,Sr. Software Engineer - Ingestion Core team,"San Francisco, California",unstated,other_mba_tech,mba_unknown,https://databricks.com/company/careers/open-positions/job?gh_jid=8815669002,open
932565b8d2357635940bee59905a09861a381b21a8c02ef609201d9c041fbc85,Databricks,Solutions Architect - Healthcare/Life Sciences Team (HLS),Remote - Illinois,unstated,other_mba_tech,mba_unknown,https://databricks.com/company/careers/open-positions/job?gh_jid=8085877002,open
92e798d47fe54934f8591ae86291c62914a5e8e3d7168e9c4d89391227b03efe,Databricks,"Geo Core Account Executive, Central America & Caribbean","Florida, United States",unstated,ai_product,mba_unknown,https://databricks.com/company/careers/open-positions/job?gh_jid=8707779002,open
8cacccc461c85360f567c9d176569426f4b8678c3cc6ec6e9b1167f6bd28dd31,Databricks,Staff Software Engineer - User Activation,"San Francisco, California",unstated,ai_product,mba_unknown,https://databricks.com/company/careers/open-positions/job?gh_jid=7979523002,open
8c8b0653191bc2f61e382f18ef275be7ed1b669d49d03cedd549eb1791891a56,Databricks,Senior Software Engineer - Distributed Data Systems,"Bellevue, Washington",unstated,other_mba_tech,mba_unknown,https://databricks.com/company/careers/open-positions/job?gh_jid=6936994002,open
8a46662616483511dc2fbdff24b030f4f1348ca11f2f02b7a99650301ef5d484,Databricks,"Staff Software Engineer, AI Native Web Platform","Mountain View, California",unstated,other_mba_tech,mba_unknown,https://databricks.com/company/careers/open-positions/job?gh_jid=8635188002,open
86699efec9f48c1232698052d1d7260b562bb631c434316c52d1ce015c49c690,Databricks,Staff Software Engineer - Backend,"Bellevue, Washington",unstated,ai_product,mba_unknown,https://databricks.com/company/careers/open-positions/job?gh_jid=6779233002,open
85295945601f474df04e70720ed21cb37d48cb3dada14a0850bb922e888062ff,Databricks,Senior Software Engineer - Fullstack,"Mountain View, California; San Francisco, California",unstated,ai_product,mba_unknown,https://databricks.com/company/careers/open-positions/job?gh_jid=5445641002,open
834c2b8fd7f70ced41648dbe0656448f8535f00531197d41609201a3e40c7425,Databricks,Senior Staff Software Engineer - IAM,"Seattle, Washington",unstated,other_mba_tech,mba_unknown,https://databricks.com/company/careers/open-positions/job?gh_jid=7274557002,open
7fed8466c786a3b086550d5f9e57d02576fc09cd7d155dba18d7d2d2685b1d3c,Databricks,Senior Software Engineer  - Money Team,"Bellevue, Washington",unstated,ai_product,mba_unknown,https://databricks.com/company/careers/open-positions/job?gh_jid=8027404002,open
7f56aa01bd86a58438f5e7735e6ea6f2658920ff7ea5001582bf525abc3087f3,Databricks,Staff Software Engineer - IAM,"Mountain View, California",unstated,other_mba_tech,mba_unknown,https://databricks.com/company/careers/open-positions/job?gh_jid=7994801002,open
77ee56c6d7ea646377222715bd5849a20327c76d31e2c8451d51a1e2f8bc748e,Databricks,Sr Staff Product Operations Manager,"Mountain View, California; San Francisco, California",unstated,ai_product,mba_required,https://databricks.com/company/careers/open-positions/job?gh_jid=8524420002,open
7539f60014e07d0ea47f01bc55a32b244f5d1a6c16ecdf306ff7ee3d661e213f,Databricks,Solutions Architect - Emerging Enterprise,United States,unstated,other_mba_tech,mba_unknown,https://databricks.com/company/careers/open-positions/job?gh_jid=6328361002,open
7426563bf53f03a4c898332def789b08e36841dfc7c802964a4e286b04b5ca6b,Databricks,Sr. Manager – Data & AI Support Engineering,"Plano, Texas",unstated,ai_product,mba_unknown,https://databricks.com/company/careers/open-positions/job?gh_jid=7914730002,open
7152a66ddea7c8e55ec2dba9729bf3131c16d76dce0b14ee8a570ed7b2e61d7c,Databricks,Business Development Representative,"Washington, D.C.",unstated,other_mba_tech,mba_unknown,https://databricks.com/company/careers/open-positions/job?gh_jid=8423167002,open
711205287680f824b5fe8c946880eadb9660f0aeef3d56dd31b21ce50e432597,Databricks,Principal Engineer - Privacy,"San Francisco, California",unstated,other_mba_tech,mba_unknown,https://databricks.com/company/careers/open-positions/job?gh_jid=7274488002,open
6c1ed30d636876eafa01d7df5e708d96604a21f62588e024eab44a447266ac95,Databricks,Staff Software Engineer - GenAI inference,"San Francisco, California",unstated,other_mba_tech,mba_unknown,https://databricks.com/company/careers/open-positions/job?gh_jid=8202698002,open
6bd846b559667b0fb11007727d9378fb0fe4a7cd9bc693d27756e61ee8cf16db,Databricks,Staff Data Scientist - Infrastructure,"Mountain View, California",unstated,ai_product,mba_unknown,https://databricks.com/company/careers/open-positions/job?gh_jid=7069793002,open
6b8627272d9a223dcd6058b854e52fa54995af3a92e1729016d099fdf2120dd5,Databricks,Sr. Engineering Manager - Pipelines Engine,"Mountain View, California; San Francisco, California",unstated,ai_product,mba_unknown,https://databricks.com/company/careers/open-positions/job?gh_jid=8467083002,open
68b600cfa1ca5082d38ed53a74c55cbed58f9155c94556604bbb130598021a0f,Databricks,Senior Data Scientist ,"Mountain View, California; San Francisco, California",unstated,ai_product,mba_unknown,https://databricks.com/company/careers/open-positions/job?gh_jid=5634684002,open
68414ebfeb0a1f323fcbfff3a8e578cfc7a416192c9a0fb2f5f156f9f99767f3,Databricks,"Solutions Architect - Communications, Media, Entertainment & Gaming ",United States,unstated,other_mba_tech,mba_unknown,https://databricks.com/company/careers/open-positions/job?gh_jid=6117756002,open
65cea056057eb2d21f8fa4bc14c8a8e9bf169013ec6fe2c11f526bf1a2ad8193,Databricks,Sr Software Engineer- Customer Experience Intelligence (CXI),"Mountain View, California; San Francisco, California",unstated,ai_product,mba_unknown,https://databricks.com/company/careers/open-positions/job?gh_jid=8416951002,open
657e7c8db8dc633efbd0357f39bc3c38e17cdf773a4bd7fa35433e1ab1e6546d,Databricks,Principal Research Scientist – Scaling,"San Francisco, California",unstated,ai_product,mba_unknown,https://databricks.com/company/careers/open-positions/job?gh_jid=8521190002,open
649b79163ae1a54c7b4bf77d35c2dde9950ff116e0230780dbae8237cd8bf141,Databricks,"Staff Software Engineer, Agentic Applications","Mountain View, California",unstated,other_mba_tech,mba_unknown,https://databricks.com/company/careers/open-positions/job?gh_jid=8635182002,open
64705c8f0e16c79cfe34d72ae2a0468e7dece14918d8491b6149cabad7afc329,Databricks,"Senior Manager, Identity & Access Management (IAM)","Mountain View, California",unstated,ai_product,mba_unknown,https://databricks.com/company/careers/open-positions/job?gh_jid=8301830002,open
637fb3ef4b3c4ae14c6858d1a5aa1175fc7b724adca47ac2e62f5ab12309716f,Databricks,Senior Staff Applied AI Engineer - Context Retrieval,"Mountain View, California; San Francisco, California",unstated,ai_product,mba_unknown,https://databricks.com/company/careers/open-positions/job?gh_jid=8540267002,open
6275473657b16d5b5dc2c56521cf0068933b29bef9883d7c709e159697eb305c,Databricks,Principal Engineer - Privacy,"Seattle, Washington",unstated,other_mba_tech,mba_unknown,https://databricks.com/company/careers/open-positions/job?gh_jid=7274619002,open
60529ab96e65152ab7d7549814281a23c7ceb30d700bb1cc14fbc1b8d270ada6,Databricks,Senior Applied ML Engineer - ML4Sys ,"San Francisco, California",unstated,ai_product,mba_unknown,https://databricks.com/company/careers/open-positions/job?gh_jid=8656900002,open
60336fb332b9fcaa48afbf788c3296d7752627ef4447bdfd50365be90f69c089,Databricks,Staff Backend Software Engineer,New York,unstated,ai_product,mba_unknown,https://databricks.com/company/careers/open-positions/job?gh_jid=8468436002,open
5d1cfc0df5be7ef16b8240e39d7e0d0af280ea4bc73a1e43676c8f24ca1a279c,Databricks,Sr Software Engineer- CXI,"Mountain View, California; San Francisco, California",unstated,ai_product,mba_unknown,https://databricks.com/company/careers/open-positions/job?gh_jid=8617901002,open
5ae3c63e9e7924e9bcb264fd0c0d167ec3a857d1970eeb7d8c661518c01a55c2,Databricks,Staff Software Engineer - IAM,"Bellevue, Washington",unstated,other_mba_tech,mba_unknown,https://databricks.com/company/careers/open-positions/job?gh_jid=7994790002,open
5ae27ea64ace7901c547449bc7af0b43e1ab1bd410c5e0115e8d118c78d01cbb,Databricks,Staff Technical Program Manager- Platform Features,"Mountain View, California; San Francisco, California",unstated,ai_product,mba_unknown,https://databricks.com/company/careers/open-positions/job?gh_jid=8521198002,open
5819c76041291ccd644de41e18c79c3aaea314b6242a797bfbf4b7f6c37276f6,Databricks,Emerging Enterprise Account Executive,United States,unstated,ai_product,mba_unknown,https://databricks.com/company/careers/open-positions/job?gh_jid=7716357002,open
567025bd05ff9154ae6f2e54f58bc2df7cfaa09b0033da96be7f20b6bffe9107,Databricks,Senior Software Engineer - Backend,"San Francisco, California",unstated,other_mba_tech,mba_unknown,https://databricks.com/company/careers/open-positions/job?gh_jid=4799387002,open
561f6ae4c2d39ed2de768b4c9fab77b50ae2196a2d025204382b6484d0d47266,Databricks,Solutions Architect - Emerging Enterprise (Startups) ,United States,unstated,other_mba_tech,mba_unknown,https://databricks.com/company/careers/open-positions/job?gh_jid=6328388002,open
556d0217a9ef5808f9b33a64102310af70f8e5d5603962d4f2abfebded152860,Databricks,Solutions Architect - Healthcare/Life Sciences Team (HLS),Remote - California,unstated,other_mba_tech,mba_unknown,https://databricks.com/company/careers/open-positions/job?gh_jid=8231231002,open
4eebd19cca92972326c474618aa3e8367109abc23fb802164b82f110cfaa55fe,Databricks,Engineering Manager - Identity and Access Management (IAM),"Mountain View, California",unstated,ai_product,mba_unknown,https://databricks.com/company/careers/open-positions/job?gh_jid=8298018002,open
4e464e57f39add0e1940e547a744a634a8e38fad152c9d558b3053248ddf1bd0,Databricks,Staff Software Engineer - Access Management,"Bellevue, Washington",unstated,other_mba_tech,mba_unknown,https://databricks.com/company/careers/open-positions/job?gh_jid=8691490002,open
4e2532c2193e7c2bc5af854c4681639dd5fc33727a2d93440848d02548169c24,Databricks,Senior Software Engineer - Distributed Data Systems,"Mountain View, California",unstated,other_mba_tech,mba_unknown,https://databricks.com/company/careers/open-positions/job?gh_jid=6544325002,open
4938b523369abaf9e3bcec1c3851e89a8f1e7d2e0b17aa0db19e8ef04029ffd5,Databricks,Senior Software Engineer - Fullstack,"Seattle, Washington",unstated,ai_product,mba_unknown,https://databricks.com/company/careers/open-positions/job?gh_jid=6544403002,open
473d643e0def0bd87f419424856eb3fb5bf0a61de127b3737d57f13c296aad37,Databricks,Staff Software Engineer - Security Infrastructure,"Mountain View, California",unstated,other_mba_tech,mba_unknown,https://databricks.com/company/careers/open-positions/job?gh_jid=7994770002,open
44d5037a88dca802776f96f69b80de712674fa826efa646f0dc3f6f0a546ed44,Databricks,Senior Staff Software Engineer - Lakeflow Pipelines Datasets,"Mountain View, California; San Francisco, California",unstated,ai_product,mba_unknown,https://databricks.com/company/careers/open-positions/job?gh_jid=8493002002,open
445c6737d4455b9711554c4ed095d374d0706954a5bdfb30e09e75dfca0d320f,Databricks,"Staff Fullstack Engineer, Agentic Applications","Mountain View, California",unstated,other_mba_tech,mba_unknown,https://databricks.com/company/careers/open-positions/job?gh_jid=8220840002,open
43b90e5dc50418549104f770de3e736339560d457835a2451ecf57f2a5c6cd61,Databricks,Staff Software Engineer - AI Research Infrastructure,"New York City, New York; San Francisco, California",unstated,other_mba_tech,mba_unknown,https://databricks.com/company/careers/open-positions/job?gh_jid=8552484002,open
438ded2b6fd3c660eda046a3b31b358d25246801724cddfdea50255254c22888,Databricks,Engineering Manager - Data Visualization Platform,"Bellevue, Washington",unstated,ai_product,mba_unknown,https://databricks.com/company/careers/open-positions/job?gh_jid=8578093002,open
430005d499902cb9cb3a45fe577f6b8724cbbe32b7a4b4c8b57b26d2cde28d9e,Databricks,"Staff Software Engineer, AI Runtime","Mountain View, California; San Francisco, California",unstated,ai_product,mba_unknown,https://databricks.com/company/careers/open-positions/job?gh_jid=8582271002,open
3f508bbb4aacfd5e51b79002798bdf04e61d9aec7b4ed33bc98f0a39704fe25d,Databricks,Solutions Architect - Manufacturing,"Chicago, Illinois",unstated,other_mba_tech,mba_unknown,https://databricks.com/company/careers/open-positions/job?gh_jid=6545547002,open
3f44782a6042394a7e99ac5b3f1c8b97c96c00299d4253dbacece6be2bad7011,Databricks,Staff Software Engineer - Backend,"Mountain View, California",unstated,ai_product,mba_unknown,https://databricks.com/company/careers/open-positions/job?gh_jid=6544443002,open
3cc5c650f01f7d44214dcc0cb840770d049b87156ca34519e5feadaf8553eeb5,Databricks,Sr Staff Production Engineer- Public Sector,Virginia,unstated,ai_product,mba_unknown,https://databricks.com/company/careers/open-positions/job?gh_jid=8519396002,open
3cb2e0fb2c7edb6b847351145dedfd01945e5a03aa048727822a06777fd2b699,Databricks,Senior Software Engineer - Backend,"Mountain View, California",unstated,other_mba_tech,mba_unknown,https://databricks.com/company/careers/open-positions/job?gh_jid=6544435002,open
3c65e6658b6cfc49a7256e7d62e5f772a318c4a5dbee8ebb266b27260c863141,Databricks,Staff Software Engineer - Frontend (NYC),"New York City, New York",unstated,ai_product,mba_unknown,https://databricks.com/company/careers/open-positions/job?gh_jid=8384595002,open
3b8cfdcfe3d1146ba86a59080ef924b2aebecdcf665ec2966a2e7af5e91ef612,Databricks,Sr Technical Solutions Engineering,"McLean, Virginia",unstated,other_mba_tech,mba_unknown,https://databricks.com/company/careers/open-positions/job?gh_jid=8589172002,open
3af582ab5674c5f6aeea4a5203d5279cf859ccab5de58055266d2bdaf4a84256,Databricks,"Principal AI Research Scientist, Research Director - AI Scaling","Mountain View, California; San Francisco, California",unstated,ai_product,mba_unknown,https://databricks.com/company/careers/open-positions/job?gh_jid=8557780002,open
38fd5b239cb5dc6ac47765fae0535255d1d1e0a8616107fbbe7a31720513590a,Databricks,"Staff Software Engineer, Sales Data & Agents","New York City, New York",unstated,ai_product,mba_unknown,https://databricks.com/company/careers/open-positions/job?gh_jid=8760171002,open
37683e8956d1a0c8eb79347ed0c7c24d1a10a6f68f8c144d5867df246f69f3b3,Databricks,Staff Software Engineer - AI Research Infrastructure,"New York City, New York; San Francisco, California",unstated,other_mba_tech,mba_unknown,https://databricks.com/company/careers/open-positions/job?gh_jid=8532682002,open
35fe31f4ac0b1087c4fa9558b12d4840605f3fd3c206a34af81a2b1e7d0bd111,Databricks,Systems PhD - Software Engineer ,"Bellevue, Washington; Seattle, Washington",unstated,other_mba_tech,mba_unknown,https://databricks.com/company/careers/open-positions/job?gh_jid=8482086002,open
3513b9a0e967e9aa807e900341b6e29e26c8b72d20299d79871fb818fb388a64,Databricks,Staff Software Engineer- CXI,"Mountain View, California; San Francisco, California",unstated,ai_product,mba_unknown,https://databricks.com/company/careers/open-positions/job?gh_jid=8584144002,open
34dfd152bda5d33a42307223d2998c74ddfe404e56e2b0a72c26c1fb22292ad0,Databricks,Staff Security Assurance Engineer ,"Remote - Washington D.C.; Washington, D.C.",unstated,ai_product,mba_unknown,https://databricks.com/company/careers/open-positions/job?gh_jid=8430837002,open
3405c8dcc1e4d0e583d312c9af4a64212fed5e3c367235ce8ba0a603701dd8c9,Databricks,Sr. Staff Technical Program Manager - Reliability,"Mountain View, California; San Francisco, California",unstated,ai_product,mba_unknown,https://databricks.com/company/careers/open-positions/job?gh_jid=8445428002,open
327065899ecaf3a98087928e396967f7388210206c54c43153091fb88ee7ddbf,Databricks,Staff Backend Software Engineer- (AI Platform),"San Francisco, California",unstated,ai_product,mba_unknown,https://databricks.com/company/careers/open-positions/job?gh_jid=8367019002,open
3239b3e1ad692dad4ba0fab4a8aa407c6ddb28689b974157475db3c2b5ed1a9d,Databricks, Staff Data Scientist - Trust and Safety,"San Francisco, California",unstated,ai_product,mba_unknown,https://databricks.com/company/careers/open-positions/job?gh_jid=8178287002,open
3066bbaf41c6532f93d0a02a781cd43ed2be87c99612b75b46aed49531543122,Databricks,Staff Fullstack Engineer,"San Francisco, California",unstated,ai_product,mba_unknown,https://databricks.com/company/careers/open-positions/job?gh_jid=6704975002,open
2d771496244ba2ec0dfb5fc5b37be73a3b5c4aff3563a370bc54da3a4c6edefe,Databricks,Senior Staff Software Engineer - Security Infrastructure,"Bellevue, Washington",unstated,other_mba_tech,mba_unknown,https://databricks.com/company/careers/open-positions/job?gh_jid=7274902002,open
2c6534f0981c32e84a5c533bf5df50d988620b159a669eaf3a1fea29b4d916a8,Databricks,"Staff Product Manager, Security","San Francisco, California",unstated,ai_product,mba_unknown,https://databricks.com/company/careers/open-positions/job?gh_jid=7110499002,open
2921e8d951f9401ac7fb6be14d412c302d26f044f65cc5a0b797293e546d195f,Databricks,"Staff Software Engineer, Ads Measurement & Orchestration","New York City, New York",unstated,ai_product,mba_unknown,https://databricks.com/company/careers/open-positions/job?gh_jid=8760165002,open
2708cb5c51f26f297cbf2d048dd8c12ee2bfbd05440f2a94b6fa8eaba347f92f,Databricks,"Staff Software Engineer, Fullstack - AI Product (NYC)","New York City, New York",unstated,ai_product,mba_unknown,https://databricks.com/company/careers/open-positions/job?gh_jid=8509534002,open
24930d269047cfc9173fb330d4aab4384f0028a37884f5bfe7d605f8f826d1d3,Databricks,"Engineering Manager, CustomerLake Profile Agents","New York City, New York",unstated,ai_product,mba_unknown,https://databricks.com/company/careers/open-positions/job?gh_jid=8709386002,open
2271bed5a445980a4e34be232b76ef965b6096574bfd94d2e85a6dbc7858200a,Databricks,"Sr. Product Manager, Data Engineering","San Francisco, California",unstated,ai_product,mba_unknown,https://databricks.com/company/careers/open-positions/job?gh_jid=6322654002,open
1dd922d3197c4892034c9bee12709c8a5af8c4e1dc780dd283b101ff37e6d9da,Databricks,Sr Software Engineer-Networking,"Mountain View, California",unstated,ai_product,mba_unknown,https://databricks.com/company/careers/open-positions/job?gh_jid=8211452002,open
1c410600b7317ae8064da85e056787325568067f563e972ab166e62c22628cd4,Databricks,Staff Software Engineer - Backend,"San Francisco, California",unstated,ai_product,mba_unknown,https://databricks.com/company/careers/open-positions/job?gh_jid=5408888002,open
1ba2a9bd3e03efb0a6faddfcc524683024cdc5b07e786a6b6d9a9f0ad9dee52c,Databricks,"Staff Software Engineer, AI Search","Mountain View, California",unstated,ai_product,mba_unknown,https://databricks.com/company/careers/open-positions/job?gh_jid=8578177002,open
1b1825f0b45d13ec8de960d4db0e308b07e9d3e6dcc81113a5d9b030a3801e60,Databricks,"Senior Software Engineer, Model Serving","San Francisco, California",unstated,ai_product,mba_unknown,https://databricks.com/company/careers/open-positions/job?gh_jid=8211648002,open
189119576716b8b5003a2b8b173de8ecce369c1fb8bfe5bd584ba1c08e808a5e,Databricks,Staff Systems Development Engineer (GovOps),"McLean, Virginia",unstated,ai_product,mba_unknown,https://databricks.com/company/careers/open-positions/job?gh_jid=8798217002,open
1831c49726bc13dd393f45df155eb70b8d00aa0f0a73603a1a3176625c8f59b0,Databricks,Staff Software Engineer - Customer Engagement & Docs Platform,"San Francisco, California",unstated,ai_product,mba_unknown,https://databricks.com/company/careers/open-positions/job?gh_jid=8032546002,open
15d96362e930e40ab0b848480893b8126fab1cb89a7d9844b2c52bcc9a7c6752,Databricks,Staff Frontend Engineer - UI Platform - Seattle,"Seattle, Washington",unstated,ai_product,mba_unknown,https://databricks.com/company/careers/open-positions/job?gh_jid=8399551002,open
13fb452fd647f8a3300f0edb003cfefc9536eaa7f89c4d5d33a24ed7246978dc,Databricks,Engineering Manager - Streaming,"Bellevue, Washington",unstated,ai_product,mba_unknown,https://databricks.com/company/careers/open-positions/job?gh_jid=8324875002,open
12b2a3e99112870cf39e6cdc7faa42f1b1bc447bd2264fe74eee88a6d2e5d4ef,Databricks,"Staff Software Engineer, Lakeflow Pipelines DR","Mountain View, California; San Francisco, California",unstated,other_mba_tech,mba_unknown,https://databricks.com/company/careers/open-positions/job?gh_jid=8798198002,open
0f5b972f7d16a0c936ac6984786365e903250d19011c2f0fbbf9cb6788c7a828,Databricks,Senior Software Engineer - Database Engine Internals,"San Francisco, California",unstated,other_mba_tech,mba_unknown,https://databricks.com/company/careers/open-positions/job?gh_jid=5048461002,open
0c9bbdb4c54460a517a23f4a05ebceaaefa2dac3d3220cdf2e236abe7923348d,Databricks,Staff Technical Solution Engineering,"McLean, Virginia",unstated,other_mba_tech,mba_unknown,https://databricks.com/company/careers/open-positions/job?gh_jid=8589169002,open
0a93de52eb64c8e46e66ad35fcb476052a9abf68b6d580cf021ee11aef6aa5fa,Databricks,PhD GenAI Research Scientist Intern,"San Francisco, California",unstated,other_mba_tech,mba_unknown,https://databricks.com/company/careers/open-positions/job?gh_jid=7011263002,open
0a271b0ce0cce765899501a41beb7519cff6ceb28d5dab3e6028221f790a0938,Databricks,Staff Software Engineer - GenAI Performance and Kernel,"San Francisco, California",unstated,ai_product,mba_unknown,https://databricks.com/company/careers/open-positions/job?gh_jid=8202700002,open
023540086bedfbf40cfc0efac3c7653c2f0f638b66eeb673755ea1fa7891d181,Databricks,Sr Staff Technical Program Manager- Security,"Bellevue, Washington; Seattle, Washington",unstated,ai_product,mba_unknown,https://databricks.com/company/careers/open-positions/job?gh_jid=8818416002,open
01d49d78176bc07186d8b545b9a23c2a737fb1e83c6413910d12efae3fbea5e5,Databricks,Staff Software Engineer - Security Infrastructure,"Bellevue, Washington",unstated,other_mba_tech,mba_unknown,https://databricks.com/company/careers/open-positions/job?gh_jid=7994759002,open
01739adca99973c03c03af03f48a070f0ba4a4719f17b35fbbd95d1ed9688db1,Databricks,Principal Engineer - Privacy,"Mountain View, California",unstated,other_mba_tech,mba_unknown,https://databricks.com/company/careers/open-positions/job?gh_jid=8224828002,open
41dd4662d3009f3ede7d72358492625e46aedb0f717403a197dfed16ca5039b0,Instacart,"Director, Product Partnerships",United States - Remote,unstated,product_strategy,mba_required,https://instacart.careers/job/?gh_jid=8215004,open
ff6c947a045a45269e026c4c5cac956bfeafe10659c666551525f76e4194a6bc,Okta,Partner Alliance Manager- PubSec Ecosystem,"Chicago, Illinois; Colorado; Texas; Washington, DC",unstated,ai_product,mba_unknown,https://www.okta.com/company/careers/opportunity/8142155?gh_jid=8142155,open
fc1ccbd66f76d1060c3e2271d5e304943b6ac33fc1a6518fffd63712676f542f,Okta,Technical Account Manager Analyst (New Grad),"Chicago, Illinois",unstated,ai_product,mba_unknown,https://www.okta.com/company/careers/opportunity/7363101?gh_jid=7363101,open
f54d71e22c911c6a5c6ec9f13b4fc04a185d507822a85ff73d72c506ebccbb2b,Okta,"Director, Global Tech Recruiting","San Francisco, California",unstated,ai_product,mba_unknown,https://www.okta.com/company/careers/opportunity/8212083?gh_jid=8212083,open
f3d6503ceba9655b2815a9d5f944fd4737f1bdafd170d1f681c3377bd2df5590,Okta,Global Paid Search Marketing Manager,"Bellevue, Washington; Chicago, Illinois; Toronto, Ontario, Canada",unstated,ai_product,mba_unknown,https://www.okta.com/company/careers/opportunity/8099186?gh_jid=8099186,open
f02aabfdb332396593f109a5144b6d0ee321d8ee392616b5141b1daf135b48c0,Okta,Technical Architect,"Bellevue, Washington; Chicago, Illinois; New York, New York; San Francisco, California; Toronto, Ontario, Canada",unstated,other_mba_tech,mba_unknown,https://www.okta.com/company/careers/opportunity/8070791?gh_jid=8070791,open
ec9365f778199c1027f88836c3c78e61c43c8e105921e8658f94edf5ba201e7e,Okta,Senior Commissions Manager ,"San Francisco, California",unstated,other_mba_tech,mba_unknown,https://www.okta.com/company/careers/opportunity/8155512?gh_jid=8155512,open
e58d5f68fd9ffecd29b9145a0ec32463036dca001b5237a8cd98b955783d65d8,Okta,"Director, Engineering - Okta Integration Network ","San Francisco, California",unstated,ai_product,mba_unknown,https://www.okta.com/company/careers/opportunity/8013137?gh_jid=8013137,open
e31b3ff4cf7a5bc6032dec2b61083bf1d1bbc02ea48acd3c4d3d94c143933e95,Okta,"Senior Software Engineer, AI Agentic Experience (Auth0)","San Francisco, California",unstated,ai_product,mba_unknown,https://www.okta.com/company/careers/opportunity/7305744?gh_jid=7305744,open
df23ec54b96117ddadff621a30fe1b5e72dc0cee99e32d0f8808bab21cfaf1de,Okta,Senior Forward Deployed Engineer - Okta for AI Agents,"Bellevue, Washington; Chicago, Illinois; San Francisco, California; Toronto, Ontario, Canada",unstated,ai_product,mba_unknown,https://www.okta.com/company/careers/opportunity/7961356?gh_jid=7961356,open
d95a80ca27a2e49b2fa2fb412d43b19bd9ac58c870af0689d18e9f6301abc24f,Okta,"Senior Manager, Provisioning","San Francisco, California",unstated,ai_product,mba_unknown,https://www.okta.com/company/careers/opportunity/8201507?gh_jid=8201507,open
d791434c1ce969c7c03e4e81759f84d34661a96697a6ac080fe57a8c4c327577,Okta,Globalization Tech Lead,"Bellevue, Washington; Chicago, Illinois; Toronto, Ontario, Canada",unstated,ai_product,mba_unknown,https://www.okta.com/company/careers/opportunity/8093199?gh_jid=8093199,open
d54731af1bca18f5081bd5c74860d074ce64bbea307dad1f059964571510436a,Okta,"Senior Software Engineer in Test, Federal Classified","Washington, DC",unstated,ai_product,mba_unknown,https://www.okta.com/company/careers/opportunity/8069707?gh_jid=8069707,open
d124125c139963e63c31a7b406da4ac96f374d8b68d6b844f054d07d10851087,Okta,"Staff Software Engineer, Core Infrastructure ","San Francisco, California",unstated,ai_product,mba_unknown,https://www.okta.com/company/careers/opportunity/8081732?gh_jid=8081732,open
cdee7bfd5ebef3585986a8b791b8cde51239d34d4c46e3be00e68e6fc4149a2c,Okta,"Senior Solutions Engineer, Okta","Chicago, Illinois",unstated,other_mba_tech,mba_unknown,https://www.okta.com/company/careers/opportunity/8201177?gh_jid=8201177,open
cc02b34f107bec616f0be28ab3ead3738967aca14dc594c8e83c6dbeace64dbd,Okta,Executive Briefing Program Manager,"San Francisco, California",unstated,ai_product,mba_unknown,https://www.okta.com/company/careers/opportunity/8080748?gh_jid=8080748,open
c70594f55c44da17e77a74c12d74b341ace46f07d015ca993c6017b557f32d8d,Okta,"Strategic Account Executive, Auth0","San Francisco, California",unstated,ai_product,mba_unknown,https://www.okta.com/company/careers/opportunity/7463779?gh_jid=7463779,open
c6c7afdce97aaad0c3ec2d8d0b731babe2f2cbe3f66e9d46f3d54bb706bd417f,Okta,"Senior Manager, xDR Strategy & Operations","Bellevue, Washington; Chicago, Illinois; San Francisco, California; Washington, DC",unstated,ai_product,mba_unknown,https://www.okta.com/company/careers/opportunity/8103816?gh_jid=8103816,open
c3b336cafa3757809e48697307dfeb5818999ca38bfcf90c3cdfbb78284fc13c,Okta,"Engineering Manager, Okta Identity Governance","San Francisco, California",unstated,ai_product,mba_unknown,https://www.okta.com/company/careers/opportunity/8107083?gh_jid=8107083,open
c27c322dd8240162cf8d5600f5aa10af98cf7d8a5980dd4d739faec276580a28,Okta,Senior Developer Advocate (Auth0),"New York, New York",unstated,ai_product,mba_unknown,https://www.okta.com/company/careers/opportunity/8114891?gh_jid=8114891,open
c06be356023ca244ce835cf386005325689fcaa2f834d137c7d920f5a9586a3b,Okta,"Manager, Sales Development, Strategic","San Francisco, California",unstated,other_mba_tech,mba_unknown,https://www.okta.com/company/careers/opportunity/8077649?gh_jid=8077649,open
beb775e0eb52a960f9921136aa98a985074e718cde296f20e9eb91715de0241a,Okta,"Staff Product Marketing Manager, Okta Device Access","Bellevue, Washington; Chicago, Illinois; San Francisco, California; Toronto, Ontario, Canada",unstated,ai_product,mba_unknown,https://www.okta.com/company/careers/opportunity/8162877?gh_jid=8162877,open
bd63aac4106d0ec9f83e4395e464fd0fbd83439c99f882d38f31daf40797085f,Okta,Staff Product Marketing Launch Operations Manager,"Bellevue, Washington; Chicago, Illinois; San Francisco, California; Toronto, Ontario, Canada",unstated,ai_product,mba_unknown,https://www.okta.com/company/careers/opportunity/8131237?gh_jid=8131237,open
bab9f73c794e268cb5f4ffef2755621f7f87aa1c63331ccbc7827967c2feb084,Okta,"Principal Classified Systems Architect, Okta Federal","Washington, DC",unstated,ai_product,mba_unknown,https://www.okta.com/company/careers/opportunity/7607491?gh_jid=7607491,open
ba90d9d46d912cf2072241d881a2aa7d4453885726b4fc43404c522657739c4a,Okta,Strategic Account Executive,Arizona,unstated,other_mba_tech,mba_unknown,https://www.okta.com/company/careers/opportunity/8088491?gh_jid=8088491,open
b74e898b675d21e08fe9db9a4506dc492da49983d99ae1cbfb1d12e0c12c1541,Okta,Brand Art Director,"Bellevue, Washington; Chicago, Illinois; San Francisco, California; Toronto, Ontario, Canada",unstated,other_mba_tech,mba_unknown,https://www.okta.com/company/careers/opportunity/7821640?gh_jid=7821640,open
b30720a6998a3621f44f49b7824d964a3c4822db8da383a6790fd69fdcdef6ca,Okta,"Staff Site Reliability Engineer, Federal (TS/SCI)","Washington, DC",unstated,ai_product,mba_unknown,https://www.okta.com/company/careers/opportunity/8097489?gh_jid=8097489,open
ac5b6324795425e6dc027df3f6d8e21ff16c965db1ac7ab507ae499c5d21fae2,Okta,"Principal, Global Security Operations Center","Washington, DC",unstated,ai_product,mba_unknown,https://www.okta.com/company/careers/opportunity/8186035?gh_jid=8186035,open
ac199a61986f14a466d956562ebaa4ea0530577e4d3b4f0341a7935edb616547,Okta,"Sales Development Representative, Bellevue","Bellevue, Washington",unstated,other_mba_tech,mba_unknown,https://www.okta.com/company/careers/opportunity/7013711?gh_jid=7013711,open
a357fa7c1bf41fecf60db401e8d4da667a7212125d405256672b7368e822b778,Okta,GTM Compensation Strategy & Incentive Design Manager,"Bellevue, Washington; Chicago, Illinois; San Francisco, California",unstated,other_mba_tech,mba_unknown,https://www.okta.com/company/careers/opportunity/8073082?gh_jid=8073082,open
a0214d2f027ed21cd93e3cbacdee725bd21e59df1cbf12cfd898e45a1ceca4e6,Okta,"Strategic Account Executive, North Carolina",North Carolina,unstated,other_mba_tech,mba_unknown,https://www.okta.com/company/careers/opportunity/8174100?gh_jid=8174100,open
9f4456c2396b68d4bdba92114356abc04baa332faf4e3b2a4d7907d71e5394c4,Okta,"Vice President, Global Systems Integrators","San Francisco, California",unstated,other_mba_tech,mba_unknown,https://www.okta.com/company/careers/opportunity/7793061?gh_jid=7793061,open
9e5728c68cda1bbd327e1ea0e19bc17622c60c97991d9e8170e08b9d2ff8ab43,Okta,"Staff Product Designer, Auth0 ","Chicago, Illinois; New York, New York; San Francisco, California; Toronto, Ontario, Canada; Washington, DC",unstated,ai_product,mba_unknown,https://www.okta.com/company/careers/opportunity/8078764?gh_jid=8078764,open
9cd0691470ad55b59187f52ac86a39abd7a9ebf2e95feec646ff8a65b960fc94,Okta,Senior Director of Paid Media,"Bellevue, Washington; Chicago, Illinois; San Francisco, California; Toronto, Ontario, Canada",unstated,ai_product,mba_unknown,https://www.okta.com/company/careers/opportunity/8209123?gh_jid=8209123,open
9b837201a664a0d7953a17fca28fe7894832b0e43d73af80d6a87be739e541ec,Okta,"Senior Software Engineer, AI Agentic Experience (Auth0)","Bellevue, Washington; Chicago, Illinois; New York, New York",unstated,ai_product,mba_unknown,https://www.okta.com/company/careers/opportunity/8092242?gh_jid=8092242,open
986a1081f2498b4db150cbf5818744fbe598d1a66615adcfeb52ff3022fe3ccb,Okta,"Senior Manager, Site Reliability Engineering -  Infrastructure Platform","Bellevue, Washington; Chicago, Illinois; San Francisco, California; Washington, DC",unstated,ai_product,mba_unknown,https://www.okta.com/company/careers/opportunity/7317857?gh_jid=7317857,open
8cc9af87de9a2ce66ae0a2bd33c36e6460ec1864360b2e4136f8156797ecbb46,Okta,Federal Sales Manager - Civilian,"Washington, DC",unstated,ai_product,mba_unknown,https://www.okta.com/company/careers/opportunity/8077517?gh_jid=8077517,open
83b4d12755b05993bf55d11451f20d32fe650fa630e61289553421671dc81c79,Okta,"Director, Recruiting Enablement & Programs ","San Francisco, California",unstated,other_mba_tech,mba_unknown,https://www.okta.com/company/careers/opportunity/7838837?gh_jid=7838837,open
8185fe0a0493ac9ede49a4c9c7438a022eb63c296c14586173f844282e6b62f0,Okta,Senior Payroll Analyst ,"San Francisco, California",unstated,other_mba_tech,mba_unknown,https://www.okta.com/company/careers/opportunity/8209281?gh_jid=8209281,open
7d17cd90a003ee954044159b956a33224d1bec7525d5996f39fa28f1251c4841,Okta,Corporate New Business Account Executive,"Georgia; North Carolina; Washington, DC",unstated,ai_product,mba_unknown,https://www.okta.com/company/careers/opportunity/8213721?gh_jid=8213721,open
7caf0188ac597dafc1871a457365232e485e3df957fb7be07757b41a08b51567,Okta,Staff Identity Engineer,"Bellevue, Washington; Chicago, Illinois; Washington, DC",unstated,ai_product,mba_unknown,https://www.okta.com/company/careers/opportunity/8171262?gh_jid=8171262,open
7c89d0e6d3154a66dcfc7061015100672127499b2a3f1958062764b8b9c3c2ec,Okta,"Sr. Manager, Marketing Analytics","Bellevue, Washington; Chicago, Illinois",unstated,ai_product,mba_required,https://www.okta.com/company/careers/opportunity/8138453?gh_jid=8138453,open
728e91eca31ef2c81eed3b08d36a2e3bf9bf550c40f7f345ac2f581ae274b30b,Okta,"Senior Manager, Site Reliability Engineering (Federal)","Washington, DC",unstated,ai_product,mba_unknown,https://www.okta.com/company/careers/opportunity/7917007?gh_jid=7917007,open
6e39767a5ca8cd376bea6b583e378ad1b4d0a59e974e8dcba4b62b17211d1a3c,Okta,"Staff Product Analyst (Workday Payroll, Absence & Time Tracking)","Bellevue, Washington; Chicago, Illinois; San Francisco, California; Washington, DC",unstated,ai_product,mba_unknown,https://www.okta.com/company/careers/opportunity/8159611?gh_jid=8159611,open
6e23c72ec2f48825208777bfd384de4eff666bbbb333a0944a17d21fc88cfff5,Okta,"Regional Sales Manager, Enterprise ","Los Angeles, California; San Francisco, California",unstated,ai_product,mba_unknown,https://www.okta.com/company/careers/opportunity/8129269?gh_jid=8129269,open
6438285ad6596189b481c1ac71fdcb2328699bd9a0b2928a5296006f793cfbd5,Okta,Sr Director of Global Deal Strategy,"San Francisco, California",unstated,ai_product,mba_unknown,https://www.okta.com/company/careers/opportunity/8103111?gh_jid=8103111,open
606541664f258a663c5dc5f4ab63aa74e7331ebb3c382ded358ab192958cf12a,Okta,"Senior Manager, GTM Compensation Strategy & Incentive Design","Bellevue, Washington; Chicago, Illinois; San Francisco, California",unstated,other_mba_tech,mba_unknown,https://www.okta.com/company/careers/opportunity/8132596?gh_jid=8132596,open
5f93d7040caafe844f4a257cac341dbdae3c4184a4abed02c01f813e16e7a6c8,Okta,"Vice President, Associate General Counsel, Commercial Legal","San Francisco, California",unstated,other_mba_tech,mba_unknown,https://www.okta.com/company/careers/opportunity/8189849?gh_jid=8189849,open
5f6abea5c731cf4d4ffaf94aa9c1e90d4b4815263234c0f496ce6a81231c1ec9,Okta,Staff Site Reliability Engineer - Kubernetes,"Bellevue, Washington; Chicago, Illinois; New York, New York; San Francisco, California; Washington, DC",unstated,other_mba_tech,mba_unknown,https://www.okta.com/company/careers/opportunity/8160050?gh_jid=8160050,open
5e40b8bbd201753524deff5b1991d983d5864fb99dda256b291a95bd4b2b9dc0,Okta,"Program Manager, ISV Ecosystem","Chicago, Illinois; New York, New York; San Francisco, California; Seattle, Washington; Washington, DC",unstated,ai_product,mba_unknown,https://www.okta.com/company/careers/opportunity/8155421?gh_jid=8155421,open
5dc9f6af4ab3b684eca0f84342be47213cfdf59c4b32a4704bd40f32338c9b24,Okta,Senior Experiences Art Director,"San Francisco, California",unstated,other_mba_tech,mba_unknown,https://www.okta.com/company/careers/opportunity/8109371?gh_jid=8109371,open
589e06bdad85080ab0bcd7ce0912cfdf2b2d32c67d492654357b98a5b2aaa439,Okta,Associate Field Experience Manager,"San Francisco, California",unstated,ai_product,mba_unknown,https://www.okta.com/company/careers/opportunity/8013194?gh_jid=8013194,open
584234b92857ccee4ce0cf2325f4a575383c2f202935e36168b60758ae1a4faa,Okta,"Business Development Representative, East","Washington, DC",unstated,other_mba_tech,mba_unknown,https://www.okta.com/company/careers/opportunity/7013535?gh_jid=7013535,open
57d6a0004b2591f9cc8d3bd3cc7fc128652e122beb9fd6e464e0918c30d80a4d,Okta,Success Insights Manager,"Bellevue, Washington; Chicago, Illinois; Toronto, Ontario, Canada",unstated,ai_product,mba_unknown,https://www.okta.com/company/careers/opportunity/7902204?gh_jid=7902204,open
5773ed4f3b0b20365eef3f216801db7b989714e318745351abda68550585d432,Okta,Sr. Product Manager - Agentic Security,"Bellevue, Washington; Chicago, Illinois; New York, New York; Washington, DC",unstated,ai_product,mba_unknown,https://www.okta.com/company/careers/opportunity/8038929?gh_jid=8038929,open
55738b5990aba24d252a77571b36acfed6ffba105024baba33504c538d79d470,Okta,"Director, Global Benefits","San Francisco, California",unstated,other_mba_tech,mba_unknown,https://www.okta.com/company/careers/opportunity/8204491?gh_jid=8204491,open
553bb87c40ef202237e44df1bd7c7381d7091cba38ebb8a6694d62efb9bdd8d1,Okta,"Staff Backend Engineer, Identity Threat Protection ","San Francisco, California",unstated,ai_product,mba_unknown,https://www.okta.com/company/careers/opportunity/8053199?gh_jid=8053199,open
52361e98606dc3a40cf18a9d6d90eab1f5dda99a4b165a0fb1e8a76ccaa4ec59,Okta,Senior Product Acceleration Specialist - Auth0,"Chicago, Illinois; New York, New York; Washington, DC",unstated,ai_product,mba_unknown,https://www.okta.com/company/careers/opportunity/8204750?gh_jid=8204750,open
4a23adf5ad0843774952f0b69dfc6498759864052684fffc0c4131f6e64a1fcc,Okta,"Staff Software Engineer, Agent Gateway","San Francisco, California",unstated,ai_product,mba_unknown,https://www.okta.com/company/careers/opportunity/8108855?gh_jid=8108855,open
40098ab0c9f43f1a916fb010409ce94343b72f3c8a8f270468ca54bef1ffe456,Okta,"Field GTM Lead, Sales Acceleration, Okta Secures AI","Bellevue, Washington; Chicago, Illinois; San Francisco, California",unstated,ai_product,mba_unknown,https://www.okta.com/company/careers/opportunity/8196040?gh_jid=8196040,open
3d27d366d3a4f8dc9b7311d318122e53f8238e8222263e765322dbf0b7d45ba7,Okta,"Solutions Engineer, Okta (North East)","Connecticut; Massachusetts; New York, New York",unstated,other_mba_tech,mba_unknown,https://www.okta.com/company/careers/opportunity/7607557?gh_jid=7607557,open
399ca95fe17cfc0a151f603e9f7ee2416ec6c05bfb685414e881597ade2f555c,Okta,"Staff Software Engineer, AI-Core (Federal)","San Francisco, California",unstated,ai_product,mba_unknown,https://www.okta.com/company/careers/opportunity/7917002?gh_jid=7917002,open
3147f13ce50157335d3e141cfa124c8211500b0185f6423b5023854987828a38,Okta,"Vice President of Enterprise Sales, East","Georgia; Massachusetts; New York, New York; Washington, DC",unstated,ai_product,mba_unknown,https://www.okta.com/company/careers/opportunity/7660357?gh_jid=7660357,open
2a1ba05ebef342eadc09f6785848c7643b7eb22fd4cee69968f0727963f6c658,Okta,Senior Database Reliability Engineer (DBRE),"Bellevue, Washington; Chicago, Illinois; New York, New York; San Francisco, California; Washington, DC",unstated,ai_product,mba_unknown,https://www.okta.com/company/careers/opportunity/7617976?gh_jid=7617976,open
248440dc874c3acf9b98b08812336d37ebd2354f3a04c2b64f33ed3054a7e1bd,Okta,"Senior Designer, Digital","Bellevue, Washington; Chicago, Illinois; San Francisco, California",unstated,other_mba_tech,mba_unknown,https://www.okta.com/company/careers/opportunity/8165103?gh_jid=8165103,open
23f3d2c32b1fe88b161b1d847e1563f3b67b53818e9abb601935b2f296f47fd7,Okta,"Staff  Site Reliability Engineer, Networking w/ active TS/SCI","Maryland; Virginia; Washington, DC",unstated,ai_product,mba_unknown,https://www.okta.com/company/careers/opportunity/7575679?gh_jid=7575679,open
2393360a8adabdff34e4b00ed2b67ae51f05f8387fefc208d2b2af723cfaf999,Okta,"Manager, Site Reliability Engineering","Bellevue, Washington; Chicago, Illinois; San Francisco, California; Washington, DC",unstated,ai_product,mba_unknown,https://www.okta.com/company/careers/opportunity/7977080?gh_jid=7977080,open
23815c2567ec7cfeef142c945b057b6e625f60323c9ece365468ed64a24b5e96,Okta,"Staff Product Marketing Manager, Security ","Bellevue, Washington; Chicago, Illinois; San Francisco, California; Toronto, Ontario, Canada",unstated,ai_product,mba_unknown,https://www.okta.com/company/careers/opportunity/7559020?gh_jid=7559020,open
1fede20d2a3ff97ca8a7695a265a6bec13ae934f73a81c0a223df1022d047451,Okta,"Regional Sales Manager, Enterprise Auth0","Bellevue, Washington; Los Angeles, California; San Francisco, California",unstated,ai_product,mba_unknown,https://www.okta.com/company/careers/opportunity/8155202?gh_jid=8155202,open
1a14ae9a65d5132280d14ab39d9d3b3b1d5e20e3dd6e703dd38655faded7ca09,Okta,Principal Product Analyst - Workday Delivery Lead,"Bellevue, Washington; Chicago, Illinois; San Francisco, California; Washington, DC",unstated,ai_product,mba_unknown,https://www.okta.com/company/careers/opportunity/8159623?gh_jid=8159623,open
184a88cfcb8ae980362f1aaf54539c640a66e3c7d8c6a8a92d6b6fa542a31641,Okta,"Regional Sales Manager, Enterprise ","San Francisco, California",unstated,ai_product,mba_unknown,https://www.okta.com/company/careers/opportunity/8178030?gh_jid=8178030,open
179f394c509d9f36b1f38d8efb658c956ba6439b9809806c63a8afc33cbfb0f8,Okta,Staff Identity Governance and Access Engineer,"Bellevue, Washington; Chicago, Illinois; Washington, DC",unstated,other_mba_tech,mba_unknown,https://www.okta.com/company/careers/opportunity/8180503?gh_jid=8180503,open
1645207d2d20b4e4cde5ab45625d05346df3f3343d3cf1aaab696e65ecf77354,Okta,"Finance Manager, Technology FP&A","San Francisco, California",unstated,ai_product,mba_required,https://www.okta.com/company/careers/opportunity/8075386?gh_jid=8075386,open
1567e87e0de04edb7636b58ee2e66ae72282ec9fe6f8bac44e46afb22053f867,Okta,ISV Success Manager,"Bellevue, Washington; Chicago, Illinois; New York, New York; San Francisco, California; Seattle, Washington; Washington, DC",unstated,ai_product,mba_unknown,https://www.okta.com/company/careers/opportunity/8139707?gh_jid=8139707,open
15662c22549dffe05a34a1c740863ff6cd113ecb4b5c290a25621b4fe5ac64d4,Okta,"Senior Manager, Solutions Engineering, SLED","Bellevue, Washington; Chicago, Illinois; Washington, DC",unstated,ai_product,mba_unknown,https://www.okta.com/company/careers/opportunity/8211603?gh_jid=8211603,open
14fb35071c26a82bae9a50f4814e6a08da83ca34f2faff78035b649acff0600b,Okta,Staff DevSecOps Engineer (TS/SCI),"Washington, DC",unstated,other_mba_tech,mba_unknown,https://www.okta.com/company/careers/opportunity/8190028?gh_jid=8190028,open
0ec95a4b6859df0b71a5204e4bc0a5231aa0c9cb743b9ebc0b1867f6dfd96a9f,Okta,"Manager, Site Reliability Engineering (Auth0)","New York, New York; Washington, DC",unstated,ai_product,mba_unknown,https://www.okta.com/company/careers/opportunity/8160475?gh_jid=8160475,open
0e2c3412e3c491da41d5df2fb4ca71c8593947a50fa5cdac94f96b92107be35b,Okta,ISV Ecosystem Growth Manager,"Bellevue, Washington; Chicago, Illinois; New York, New York; San Francisco, California; Seattle, Washington; Washington, DC",unstated,ai_product,mba_unknown,https://www.okta.com/company/careers/opportunity/8139717?gh_jid=8139717,open
09221a7abc0a79f7edd9dc67783ab3b581a8c3c6417c7941bd47dc3cd52ed413,Okta,"Finance Manager, Products & Technology","San Francisco, California",unstated,other_mba_tech,mba_required,https://www.okta.com/company/careers/opportunity/7982838?gh_jid=7982838,open
09172f6848ba636f1a4699f30d6db59ce7e73af0ad9ad9cbb1ae74b5f52fbf39,Okta,"Software Engineer II, Frontend Agentic AI ","San Francisco, California",unstated,ai_product,mba_unknown,https://www.okta.com/company/careers/opportunity/8139374?gh_jid=8139374,open
08f2f70fc132a9da6542db10e703f83df5ad8ca31e1feba4747036b5f1575a12,Okta,Enterprise Account Executive,Tennessee,unstated,ai_product,mba_required,https://www.okta.com/company/careers/opportunity/8022189?gh_jid=8022189,open
06554a3dfbd54ec2f0639b2ce7b847ff6c4e1896a07973a450793ef1a6e04e78,Okta,Real Estate Portfolio Lead,"San Francisco, California",unstated,other_mba_tech,mba_unknown,https://www.okta.com/company/careers/opportunity/8186691?gh_jid=8186691,open
050c81c31a19185a95cce9cb0cbba5b71b0fae2db3bdb4620e6a1823f4bccb54,Okta,"Senior Solutions Engineer, Okta (Strategic Accounts - Minnesota)",Minnesota,unstated,other_mba_tech,mba_unknown,https://www.okta.com/company/careers/opportunity/8138328?gh_jid=8138328,open
040a2e3aa1d0b5a30b2048481791c66a359c68d312e4370f84f0959205c012a2,Okta,Customer Success Executive,"San Francisco, California",unstated,ai_product,mba_unknown,https://www.okta.com/company/careers/opportunity/8167464?gh_jid=8167464,open
021193b148295ae9eef2145273d5a4bfc91e6ad19d57bc47a81415c7624a40a4,Okta,"Area Vice President, Strategic Sales","Connecticut; Massachusetts; New York, New York; Pennsylvania; Washington, DC",unstated,other_mba_tech,mba_unknown,https://www.okta.com/company/careers/opportunity/7774234?gh_jid=7774234,open
c10aad9efd23dea6fcf0635baeb432d0a364136b76d0be53d54dd780f556a04d,Lyft,"Director, Trust & Safety","New York, NY; San Francisco, CA",unstated,ai_product,mba_unknown,https://app.careerpuck.com/job-board/lyft/job/8782314002?gh_jid=8782314002,open
5966f4e3d1ea3f30934e44325d023f1d0b6e077b8ba29579aeecacd99f25ced4,Lyft,"Operations Manager, AV Depot ","Nashville, TN",unstated,other_mba_tech,mba_unknown,https://app.careerpuck.com/job-board/lyft/job/8693571002?gh_jid=8693571002,open
bd26c09844ad134efb2b1e8bfc0e873d1d36aa57711548daec6ec9805bf1120e,Figma,"Executive Assistant, Growth Marketing","San Francisco, CA",unstated,ai_product,mba_unknown,https://boards.greenhouse.io/figma/jobs/6199185004?gh_jid=6199185004,open
028d1cb26e04e45bb342c3087b4ec48ff06443f0fa1c3ea40700d47db2a58ed5,Lyft,"Sr. Associate, Compassionate Care","Nashville, TN",unstated,other_mba_tech,mba_unknown,https://app.careerpuck.com/job-board/lyft/job/8792128002?gh_jid=8792128002,open
56afde7643345efb46dca78a6daf601e1c71c6964862f23b139d9c0797e2a6c3,Affirm,Client Success Lead,Remote US,unstated,other_mba_tech,mba_unknown,https://job-boards.greenhouse.io/affirm/jobs/7997218003,open
f598afaadd03c6da3c8985cd927dc29a3c0f3d5c52d7fbc082f4ea12abc50383,Coinbase,"Sr. Staff Technical Risk Architect, Unified Trading",Remote - USA,unstated,ai_product,mba_unknown,https://www.coinbase.com/careers/positions/8144776?gh_jid=8144776,open
ddf1aca02d0927f0c8a46acfe33c2c31651ba219533d7b999ce696426ed40314,Coinbase,"Staff Data Engineer, Market Data",Remote - USA,unstated,ai_product,mba_unknown,https://www.coinbase.com/careers/positions/8144836?gh_jid=8144836,open
d14aeac16a957c3098563a1a3b1850c3760f8158521eda7d9ed9a35182a25647,Coinbase,"Sr. Staff Technical Architect, Unified Trading",Remote - USA,unstated,ai_product,mba_unknown,https://www.coinbase.com/careers/positions/8144772?gh_jid=8144772,open
90511e6ed4cfa5f047aa2f7cbdc750fdafd7c1a99ba1fd4325e95dd40c110862,Coinbase,"Senior Software Engineer, Stablecoins",Remote - USA,unstated,ai_product,mba_unknown,https://www.coinbase.com/careers/positions/8104873?gh_jid=8104873,open
e2145c632845f2d17f8bedb6c78470fd0036a386272d0eac57e23f54214a5a7e,Instacart,"Senior Product Marketing Manager, Instacart+",United States - Remote,unstated,product_marketing,mba_unknown,https://instacart.careers/job/?gh_jid=8214827,open
d3ad08a6430cfc460a3429a7e34d8d6772f63c22de9bc32f536c44ccb7733722,Faire,Staff Product Designer ,"New York City, NY; San Francisco, CA",unstated,ai_product,mba_unknown,https://boards.greenhouse.io/faire/jobs/8445628002?gh_jid=8445628002,open
edb336be6d3e6444c006163559e407e7ed3494dc7f9508d70a552b08459fd214,Klaviyo,"Director, Product Management - Channel Infrastructure & Mobile","Boston, MA",unstated,ai_product,mba_required,https://www.klaviyo.com/careers/jobs/7766942003?gh_jid=7766942003,open
b1985b6b9f3c63253070c0b75dae0da1ee859370e40aabe43960fe66e88cb6a7,Klaviyo,"Senior Lead Product Manager, Enterprise","Boston, MA",unstated,ai_product,mba_unknown,https://www.klaviyo.com/careers/jobs/7517734003?gh_jid=7517734003,open
cbfdb173a5e849146080666b98ecdf37d0a321ad6efae5d633bbcd844fbd2f37,Faire,Fulfillment Operations Specialist,"Chicago, IL",unstated,ai_product,mba_unknown,https://boards.greenhouse.io/faire/jobs/8820890002?gh_jid=8820890002,open
76ac66820e16b2f1ce25630eeb5caf19ed5b53db94f1c39e5ccb73d88bc96897,Lyft,"Backend Software Engineer, Airports","San Francisco, CA",unstated,other_mba_tech,mba_unknown,https://app.careerpuck.com/job-board/lyft/job/8806570002?gh_jid=8806570002,open
be1e5849b7078c88215c61ba1bebaf82a997696498312ba66c9b51a62d9d6ef6,Instacart,HR Business Partner,United States - Remote,unstated,other_mba_tech,mba_unknown,https://instacart.careers/job/?gh_jid=8214732,open
51ab1d71477da018d4815899240aac10615123c4f02b8da20b27ff9ef683cb90,Flexport,Senior IT Systems Engineer ,"San Francisco, California, United States",unstated,other_mba_tech,mba_unknown,https://job-boards.greenhouse.io/flexport/jobs/8213953,open
223b7b18dfae934db54dcc0bd3442a9b9419460fbe25656139bdc97ccee7599c,Duolingo,"Senior Creative Director, Marketing","New York, NY",unstated,other_mba_tech,mba_unknown,https://careers.duolingo.com/jobs/8442932002?gh_jid=8442932002,open
84f10c60b75ed443902e6ab961f70affc0c6f8be4f2a5e6e2780c22587235eea,Braze,"Applied AI Architect, GTM ",New York City,unstated,ai_product,mba_unknown,https://job-boards.greenhouse.io/braze/jobs/8024690,open
26e3aa8a8ca8d189934a63feb229d2b9e1e8aa7cc0e05727202424e1da3a4000,Coinbase,"Senior Software Engineer, Agent Verification ",Remote - USA,unstated,ai_product,mba_unknown,https://www.coinbase.com/careers/positions/8174949?gh_jid=8174949,open
f959ebc1f10826e5fc77ff5eb46f6dc9a1b677d1a2eaf1b2cf5cb56c40b39c5c,Instacart,Senior SOX Manager - Business Processes,United States - Remote,unstated,other_mba_tech,mba_required,https://instacart.careers/job/?gh_jid=8197990,open
6333978bad78e659ddf5659a306d0b3106b173f711912a4024dc71d198fc1359,Brex,"Senior Product Manager, AI","Seattle, Washington, United States",unstated,ai_product,mba_unknown,https://www.brex.com/careers/8780828002?gh_jid=8780828002,open
a0dd51e9caf935aaac967a8769802a27de8f0eb33f1d6441d1ac9ec1a5b8d2d7,Klaviyo,Senior Lead Go-To-Market Architect,"Boston, MA",unstated,other_mba_tech,mba_unknown,https://www.klaviyo.com/careers/jobs/7999545003?gh_jid=7999545003,open
f6a9d51afb9f35d4093b51414653a6ac0ac4cc8826c611d5e3a740e4fc97e79a,Klaviyo,Senior Lead Go-To-Market Architect,"San Francisco, CA",unstated,other_mba_tech,mba_unknown,https://www.klaviyo.com/careers/jobs/7997136003?gh_jid=7997136003,open
84724f6cd79827038db758b6c7a4ce2fa51a34a8d36db3c2c150b4bcf16beed3,Brex,"Director, Organic Growth & Discoverability","Seattle, Washington, United States",unstated,other_mba_tech,mba_unknown,https://www.brex.com/careers/8522918002?gh_jid=8522918002,open
59798616cfb25e1a8fb1e5512be54c3fffce7a09fc8f25cb534571488a72f76f,Lyft,"Analytics Lead, Market Insights","San Francisco, CA",unstated,other_mba_tech,mba_unknown,https://app.careerpuck.com/job-board/lyft/job/8503985002?gh_jid=8503985002,open
54cab9c46756188842dc11f145800152cb5ceef81346aa642e277c41c6d0b89f,Duolingo,Platform Engineer II,"New York, NY",unstated,other_mba_tech,mba_unknown,https://careers.duolingo.com/jobs/8778700002?gh_jid=8778700002,open
d9f20c376dd5328fef9b7984e8537698fa2ee9e849cba3f1cb4fb62258763483,Lyft,"Senior Product Manager, Customer Care AI ","New York, NY",unstated,ai_product,mba_unknown,https://app.careerpuck.com/job-board/lyft/job/8821337002?gh_jid=8821337002,open
63b9e0c9701f6ab3fd306576c4a9d20e1a6eb2f573753c889cf4c0e1848ba843,Faire,"Growth Platform, Marketing Engineer","New York City, NY; San Francisco, CA",unstated,ai_product,mba_unknown,https://boards.greenhouse.io/faire/jobs/8818108002?gh_jid=8818108002,open
913ed6028c527a93da7e067a8525cf6483a73c9a131643e52149858bd0da90bc,Flexport,Account Executive ,"Atlanta, Georgia, United States",unstated,other_mba_tech,mba_unknown,https://job-boards.greenhouse.io/flexport/jobs/8009198,open
ff5f4581baee405f08a778d27f77fb412801e0f0be8ebd0d18dce37d58ce8734,Faire,"Senior Counsel, Regulatory & Product","San Francisco, CA",unstated,ai_product,mba_unknown,https://boards.greenhouse.io/faire/jobs/8818059002?gh_jid=8818059002,open
065e70673e27b57a5a229ca61d118b7e221b6b953628e4bc5bf8607fb04c8fa2,Faire,"Senior Counsel, Privacy & Product","San Francisco, CA",unstated,ai_product,mba_unknown,https://boards.greenhouse.io/faire/jobs/8818008002?gh_jid=8818008002,open
7ecfeb8f82cc94c67684c0dc495c32ea07bba70a368ecb6170c07e2a59ce01d5,Klaviyo,Marketing Operations Lead,"Boston, MA",unstated,ai_product,mba_unknown,https://www.klaviyo.com/careers/jobs/7999305003?gh_jid=7999305003,open
2d2cf8a9df6937604b17158690be93c3d26764665968c96676adbaf987d9fde7,Klaviyo,Marketing Operations Lead,"San Francisco, CA",unstated,ai_product,mba_unknown,https://www.klaviyo.com/careers/jobs/7617363003?gh_jid=7617363003,open
0effea8ac26b0a9f768f33d511279b5dfac529fcafe2d1ef5777056cdafc58a0,Squarespace,Senior Software Engineer - Java (Media Platform),New York City,unstated,other_mba_tech,mba_unknown,http://www.squarespace.com/about/careers?gh_jid=6305471,open
bb632124f2b56dfcc78def631bba811a02b304a78aa958a1a236f8be6e4dc7ac,Coinbase,"Staff Software Engineer, Developer Infrastructure (Test Infrastructure)",Remote - USA,unstated,ai_product,mba_unknown,https://www.coinbase.com/careers/positions/7964410?gh_jid=7964410,open
5503a3ad850ec2aa7fe1be355667846189f4a83d5fb3ea4f84e4d389d460d77b,Coinbase,"Senior Software Engineer, Developer Infrastructure",Remote - USA,unstated,other_mba_tech,mba_unknown,https://www.coinbase.com/careers/positions/7964398?gh_jid=7964398,open
f9e05cfede26170dc3ab40e520fcc8b8fd715cea91a1eceeaded1f91c5842782,Instacart,B2B Event Marketing Manager (6-Month Contract),United States - Remote,unstated,product_marketing,mba_unknown,https://instacart.careers/job/?gh_jid=8212434,open
b37d1e7d4aa7ad04620a3217b8c84ace6ab68a7dfc9d2802b9ae1e54ee9e7f6f,Flexport,"Senior Business Development Manager, Control Tower","Chicago, Illinois, United States",unstated,other_mba_tech,mba_required,https://job-boards.greenhouse.io/flexport/jobs/8211419,open
cacf761e41d034dcb3b88d88b666bd257d65e723b1b1dcd3ecccf4c9906959eb,Flexport,"Senior Security Engineer, Detection & Response ","San Francisco, California, United States",unstated,ai_product,mba_unknown,https://job-boards.greenhouse.io/flexport/jobs/8160833,open
a609048ce5fc4a1dfbd4003a3022a5889360b4aefba51e1355f2477cdb418a38,Attentive,"Principal Software Engineer, Machine Learning","New York, NY",unstated,ai_product,mba_unknown,https://job-boards.greenhouse.io/attentive/jobs/4410440009,open
4f04bd0d20c9cb859ccc13656e0b50fd1c5545b6094eeac1410c6fb8e3fa6d82,Attentive,"Principal Software Engineer, Machine Learning","San Francisco, CA",unstated,ai_product,mba_unknown,https://job-boards.greenhouse.io/attentive/jobs/4408455009,open
b8c5d39616fd645b88e8718175e0256ab5c81f6f54f0395bd5e63539f14bfbdb,Brex,Finance Associate,"San Francisco, California, United States",unstated,ai_product,mba_unknown,https://www.brex.com/careers/8606210002?gh_jid=8606210002,open
0dff9f6c000e5f274bb332cfc7b201326d86d47b4644e8aa975fe776b7ba8712,Asana,"Senior Staff Software Engineer, Developer Productivity",New York City,unstated,other_mba_tech,mba_unknown,https://www.asana.com/jobs/apply/8212172?gh_jid=8212172,open
e58a6f3aef872b94a9b26000903fc8df2d82fe4b8ee08add320d3a740729a1de,Brex,"Manager, Cross-Border Payment Operations","Seattle, Washington, United States",unstated,ai_product,mba_unknown,https://www.brex.com/careers/8687485002?gh_jid=8687485002,open
93114facc1a2eb81e3c4a807c8cba3cf562254a770ab3c4c3738e60eef3b1519,Brex,"Manager, Cross-Border Payment Operations","New York, New York, United States",unstated,ai_product,mba_unknown,https://www.brex.com/careers/8687493002?gh_jid=8687493002,open
224b5ea604d1d100df30842ca83e8aefa841cb46000eaf4e5faab4ba7f75d5b0,Brex,"Manager, Cross-Border Payment Operations","Salt Lake City, Utah, United States",unstated,ai_product,mba_unknown,https://www.brex.com/careers/8579396002?gh_jid=8579396002,open
1706fbcb2e7d535c3b0c49f9d5b76e06747b32f895c86b9a2fe98162cbcbfc06,Brex,"Manager, Cross-Border Payment Operations","San Francisco, California, United States",unstated,ai_product,mba_unknown,https://www.brex.com/careers/8687488002?gh_jid=8687488002,open
91d2a8513f4fc493565c919db6477e053588722e2358e901210853ed1b3f410e,Attentive,Sales Development Representative,United States,unstated,ai_product,mba_unknown,https://job-boards.greenhouse.io/attentive/jobs/4121033009,open
cec4feae39bff43d57aa52e6f46ae1052d3fea36949395b53c3bd5a465d19360,Braze,"Account Manager, Emerging Enterprise",New York City,unstated,ai_product,mba_unknown,https://job-boards.greenhouse.io/braze/jobs/8211991,open
800b78dfdd499ce4b80d2b0afb8aaadd137a3fd60bfe892c6e111a54d9ffcd62,Nextdoor,Senior Manager - Analytics Engineering ,US Remote,unstated,ai_product,mba_unknown,https://about.nextdoor.com/careers-list/?gh_jid=7572109,open
3523f8e789d8355a266244c52dea69a390ff263ab22fe65b1925dddb098a1eae,Lyft,"Firmware Engineering Manager, Lyft Urban Solutions","San Francisco, CA",unstated,other_mba_tech,mba_unknown,https://app.careerpuck.com/job-board/lyft/job/8795869002?gh_jid=8795869002,open
a9065bc4dabef41274f35107c6036ab4b16e0d5f8048efbd75a8969c83cc259e,Coinbase,Staff Machine Learning Engineer(Platform - Identity),Remote - USA,unstated,ai_product,mba_unknown,https://www.coinbase.com/careers/positions/8211486?gh_jid=8211486,open
04a3cc392e2c5e5f92013ba0ae42534c9c1b2276b57c8503f19adc1dd5d7368d,Lyft,"Sr. Specialist, Crisis Communications","Nashville, TN",unstated,other_mba_tech,mba_unknown,https://app.careerpuck.com/job-board/lyft/job/8817335002?gh_jid=8817335002,open
fd1d63a51d3e2c6a6c1b784cfb794a8b105b0992b29b2819dd507a4cea9ca869,ZoomInfo,Product Manager II – FP&A / Microsoft Fabric,"Vancouver, Washington, United States",unstated,ai_product,mba_unknown,https://www.zoominfo.com/careers?gh_jid=8747421002,open
32dadb4d51921ac8adea87d3e910f8bdae62bb98a6e8fc5b3b569bb0af815be9,Klaviyo,"Senior Lead, Public Relations","San Francisco, CA",unstated,ai_product,mba_unknown,https://www.klaviyo.com/careers/jobs/7997472003?gh_jid=7997472003,open
876b5a945f7fb30f1a0c24dc371c41899bde9b12d39738fbabee24914cdac8ea,Klaviyo,"Senior Lead, Public Relations","Boston, MA",unstated,ai_product,mba_unknown,https://www.klaviyo.com/careers/jobs/7996252003?gh_jid=7996252003,open
dc85de739871d0762e834db14872ddf1b8bdc224003f4efcdead1e88c0174e9b,Klaviyo,"Order to Cash Track Lead, Finance Engineering","San Francisco, CA",unstated,ai_product,mba_unknown,https://www.klaviyo.com/careers/jobs/7998530003?gh_jid=7998530003,open
aa637fb9e46795af88fb96f1825adb38789dae1083ac1388630b3af9795f85f5,Klaviyo,"Order to Cash Track Lead, Finance Engineering","Boston, MA",unstated,ai_product,mba_unknown,https://www.klaviyo.com/careers/jobs/7802850003?gh_jid=7802850003,open
c28790f071076574166860ebff63a9cf603fb0801cee31fa8dd95813b93e8805,Klaviyo,"Lead, Public Relations","San Francisco, CA",unstated,other_mba_tech,mba_unknown,https://www.klaviyo.com/careers/jobs/7997470003?gh_jid=7997470003,open
51f35b4e70b0dd90f512fd1e5916381ba7e4255da8b914f6c50f46bc309667bd,Klaviyo,"Lead, Public Relations","Boston, MA",unstated,other_mba_tech,mba_unknown,https://www.klaviyo.com/careers/jobs/7996253003?gh_jid=7996253003,open
6b24baf9012998e90bb8dd6c6d81640420cde946461893e71f2f035e3af45dc0,Braze,Senior Software Engineer I,New York City,unstated,ai_product,mba_unknown,https://job-boards.greenhouse.io/braze/jobs/8207903,open
e5bdf3b50cab86f7f7e33fbbfbf81c88031bef28755adb300d43976a5259c9b9,ZoomInfo,Senior DaaS Delivery Consultant,"Bethesda, Maryland, United States; Vancouver, Washington, United States; Waltham, Massachusetts, United States",unstated,ai_product,mba_unknown,https://www.zoominfo.com/careers?gh_jid=8786489002,open
1d5b6ed432681c0c649f0e60bdbe4f7e656d6e1c2dd72b46baf480c2cb72a186,Lyft,Staff Applied Scientist,"San Francisco, CA",unstated,ai_product,mba_unknown,https://app.careerpuck.com/job-board/lyft/job/8649343002?gh_jid=8649343002,open
388319840f3e59b77e7249982ca19d4546c1a1e9562ea1f5ac746d7121ea515c,StockX,Seasonal Operations Specialist,"West Caldwell, NJ",unstated,other_mba_tech,mba_unknown,https://job-boards.greenhouse.io/stockx/jobs/8816832002,open
e0e522d127812e630acb4c1290d3137b316e5adee45fb26d8963ab187ec74b41,StockX,"Growth Specialist: Social, Programmatic & Creative","Detroit, MI",unstated,other_mba_tech,mba_unknown,https://job-boards.greenhouse.io/stockx/jobs/8816805002,open
1edd4f112c805aa3373afc5c14ddec3aa79f2f7a4a0f446be1a3e43f71756e20,Lyft,"Account Manager, Automotive Vertical","New York, NY",unstated,ai_product,mba_unknown,https://app.careerpuck.com/job-board/lyft/job/8792050002?gh_jid=8792050002,open
3974e44b7a28fedd20cea3c049ddd444bc93a544a8cdcb1e405f12f7ec28446b,Lyft,"Account Manager, Automotive Vertical","San Francisco, CA",unstated,ai_product,mba_unknown,https://app.careerpuck.com/job-board/lyft/job/8791500002?gh_jid=8791500002,open
2941370b3e8743e64605ea0654545afed480484892d93ca2001dc3f307f60f6d,ZoomInfo,"Account Manager, SMB ","Bethesda, Maryland, United States; Waltham, Massachusetts, United States",unstated,ai_product,mba_unknown,https://www.zoominfo.com/careers?gh_jid=8786501002,open
8abf8f84438b7694dfde7f0dcb3d936429ab3bb7b47a2d9c9b4e6462370e7956,Affirm,"Senior Director, Key & Enterprise Sales",Remote US,unstated,ai_product,mba_unknown,https://job-boards.greenhouse.io/affirm/jobs/7740654003,open
8ef950cb10314c4367e419a71e1279b7a5d52f75d7636407b5bbb26e20e9a25f,Instacart,"Senior Product Manager, AI Control Studio",United States - Remote,unstated,ai_product,mba_unknown,https://instacart.careers/job/?gh_jid=8198159,open
d7cbb19e292569b3947e7644ddaa315f220c5b29a908c8adb7450db94cf2e06e,Brex,Support Specialist I,"Salt Lake City, Utah, United States",unstated,ai_product,mba_unknown,https://www.brex.com/careers/8815805002?gh_jid=8815805002,open
fc0678cf7f840e3f7df28352628c3e2e5621fec33550030065c0231ba8287246,Figma,"Support Engineer, AI Infrastructure & Tooling","San Francisco, CA • New York, NY • United States",unstated,ai_product,mba_unknown,https://boards.greenhouse.io/figma/jobs/5802956004?gh_jid=5802956004,open
cb1b65b7a3e556f947670baeee28827acd9f74ff4bf8f1ffe9cb1f533519d083,Attentive,Head of Applied Science / Data Science ,"San Francisco, CA",unstated,ai_product,mba_unknown,https://job-boards.greenhouse.io/attentive/jobs/4308475009,open
d442d6a4e61df1bf405a9728c5bb216920ce84369cdfcdc6459b4c42d85da679,Attentive,Senior Machine Learning Engineer,"San Francisco, CA",unstated,ai_product,mba_unknown,https://job-boards.greenhouse.io/attentive/jobs/4129704009,open
e4181188d94b339b4db5d16f1bf5c3c6b932fefd8728de9c0dfcee49c804c5d2,Attentive,Senior Machine Learning Engineer,"New York, NY",unstated,ai_product,mba_unknown,https://job-boards.greenhouse.io/attentive/jobs/4120595009,open
e4b40476b667d5412c6149479636c7f2bbff164c1fbf0df8b94e5e78bde3b854,Coinbase,Senior Threat Intelligence Engineer,Remote - USA,unstated,other_mba_tech,mba_unknown,https://www.coinbase.com/careers/positions/8209803?gh_jid=8209803,open
f4f15ce8899b03171701f59781b2c04b7c018f7f9e812b01f3752c2046026ef5,Squarespace,"VP of Engineering, Product Platform",New York City,unstated,ai_product,mba_unknown,http://www.squarespace.com/about/careers?gh_jid=8159503,open
76c3589c1b79a59152bd677d647e57dd9788de656e22f1b930f1da7eadc6ace4,Instacart,"Director of Product, Logistics",United States - Remote,unstated,ai_product,mba_unknown,https://instacart.careers/job/?gh_jid=8198282,open
96fd6494f90a54a4acff1c04d064a2791646563dd10884bfd616f492649ae17d,Coinbase,"Manager, WFM Compliance Operations",Remote - USA,unstated,ai_product,mba_unknown,https://www.coinbase.com/careers/positions/8089161?gh_jid=8089161,open
fb93cbf3cc4fdaf109e23313fadac2b53b9ba90f36f6f9de2018b6ca8c1ab540,Brex,"Senior Software Engineer, Frontend","New York, New York, United States",unstated,ai_product,mba_unknown,https://www.brex.com/careers/8815463002?gh_jid=8815463002,open
a1a0a16505295abf5932e02cc1b5636824686f1963e06a503b116866f47cdcbf,Brex,"Senior Software Engineer, Frontend","San Francisco, California, United States",unstated,ai_product,mba_unknown,https://www.brex.com/careers/8815462002?gh_jid=8815462002,open
3b8b36796662d071d75fa9fa45b79aecef4b4fce8ae8b2c2a7cbfbb78e321e30,Brex,"Senior Software Engineer, Frontend","Seattle, Washington, United States",unstated,ai_product,mba_unknown,https://www.brex.com/careers/8815457002?gh_jid=8815457002,open
7cba162874075c9aa1d5d1a3aa126ac253160e334ecb2c6c5e3eae58253ff996,Brex,"Software Engineer II, Backend","New York, New York, United States",unstated,other_mba_tech,mba_unknown,https://www.brex.com/careers/8815443002?gh_jid=8815443002,open
a02d59cd199d3fbbc82d3baff499019b720d5ad8a1bf8037b275fb7d3bce5916,Brex,"Software Engineer II, Backend","San Francisco, California, United States",unstated,other_mba_tech,mba_unknown,https://www.brex.com/careers/8815438002?gh_jid=8815438002,open
abaa25ff2b1d38f999a0d85381726bec7e5923239ff1a3e596282a54f5d7f8a4,Figma,"Manager, Recruiting - Sales","San Francisco, CA • New York, NY • United States",unstated,ai_product,mba_unknown,https://boards.greenhouse.io/figma/jobs/6191697004?gh_jid=6191697004,open
ea7896a7799136d2b2b339e6d8fdc86cb9f805d178693abc6afa3cbc9390ef58,Affirm,"Senior Software Engineer, Affirm Bank",Remote US,unstated,ai_product,mba_unknown,https://job-boards.greenhouse.io/affirm/jobs/7812982003,open
b32c9f2bf23712ba938d4bbfb262eca4107b1794526336c0a3eef713811c76b2,Affirm,"Staff Software Engineer, Affirm Bank",Remote US,unstated,ai_product,mba_unknown,https://job-boards.greenhouse.io/affirm/jobs/7813107003,open
26b7bb20649a71160a6b7c511308b784637abc2605f967ca945ca7fa68a2c16c,Betterment,"Program Manager, GTM Systems & Tooling",Betterment HQ - New York City,unstated,product,mba_unknown,https://www.betterment.com/careers/current-openings/job?gh_jid=8078059&gh_jid=8078059,open
c9b105ed62a46d6dd7be21e2248a77b8712e23bebbe4bc1cb1659fac732eb2d8,Brex,Finance Associate,"New York, New York, United States",unstated,ai_product,mba_unknown,https://www.brex.com/careers/8606825002?gh_jid=8606825002,open
e6c27257188fd9af2a53c38241b111b4cd380798bc89e69a94587f16cf562830,Lyft,"Sr. Product Marketing Manager, Programmatic Ad Solutions","New York, NY",unstated,product,mba_unknown,https://app.careerpuck.com/job-board/lyft/job/8814897002?gh_jid=8814897002,open
899370f9ac1c7705b9b96723d5f40ad433e151150c487c820da5c770e36e76f6,Lyft,"Sr. Product Marketing Manager, Programmatic Ad Solutions","San Francisco, CA",unstated,product,mba_unknown,https://app.careerpuck.com/job-board/lyft/job/8814891002?gh_jid=8814891002,open
184eaa2f1ffdf65266b67ae4c15e4ceb5d883a39a4e429c1c8744ef6e01ae5fa,Instacart," Senior Product Manager, Order Quality",United States - Remote,unstated,ai_product,mba_unknown,https://instacart.careers/job/?gh_jid=8203107,open
c5bdab79086f47aced34b4001c3512efd79b7fbcbda057558fb1a52626e0c398,Braze,"Senior Software Engineer II, Full-Stack",New York City,unstated,ai_product,mba_unknown,https://job-boards.greenhouse.io/braze/jobs/8207980,open
2054ffc7713093959c6883f94f902f5dfeaea9eab24be2300264919f3720243e,Affirm,Senior Sales Engineer,Remote US,unstated,product,mba_unknown,https://job-boards.greenhouse.io/affirm/jobs/7985476003,open
49a31212a18807ff5ad79514b52e5f6d376925204582c888276b633ba3929f7e,Braze,"Senior Director, GTM Product Marketing",New York City,unstated,ai_product,mba_unknown,https://job-boards.greenhouse.io/braze/jobs/8089479,open
220847d8008282ea2aeebcee42717cf92d22f052a2223eec938b1f47f8a6c8da,ZoomInfo,Software Engineer III - Data Acquisition,"Waltham, Massachusetts, United States",unstated,ai_product,mba_unknown,https://www.zoominfo.com/careers?gh_jid=8604692002,open
d096a49993effd7217fab529475cd3148c52e9eb9ada9c5484a6e7cba9f5b733,Nextdoor,"Client Partner, San Francisco","San Francisco, CA",unstated,ai_product,mba_unknown,https://about.nextdoor.com/careers-list/?gh_jid=8155430,open
36a841239d843feb11243ce6289e9e01c3b7d6ee48cea02ae10d561263cca2a9,Nextdoor,"Client Partner, NY","New York, NY",unstated,ai_product,mba_unknown,https://about.nextdoor.com/careers-list/?gh_jid=8165073,open
bb0d637b405c9f4552852ae4ae9631dc495bf90e03fc19666aecca049fcf33f8,Nextdoor,"Client Partner, Central ","Dallas, TX",unstated,ai_product,mba_unknown,https://about.nextdoor.com/careers-list/?gh_jid=8155088,open
6c1453746c59daee4edf0b3e89c9ca5bf2e2399362ada56aa749af11e8062e45,Faire,Lead Product Designer,"New York City, NY; San Francisco, CA",unstated,ai_product,mba_unknown,https://boards.greenhouse.io/faire/jobs/8445630002?gh_jid=8445630002,open
db4974d9308e675ebd4ab0b6b3db85d7fcdb1937f7dfa5559f5699141ad0a6eb,Squarespace,"Manager, Financial Systems ",New York City,unstated,other_mba_tech,mba_unknown,http://www.squarespace.com/about/careers?gh_jid=8174706,open
c6ca334f8c48edb107b338b69c821283b86c83a84913922e36a86ca2a1cb8547,Squarespace,"Software Engineer, Frontend ",New York City,unstated,ai_product,mba_unknown,http://www.squarespace.com/about/careers?gh_jid=8019365,open
b9d3f16ec16208c81ad49a82eeebb96cef6ae12c7ea7e83afdc217030c45d94c,Squarespace,"Senior Business Performance Lead, Scheduling",New York City,unstated,ai_product,mba_unknown,http://www.squarespace.com/about/careers?gh_jid=8046058,open
aa39c9291f08f937b49587a3f5abb18907586cf9413d085b071a31b4770afbdc,Squarespace,"Senior Director, Business Development",New York City,unstated,ai_product,mba_unknown,http://www.squarespace.com/about/careers?gh_jid=8101302,open
6f3b7cc536b5ee4cc00ed5b32fc1b19efecf770241a5bbdd1e00cdd4f567440b,Squarespace,"Staff Software Engineer, Revenue Systems",New York City,unstated,ai_product,mba_unknown,http://www.squarespace.com/about/careers?gh_jid=8125420,open
6863980d1a8de1a64481af3b855d5e970156108edae718afaaa4461440b6d6a4,Squarespace,Finance Manager ,New York City,unstated,ai_product,mba_unknown,http://www.squarespace.com/about/careers?gh_jid=8159515,open
587e4690ebfcc228d1903e4f75b24a36b5037360dc3e76974e832d0836b0ba41,Squarespace,Senior Growth Marketing Manager,New York City,unstated,ai_product,mba_unknown,http://www.squarespace.com/about/careers?gh_jid=8159493,open
479802c85de0d5aa167fd6deb8a19c6f803b12acc1176589ea79f14483ef220a,Squarespace,"Director, GTM & Growth Marketing",New York City,unstated,ai_product,mba_unknown,http://www.squarespace.com/about/careers?gh_jid=8174807,open
3c5f18e590d81e130e15081ceed5c99d1591354acf5efb672ae05f307f603bc8,Squarespace,"Staff Software Engineer, Backend (Communications Platform)",New York City,unstated,ai_product,mba_unknown,http://www.squarespace.com/about/careers?gh_jid=8159839,open
35aa8d9e6861951773ed85a31c6f7f424982357bb924f452e9e460728e18d1d3,Squarespace,Software Engineering Manager - Payments ,New York City,unstated,ai_product,mba_unknown,http://www.squarespace.com/about/careers?gh_jid=8079468,open
253b471e0aec35903751f8af73820d2470368b5799e56ed835a3ccdc945d3ced,Squarespace,"Enterprise Transformation, Senior Lead ",New York City,unstated,other_mba_tech,mba_unknown,http://www.squarespace.com/about/careers?gh_jid=8101306,open
9b84a041f233b40ca13ee249e7963ebc23d70a647ab7c31541084d81652aa519,ZoomInfo,"Account Manager, SMB","Vancouver, Washington, United States",unstated,ai_product,mba_unknown,https://www.zoominfo.com/careers?gh_jid=8738701002,open
9e9995bbd8416206eb5dd3a0c40dc02618765467bab8e3eafa86b10ff702db1f,Asana,"GM, Product - Command",New York City,unstated,ai_product,mba_unknown,https://www.asana.com/jobs/apply/8181040?gh_jid=8181040,open
fac5c01152bf7342e22376d5af5528aa0c47fafc9b23cdee37d0c366b7679242,Asana,"Strategic Enterprise Account Executive, Amazon",New York City,unstated,ai_product,mba_unknown,https://www.asana.com/jobs/apply/8165185?gh_jid=8165185,open
4f837abf764b4c9abe060b2d6a37fc70080a6a1114bcaf120816c291ae5f1889,Asana,"Strategic Enterprise Account Executive, Amazon",US WA Seattle - Remote,unstated,ai_product,mba_unknown,https://www.asana.com/jobs/apply/8054355?gh_jid=8054355,open
604d91db05fdf4a4e08daca288e107970a12f5e1eaa544222a6d42ef49acbb29,Asana,"Forward Deployed Engineer, Command by Asana",New York City,unstated,ai_product,mba_unknown,https://www.asana.com/jobs/apply/8044789?gh_jid=8044789,open
df6d76fbaa89ed617fff7de56d062c66390634fd691c80a9c58b6b3486ea816b,Asana,"Staff Software Engineer, AI Developer Experience",New York City,unstated,other_mba_tech,mba_unknown,https://www.asana.com/jobs/apply/7964388?gh_jid=7964388,open
220d6798d93a0927d4e34a39fd09ccf81b5efd201c368454cbebc11c46864c64,Asana,Software Engineer,New York City,unstated,ai_product,mba_unknown,https://www.asana.com/jobs/apply/7961475?gh_jid=7961475,open
d7adc5c139991644d0f2e4725280dce6081f8a6399ae84a33c7d1361d76b4bfa,ZoomInfo,"Manager, Account Management (Emerging Enterprise)","Vancouver, Washington, United States; Waltham, Massachusetts, United States",unstated,ai_product,mba_unknown,https://www.zoominfo.com/careers?gh_jid=8765670002,open
4052580e23435e16781741eff534c180f8aa4375ecad744bf3008539d4f6a7c2,ZoomInfo,Senior Software Engineer ,"Bethesda, Maryland, United States; Waltham, Massachusetts, United States",unstated,ai_product,mba_unknown,https://www.zoominfo.com/careers?gh_jid=8606563002,open
eff9f78da4287e9e9c0dca8ae0f7a93b9b8f3f2ff2193d19a7af8c8d81a89887,Duolingo,"Associate Product Manager, Intern","Pittsburgh, PA",unstated,product,mba_unknown,https://careers.duolingo.com/jobs/8806187002?gh_jid=8806187002,open
b5e69c183f4b3c2b067bc8b716df68aaf7b7721d0262f6e6cd670b896fa8008b,Braze,Senior Staff Monetization and Pricing Strategist,New York City,unstated,ai_product,mba_required,https://job-boards.greenhouse.io/braze/jobs/8173613,open
5ed9c36697926002e5a6967e7e63e77de0a5803db18530b77c354b16e207f333,Lyft,Senior Software Engineer - iOS,"San Francisco, CA",unstated,other_mba_tech,mba_unknown,https://app.careerpuck.com/job-board/lyft/job/8780012002?gh_jid=8780012002,open
177129a8c4f5bc6ca3311a6979df024d9245379010c2258bbbfb5887448c6f55,Betterment,Sr. Engineering Manager,Betterment HQ - New York City,unstated,other_mba_tech,mba_unknown,https://www.betterment.com/careers/current-openings/job?gh_jid=8201853&gh_jid=8201853,open
17baee863cbefa8512172d9c79bf929bab8a4c5b5b20e955e9b35396ce20b6fe,Instacart,Sales Associate - San Francisco/Los Angeles,United States - Remote,unstated,ai_product,mba_unknown,https://instacart.careers/job/?gh_jid=7560993,open
29c7af8f082ab31cda2523afd2985b57d7239940f065178747d08b7311753ec2,Instacart,Sales Associate,United States - Remote,unstated,ai_product,mba_unknown,https://instacart.careers/job/?gh_jid=7572155,open
68495ea8f0ca04781ec108e8dd0a8c4272b1ee31e4a49ec2e575d4d5fccbc7f1,Lyft,Staff Android Tooling Engineer,"San Francisco, CA",unstated,ai_product,mba_unknown,https://app.careerpuck.com/job-board/lyft/job/8761940002?gh_jid=8761940002,open
eac90ba4f83ae8cd5907498d344dbbb3402ca48ac5f9d56b4944097b9448e5aa,Faire,Talent Brand Manager,"San Francisco, CA",unstated,ai_product,mba_unknown,https://boards.greenhouse.io/faire/jobs/8762067002?gh_jid=8762067002,open
ddd568466115a0f466ad77d2fee6a7ae71f2963029bb9fa24f58d3602b1a5445,Braze,"AVP,  Agency & SI Partnerships",New York City,unstated,ai_product,mba_unknown,https://job-boards.greenhouse.io/braze/jobs/8192194,open
d3a690520e3930f820c4ecd85404a55fa4927fc60913ef6af19a68b948cb1048,Braze,"Manager, Solutions Consulting, AMER Commercial",Remote - USA,unstated,ai_product,mba_unknown,https://job-boards.greenhouse.io/braze/jobs/8157438,open
d063f86ec7f31986a41fe34a1e6eefff024ff7e157524d7c1f0d0925804e4072,Braze,"Director, Customer Success, Enterprise",New York City,unstated,ai_product,mba_unknown,https://job-boards.greenhouse.io/braze/jobs/8164546,open
cf2fd67dedbe30abe310b93783bbdaf723fc1f82d619b04b9cc8e9cdd8dc9cb6,Braze,Lead System Administrator,New York City,unstated,ai_product,mba_unknown,https://job-boards.greenhouse.io/braze/jobs/8173848,open
c6f44fa13bc3ce5764b8ca0449389c1da778bef2477b69b3003008813107e8e3,Braze,"Lead Product Marketing, AI Decisioning Studio",New York City,unstated,ai_product,mba_unknown,https://job-boards.greenhouse.io/braze/jobs/8170710,open
a247c3df6be6f14d8d880569051d80cfd3f4216b758e1c1925ec619ed87dda0e,Braze,"Senior Customer Success Manager, Industry",New York City,unstated,ai_product,mba_unknown,https://job-boards.greenhouse.io/braze/jobs/8155117,open
9a8a17ea3239751836d0cfc823258e26bfe05edfb3e6acf17ae03936e9ac27e4,Braze,"Account Executive, Enterprise, Financial Services",New York City,unstated,ai_product,mba_unknown,https://job-boards.greenhouse.io/braze/jobs/8159260,open
502c4f4d33f50f7b9961927ae2fb5e3a25e8619469d6152d927976f36cf55e91,Braze,"Engineering Manager, Landing Pages",New York City,unstated,ai_product,mba_unknown,https://job-boards.greenhouse.io/braze/jobs/8170902,open
1e3196f4816d474df07307446ce3fb68845cb0d8ff1c5ceca25bc23b270f2ab9,Braze,"Account Executive, Scale, MEGS",New York City,unstated,ai_product,mba_unknown,https://job-boards.greenhouse.io/braze/jobs/8180534,open
fbdedce68cdbac582176e456633f7fa4b249f6f5a2a60913d7d3de8d45f1af1f,Braze,"Partner Development Manager- Databricks, Snowflake",New York City,unstated,ai_product,mba_unknown,https://job-boards.greenhouse.io/braze/jobs/8139241,open
f1bb8e848b2d8133b9f3a32cbd9dfd0677d84ba10138f2828017bb1e92d90ef7,Braze,"Manager, Solutions Consulting, AMER Commercial",New York City,unstated,ai_product,mba_unknown,https://job-boards.greenhouse.io/braze/jobs/8120455,open
e69ddb716594b78c0131794f9139c552f23a52010c3f8b81d58a69b405ec575a,Braze,Partner Account Director - Platinum Partner Development,New York City,unstated,ai_product,mba_unknown,https://job-boards.greenhouse.io/braze/jobs/8110410,open
de9bfaaae514ac628e30df7d6dfb5597ea82b891df826ea78164ec244bc048a4,Braze,"Account Executive, Scale",New York City,unstated,ai_product,mba_unknown,https://job-boards.greenhouse.io/braze/jobs/8039626,open
d9769f57c6ab3b795d8c3a8bbe7af77deec72153bc2e60e23d5187637c47e687,Braze,"Account Executive, Retail Scale",New York City,unstated,ai_product,mba_unknown,https://job-boards.greenhouse.io/braze/jobs/8097447,open
c3ee882c64c34b5eff1e2dee7fdffba71426041f84d4acb95eda091874787871,Braze,"Senior Solutions Consultant, Retail (SC3)",New York City,unstated,ai_product,mba_unknown,https://job-boards.greenhouse.io/braze/jobs/8081972,open
c33b5230afa6853e331c31eac870e8d920d2f6037e73de4634975e3a83522e34,Braze,"Senior Lead Systems Engineer, AI & Automation",New York City,unstated,ai_product,mba_unknown,https://job-boards.greenhouse.io/braze/jobs/8082030,open
b7455dfaeaee6c5d313f927226a97eb90ec33f5f829da1005d62cb0d17c68f45,Braze,"Account Executive, Enterprise",New York City,unstated,ai_product,mba_unknown,https://job-boards.greenhouse.io/braze/jobs/8072802,open
b1b114194d62c4f1380dc6b90f31360347f4e641083812497c86301d17bbdbf5,Braze,"Manager, Services Consulting",New York City,unstated,ai_product,mba_unknown,https://job-boards.greenhouse.io/braze/jobs/8026991,open
b05c5db6f34d12fab86e38c2e749796e80e1332a499dce58b1458dcdd60e18f1,Braze,Senior Security Engineer II,New York City,unstated,ai_product,mba_unknown,https://job-boards.greenhouse.io/braze/jobs/8080170,open
5fe0b53f1d6e3327f0f9dd92248d60d3e1eb9ce494a810dd2c0b55abe6e03496,Braze,Senior Email Deliverability Consultant,New York City,unstated,ai_product,mba_unknown,https://job-boards.greenhouse.io/braze/jobs/8051169,open
57931bf70947c3b5ff371eddefcc0359fe1fda25a65ca44a564c77ebeb3a9d2e,Braze,"Lead, Technology Partners Product Marketing Manager",New York City,unstated,ai_product,mba_unknown,https://job-boards.greenhouse.io/braze/jobs/8089841,open
56d4d5d3af2f0e27ebf90c4c4a1acd8c0143b101726cff451701d0236ee96e14,Braze,Senior Partner Marketing Manager,New York City,unstated,ai_product,mba_unknown,https://job-boards.greenhouse.io/braze/jobs/8144376,open
49a761d31883a805b0e5577fe320a89647dba27b7a1857ecf94b7cf5e3828fa3,Braze,Senior Partner Account Director - Technology Partnerships - AWS,New York City,unstated,ai_product,mba_unknown,https://job-boards.greenhouse.io/braze/jobs/8115092,open
46a8a6c5f089af2d99db819df8417752a371d8740ef8df2d257c7c2522f02ce7,Braze,Senior Platform Software Engineer II,New York City,unstated,ai_product,mba_unknown,https://job-boards.greenhouse.io/braze/jobs/8039381,open
3d4a5b79ff8097753fbcc70baebe43e355a7b238bc3149fd9ef85f0de1953919,Braze,"Account Executive, Scale, Financial Services",New York City,unstated,ai_product,mba_unknown,https://job-boards.greenhouse.io/braze/jobs/8129309,open
3c88fbe720c6bf95fd621a84b97a4d962ab0a70bead2f87c9619f6edee722cf2,Braze,"Senior Account Executive, Strategic Enterprise MEGS",New York City,unstated,ai_product,mba_unknown,https://job-boards.greenhouse.io/braze/jobs/8140005,open
317fa13747c6226c49c69b67819c746d7c9ea523608bbc10cd203996f1da6086,Braze,"Account Executive, Enterprise Retail",New York City,unstated,ai_product,mba_unknown,https://job-boards.greenhouse.io/braze/jobs/8078035,open
21eb23360b36bdb715ce77a5da3d758914064fa96474c4de3864df0faca68a5a,Braze,Senior Lead Field Architect,New York City,unstated,ai_product,mba_unknown,https://job-boards.greenhouse.io/braze/jobs/8039731,open
205cab5084f33945155c679daed6b5185aad5089b1dcfa0d5c547d02971dbcff,Braze,"Director, CX Business Systems ",New York City,unstated,ai_product,mba_required,https://job-boards.greenhouse.io/braze/jobs/8052420,open
17a38ad99562eeea6148e4607791ce1b11c63b9ccc5e1f1da29e6ade691dccd2,Braze,"Senior Security Engineer, Enterprise Security",New York City,unstated,ai_product,mba_unknown,https://job-boards.greenhouse.io/braze/jobs/8071700,open
14be50b255f2c62fb609c48c6c909a6b60702a5c4dcc250bf50e53100f1d09fa,Braze,AVP Partner Sales,New York City,unstated,ai_product,mba_unknown,https://job-boards.greenhouse.io/braze/jobs/8141636,open
d07035dc1d5736802b1d25a685f8e5e83d603e9e2e45a8ad32b1afb3ec6d657d,Braze,"Account Executive, Emerging Enterprise, Financial Services",New York City,unstated,ai_product,mba_unknown,https://job-boards.greenhouse.io/braze/jobs/8013411,open
c327394a79018ff6dfcbf501af38ce0a812223b7b43286da6b500a9be91a3012,Braze,"Senior Account Executive, Strategic Enterprise",New York City,unstated,ai_product,mba_unknown,https://job-boards.greenhouse.io/braze/jobs/8010543,open
3c15438a3fc6a37ec89d4e57e2839314341c7ec1f9c7039bf993d83fbdf127ad,Braze,Senior Staff Engineer,New York City,unstated,ai_product,mba_unknown,https://job-boards.greenhouse.io/braze/jobs/7905995,open
949fd1888d1d486a0babafc2ef6964c062d82514aa3d3df42d90f742f505f800,Coinbase,"Senior Staff Software Engineer, Institutional Exchange",Remote - USA,unstated,ai_product,mba_unknown,https://www.coinbase.com/careers/positions/8179210?gh_jid=8179210,open
eaf1a52ee595e0f91f3cdae3c4b33aeaa5d8b5ee0ffad207834702461dc729ca,Coinbase,"Engineering Manager, Market Data & Analytics",Remote - USA,unstated,ai_product,mba_unknown,https://www.coinbase.com/careers/positions/8179214?gh_jid=8179214,open
fbc4e068ac29c4fba02e1b7d9185edd528bd3b1ce420be09ace28b928886066f,Figma,Technical Program Manager,"San Francisco, CA • New York, NY • United States",unstated,ai_product,mba_unknown,https://boards.greenhouse.io/figma/jobs/6179155004?gh_jid=6179155004,open
653388cd077bfdd24dbb9e9c5c1e3fb832c9de48988f5671f107d1923c47276a,Instacart,"Senior Machine Learning Engineer II, Ads Response Prediction",United States - Remote,unstated,ai_product,mba_unknown,https://instacart.careers/job/?gh_jid=7963838,open
74db4406e8135aad27d3ca261da05ce8781f402fadde1bf89dbb425dd844abcf,Faire,Senior Engineering Manager - Discovery,"San Francisco, CA",unstated,ai_product,mba_unknown,https://boards.greenhouse.io/faire/jobs/8564077002?gh_jid=8564077002,open
721317d9f7d1dd1eff517cb137fec817649b456d012810683d527fa292593d5b,Coinbase,"Forward Deployed Engineer, Finance [Office of the CTO]",Remote - USA,unstated,other_mba_tech,mba_unknown,https://www.coinbase.com/careers/positions/8072932?gh_jid=8072932,open
933beb41af81c8832a7325da5345baa3c901881db0cb6c1e310b711552ae3d0c,Coinbase,"Forward Deployed Engineer, Legal [Office of the CTO]",Remote - USA,unstated,ai_product,mba_unknown,https://www.coinbase.com/careers/positions/8060884?gh_jid=8060884,open
f50b583c8ff2877660c6e887830244dd6958e7960487c776c548c2483a672c5f,Affirm,"Director, Information Technology & Security",Remote US,unstated,other_mba_tech,mba_unknown,https://job-boards.greenhouse.io/affirm/jobs/7607567003,open
359b41ca7bd8a61c15bcccdd952471fb0b53a64838c25c059d76c8edd7da4035,Lyft,"Senior AI Software Engineer, Risk - Insurance Claims Management","Seattle, WA",unstated,ai_product,mba_unknown,https://app.careerpuck.com/job-board/lyft/job/8806969002?gh_jid=8806969002,open
1407daa3d9d768105cb94dd4d51e1811b09ed47cd36a01005c6d8910e8a26bfc,Lyft,"Senior AI Software Engineer, Risk - Insurance Claims Management","San Francisco, CA",unstated,ai_product,mba_unknown,https://app.careerpuck.com/job-board/lyft/job/8806580002?gh_jid=8806580002,open
875361720cc09ab9b08f9b73a17177ccdae2856db9908e06a3331f55092bb87c,Attentive,Strategic Account Director,United States,unstated,ai_product,mba_unknown,https://job-boards.greenhouse.io/attentive/jobs/4338293009,open
7a3f4a3b821cb98b15fd4e993cc5c22cb681019735a64498774eade2dba088d2,Faire,"Principal Product Manager, Financial Products","New York City, NY; San Francisco, CA",unstated,ai_product,mba_unknown,https://boards.greenhouse.io/faire/jobs/8631486002?gh_jid=8631486002,open
d581d2897dd4d5e1e636d847a82300e6d964cdc24d8ed24c9cde04fbfa725754,Coinbase,"Group Product Manager, Compliance Agent Experience",Remote - USA,unstated,ai_product,mba_unknown,https://www.coinbase.com/careers/positions/8060662?gh_jid=8060662,open
76a991ffff8cfec94f05aff7204a2a15b98fc2b83ec2322f16ac7d2a48d1021e,Coinbase,"Staff Software Engineer, Enterprise Apps",Remote - USA,unstated,other_mba_tech,mba_unknown,https://www.coinbase.com/careers/positions/8166218?gh_jid=8166218,open
2edad38715d6da0cd9cb09d0075ec3e976e16ebc067c0872006d8c58cbbfba4b,Coinbase,Software Engineer,"Charlotte, NC",unstated,ai_product,mba_unknown,https://www.coinbase.com/careers/positions/8003605?gh_jid=8003605,open
67aed860299918053e5ba2b4cdc5d5f76a0f522e9b1ce541539369bf862f0ab4,Coinbase,Senior Software Engineer,Remote - USA,unstated,ai_product,mba_unknown,https://www.coinbase.com/careers/positions/7961318?gh_jid=7961318,open
4c3538174e1b83c780fbb95734a57a311ad2324fca56055ec9be3c9e36e8bfe0,Coinbase,Senior Enterprise Engineer - Salesforce Platform (EAA - STP),Remote - USA,unstated,ai_product,mba_unknown,https://www.coinbase.com/careers/positions/7652048?gh_jid=7652048,open
1b9bbcaa90fdf58c2c925e609d05cadff255b061f12cc278505663ebab2895d6,Coinbase,Senior Software Engineer (EAA),Remote - USA,unstated,ai_product,mba_unknown,https://www.coinbase.com/careers/positions/7483221?gh_jid=7483221,open
c60f29ac8605e89f9275d282ebc6dd4a48caf7ec6348c2121f29e927a728fbf5,Betterment,"Sr. Engineering Manager, Application Security",Betterment HQ - New York City,unstated,ai_product,mba_unknown,https://www.betterment.com/careers/current-openings/job?gh_jid=8000757&gh_jid=8000757,open
adae6f637ef1e97ef40013638f57197c64d264c829d032b28b70f0ed8c455db5,ZoomInfo,Sales Development Representative I,"Vancouver, Washington, United States; Waltham, Massachusetts, United States",unstated,ai_product,mba_unknown,https://www.zoominfo.com/careers?gh_jid=8736993002,open
ed9ec3dae0e5642efd85385a381a2a4584f2dddd1d5c5ca34df517a4ecb43b9c,ZoomInfo,Sales Development Representative I,"Vancouver, Washington, United States; Waltham, Massachusetts, United States",unstated,ai_product,mba_unknown,https://www.zoominfo.com/careers?gh_jid=8494771002,open
37f955f1d3ed595e01af37b073c235ec356ae0202ff36d22338eb8fb187c31d6,Betterment,"Sr. Manager, Channel Partnerships",Betterment HQ - New York City,unstated,other_mba_tech,mba_unknown,https://www.betterment.com/careers/current-openings/job?gh_jid=8189369&gh_jid=8189369,open
85e805a7b6bfe7f8b7882fe1f602539e2f1c04f3435872ebd27fd9534f61c50f,Attentive,"Staff Software Engineer, Onsite Customer Growth","New York, NY",unstated,ai_product,mba_unknown,https://job-boards.greenhouse.io/attentive/jobs/4301174009,open
75fcb6a76f41f4c50cbf8de8ac1b45c9d1e9f611368d4f04c34a90740b76b083,Lyft,"Senior Product Manager, Customer Care AI ","San Francisco, CA",unstated,ai_product,mba_unknown,https://app.careerpuck.com/job-board/lyft/job/8783214002?gh_jid=8783214002,open
3e500703a7fc5ec9106f86606c893eb694f0af48bd9bccc1200c6eabf556db0f,Brex,Employee Relations Business Partner,"Seattle, Washington, United States",unstated,other_mba_tech,mba_unknown,https://www.brex.com/careers/8784133002?gh_jid=8784133002,open
aa1aa300635f357f3c2244222681a9a020b9976882107ca703f1c7fd30f888ad,Brex,Employee Relations Business Partner,"New York, New York, United States",unstated,other_mba_tech,mba_unknown,https://www.brex.com/careers/8784130002?gh_jid=8784130002,open
34d3819f2de2c98df22b5c3bf01d28322d7a304394784416e7e8799c97e8db57,Brex,Employee Relations Business Partner,"San Francisco, California, United States",unstated,other_mba_tech,mba_unknown,https://www.brex.com/careers/8782914002?gh_jid=8782914002,open
4054e66efd0bfafa7353417ca0d592d161fbad15ee9f6b00c0c05d59fc91ed35,Nextdoor,Software Engineer - Fullstack,"San Francisco, CA",unstated,ai_product,mba_unknown,https://about.nextdoor.com/careers-list/?gh_jid=8198165,open
1364d38f34267742aac52f3ef42527ef1d43b5111adc5578f64e5ab398f54b0e,Nextdoor,Software Engineer - Fullstack,"Dallas, TX",unstated,ai_product,mba_unknown,https://about.nextdoor.com/careers-list/?gh_jid=8198185,open
3ff445e7e10c7cca1d3f37ee53a17a8022c6a041881e89955446b1912d1301f3,Attentive,Senior Corporate Security Operations Engineer ,United States,unstated,ai_product,mba_unknown,https://job-boards.greenhouse.io/attentive/jobs/4404472009,open
8eed3ce45719d631660f474d55ed993eca01206d913bd43ab8238dce94060bab,Attentive,"Senior Product Manager, Data Platform Extensibility",United States,unstated,ai_product,mba_unknown,https://job-boards.greenhouse.io/attentive/jobs/4402183009,open
50abed96a9bdd745c9c33bdb5f621bc53ee6072d30c060b86b56f9c973d864e1,Figma,Senior Technical Revenue Analyst,"San Francisco, CA • New York, NY • United States",unstated,ai_product,mba_unknown,https://boards.greenhouse.io/figma/jobs/6139275004?gh_jid=6139275004,open
2d00a59a16867036ffcaa63acfc20a7d4a4216ac6f82e4de6821b1f9b0b604ae,Flexport,Mid-market Sales Manager ,"Chicago, Illinois, United States",unstated,other_mba_tech,mba_unknown,https://job-boards.greenhouse.io/flexport/jobs/8136589,open
0e9e58ef8ec9978587d8cfc30cd7542c2455dcd7f6cf123b43c1d03ffd294701,Flexport,"Business Operations Manager, Office of the CEO","San Francisco, California, United States",unstated,ai_product,mba_unknown,https://job-boards.greenhouse.io/flexport/jobs/7166036,open
a320df269c0995ab5d6138f5799115935d46995004136706db83b7ebedbc007e,Coinbase,"Software Engineer, Blockchain Platform Nodes",Remote - USA,unstated,other_mba_tech,mba_unknown,https://www.coinbase.com/careers/positions/8105437?gh_jid=8105437,open
4dfe77ff5975d4498c53de098496235aba4df9ae0790c68b8218ed6ef76b9d25,Brex,"People Business Partner, GTM (Customer Experience, Implementation & Sales Development)","Seattle, Washington, United States",unstated,other_mba_tech,mba_unknown,https://www.brex.com/careers/8803650002?gh_jid=8803650002,open
a7a1fc2bf04eb181e11bd2728f01283f01d588280cd12719ef7aadf300329f5c,Brex,"People Business Partner, GTM (Customer Experience, Implementation & Sales Development)","New York, New York, United States",unstated,other_mba_tech,mba_unknown,https://www.brex.com/careers/8803649002?gh_jid=8803649002,open
a746415df52d5e056162d5684ebcf797a9822699d0fb49c2e11349460f4d1242,Brex,"People Business Partner, GTM (Customer Experience, Implementation & Sales Development)","San Francisco, California, United States",unstated,other_mba_tech,mba_unknown,https://www.brex.com/careers/8803642002?gh_jid=8803642002,open
a6219897c2f71fbd4a4b6801112e2ec3142b29ff42de563891ee9468c8826612,Discord,"Staff Software Engineer, Experimentation Platform",Remote (U.S.),unstated,ai_product,mba_unknown,https://job-boards.greenhouse.io/discord/jobs/8700605002,open
5b2c0768e17783e1b04e74797979a09c1aa2a3458a9dee4c6ac0b8016a300aa5,Discord,Senior Stock Administrator,San Francisco Bay Area or Remote (U.S.),unstated,other_mba_tech,mba_unknown,https://job-boards.greenhouse.io/discord/jobs/8757366002,open
c023b3eabf5ea0d6a65931a4fb1d6372967e9befbd15aeab2c1aaf8853dd14a6,Nextdoor,Data Scientist - Ads Marketplace,US Remote,unstated,ai_product,mba_unknown,https://about.nextdoor.com/careers-list/?gh_jid=8198106,open
30fe83c0e56fcc5112dda9c445dc163e86ae4e7054cd76491edf341eb0e0a005,Flexport,Enterprise Account Executive ,"Atlanta, Georgia, United States",unstated,other_mba_tech,mba_unknown,https://job-boards.greenhouse.io/flexport/jobs/7977805,open
1a2a5a405e592b56592e2deca2390ed53f194b5ca76a5edb1e2c7c8eb1d92428,Coinbase,Senior Strategic Program Lead,Remote - USA,unstated,ai_product,mba_unknown,https://www.coinbase.com/careers/positions/8198065?gh_jid=8198065,open
6b0f9ae71004f98ed2887cada73112dc13824fe34cacee5c69f6e4eb6022d83b,Coinbase,Operational Excellence Senior Program Lead,Remote - USA,unstated,ai_product,mba_unknown,https://www.coinbase.com/careers/positions/8198059?gh_jid=8198059,open
d73168e8ffc5d0e4df5277b846995aff70556f21bf873f2cc7ec453d7a89d3bc,Affirm,"Senior Software Engineer, Frontend (Auth Experiences)",Remote US,unstated,product,mba_unknown,https://job-boards.greenhouse.io/affirm/jobs/7984714003,open
c367b42545efa651e7546070522e228980e18796a06472342bdba38fbfd463fe,Brex,Senior Technical Recruiter,"Seattle, Washington, United States",unstated,ai_product,mba_unknown,https://www.brex.com/careers/8432615002?gh_jid=8432615002,open
03b96d5644d06fc2b431c70386022ad8d27f4938fc476e5cfe1992d3a5b7a7f0,Brex,Senior Technical Recruiter,"New York, New York, United States",unstated,ai_product,mba_unknown,https://www.brex.com/careers/8432614002?gh_jid=8432614002,open
72b433e5453d5477cb2afd3666623d0e2e527a9d4a838bc8eb384097d0653d9c,Brex,Senior Technical Recruiter,"San Francisco, California, United States",unstated,ai_product,mba_unknown,https://www.brex.com/careers/8428989002?gh_jid=8428989002,open
14309cabe2139e49afccd541b5eaa81aab56be8ca13281deb4f86ce342ecad01,Flexport,Area Manager,"Atlanta, Georgia, United States",unstated,other_mba_tech,mba_unknown,https://job-boards.greenhouse.io/flexport/jobs/8174481,open
46400a174bfc474b8d21426e70ef8871576a8be8ae3191188dd740f163cbab5b,Brex,"Staff Product Manager, AI","New York, New York, United States",unstated,ai_product,mba_unknown,https://www.brex.com/careers/8780829002?gh_jid=8780829002,open
172168ff6eaf3464885a9f67b8a2f4c3c5c7702c1b88c2f005fbfe7074ad2097,Brex,"Senior Product Manager, AI","San Francisco, California, United States",unstated,ai_product,mba_unknown,https://www.brex.com/careers/8780827002?gh_jid=8780827002,open
ab0d76b6d533d39ad5f8fc3d5d118c97da234344801f36a14d1af4560a995c53,Faire,"Staff Applied Scientist, LTV Modeling","New York City, NY; San Francisco, CA",unstated,ai_product,mba_unknown,https://boards.greenhouse.io/faire/jobs/8801834002?gh_jid=8801834002,open
1deebab97bec140a1e3c74fe7acad544fa03ad034854e2d0c615c7110fb8cf12,Peloton,Sr. Mechanical Engineer,"Woodinville, Washington",unstated,ai_product,mba_unknown,https://careers.onepeloton.com/en/all-jobs/?gh_jid=8154259,open
e8c92f3a4543ed72d18f97954c91abe47030989b572055b6ca1dbfa9e72a3bcd,Affirm,"Senior Software Engineer, Backend (Loan Origination and Reporting)",Remote US,unstated,product,mba_unknown,https://job-boards.greenhouse.io/affirm/jobs/7906337003,open
5a9a69f66c224ff7356df5a7bb977503a7a14ec33a397e796634cf17af7da282,Affirm,Workplace Specialist II,"San Francisco, California, United States",unstated,other_mba_tech,mba_unknown,https://job-boards.greenhouse.io/affirm/jobs/7982371003,open
1d7b57788051f7d4828ceae2335504fdd67ae33cc46fd40ae182a23cdd8aa608,Klaviyo,IT Systems Engineer ,"Boston, MA",unstated,other_mba_tech,mba_unknown,https://www.klaviyo.com/careers/jobs/7990570003?gh_jid=7990570003,open
889e50288726b41fcc151d2ecba12e34cd062fe05fab561f82477cdb922b0419,Klaviyo,Senior Lead Technical Program Manager - Infrastructure,"San Francisco, CA",unstated,ai_product,mba_unknown,https://www.klaviyo.com/careers/jobs/7992869003?gh_jid=7992869003,open
79582d9a057b41b6d1e742e7fe016421a2cabc5056789fb48a32ddc0a333d606,Klaviyo,Senior Lead Technical Program Manager - Infrastructure,"Boston, MA",unstated,ai_product,mba_unknown,https://www.klaviyo.com/careers/jobs/7855726003?gh_jid=7855726003,open
e1da8e5ea5c7442132bbb8ec58b6a68ca1522c6ac9774d1b7241058710a8031c,Klaviyo,Senior IT Systems Engineer,"San Francisco, CA",unstated,other_mba_tech,mba_unknown,https://www.klaviyo.com/careers/jobs/7992821003?gh_jid=7992821003,open
64cb8971fc7e2e2de50cba15d9a7824b33f344e7f3ea32fef8fe8ae043bbbdcd,Klaviyo,Senior IT Systems Engineer,"Boston, MA",unstated,other_mba_tech,mba_unknown,https://www.klaviyo.com/careers/jobs/7990571003?gh_jid=7990571003,open
bb910c7d828a55151b101be52477e7121debac8f465e5607891e4bc193e49d85,Lyft,"Machine Learning Engineer, Fulfillment","San Francisco, CA",unstated,ai_product,mba_unknown,https://app.careerpuck.com/job-board/lyft/job/8688633002?gh_jid=8688633002,open
7ac5b790301ed6775026e8a911362be84b59a7654e2014239536abe05add1682,Brex,Enterprise Account Executive II,"Salt Lake City, Utah, United States",unstated,ai_product,mba_unknown,https://www.brex.com/careers/8326211002?gh_jid=8326211002,open
bb35344cd477fdb25a2d81901b3e0e1f2ffe476e9f4f2b2a1fc1906076c26811,Affirm,"Counsel II, Capital Markets",Remote US,unstated,other_mba_tech,mba_unknown,https://job-boards.greenhouse.io/affirm/jobs/7963753003,open
f5b114aa26798ffcc9482bfb5e4cd86651159fb58fb5a5060209198fe001d515,Coinbase,Principal Recruiter,Remote - USA,unstated,other_mba_tech,mba_unknown,https://www.coinbase.com/careers/positions/8050322?gh_jid=8050322,open
c3bb3edeba64ccf7b72bdb1360aade5f7847e142f3741e8ef78e98f3f2f3167a,Instacart,"Senior Manager, Technical Account Management (Enterprise)",United States - Remote,unstated,product,mba_unknown,https://instacart.careers/job/?gh_jid=8077677,open
74b63a29118c4afc037f55a91722099a10dab9a4363f75d3b0e2ee8dd0e33eb6,Brex,"Engineering Manager, Bill Pay ","Seattle, Washington, United States",unstated,ai_product,mba_unknown,https://www.brex.com/careers/8797770002?gh_jid=8797770002,open
3e6dd7608528e9772e39e9db5b419eae69685eed117c5a575a1cb8519bc7761a,Brex,"Engineering Manager, Bill Pay ","New York, New York, United States",unstated,ai_product,mba_unknown,https://www.brex.com/careers/8797769002?gh_jid=8797769002,open
aa073bccf11266337c55d9a454eccb930fe00a7734b9c306ddce266270be34a1,Brex,"Engineering Manager, Bill Pay ","San Francisco, California, United States",unstated,ai_product,mba_unknown,https://www.brex.com/careers/8782795002?gh_jid=8782795002,open
83cba587589980ee96a29927d23311ee7715f779e8b77233bcd2007c0e66291b,Brex,"Engineering Manager, GTM Engineering ","San Francisco, California, United States",unstated,ai_product,mba_unknown,https://www.brex.com/careers/8339037002?gh_jid=8339037002,open
0e9433167a23c4f0fc628cd30714009362acb617c53b91b3901c371aad5518fc,Coinbase,Software Engineer- Money Movement ,Remote - USA,unstated,ai_product,mba_unknown,https://www.coinbase.com/careers/positions/8177946?gh_jid=8177946,open
0d6d3ed5a8254a66aa1bb518e8ee767b4bf1d0414f8def965cf164bd2e36b3bf,Peloton,Peloton Expert (Part-Time) - San Francisco Valley Fair,"Santa Clara, California",unstated,ai_product,mba_unknown,https://careers.onepeloton.com/en/all-jobs/?gh_jid=8103842,open
dfe817907b210a8c7beebeaa4a76389efac05e2dfec94e0fc72a72b9710cfdb0,Lyft,Legal Operations Specialist,"Nashville, TN",unstated,other_mba_tech,mba_unknown,https://app.careerpuck.com/job-board/lyft/job/8792126002?gh_jid=8792126002,open
ecc7508115e5039a9f04ce28ac30be1becd79e30ddc1fa92a72f555f0b189f33,Figma,"Senior Analyst, Revenue Transformation","San Francisco, CA • New York, NY • United States",unstated,ai_product,mba_unknown,https://boards.greenhouse.io/figma/jobs/6180170004?gh_jid=6180170004,open
e45447ae6a7b5b97e3d3733ca53c0d3cac73235b87101e5098845f3cbe3789d3,Klaviyo,Senior Security Engineer - Detection & Response,"San Francisco, CA",unstated,ai_product,mba_unknown,https://www.klaviyo.com/careers/jobs/7991777003?gh_jid=7991777003,open
485eff6362ec8dea4da60d3f24c55c59a30db1f3c1450c22b22dcf3c928e8b57,Klaviyo,Senior Security Engineer - Detection & Response,"Denver, CO",unstated,ai_product,mba_unknown,https://www.klaviyo.com/careers/jobs/7991733003?gh_jid=7991733003,open
9a77b03bcdc8f5d8d7d7abf54679b70c36471a8a53485208654a8a9d9fc244c7,Klaviyo,Senior Security Engineer - Detection & Response,"Boston, MA",unstated,ai_product,mba_unknown,https://www.klaviyo.com/careers/jobs/7989325003?gh_jid=7989325003,open
6ef51130b0d6cf4ccbc3cbcba4b9b104cead5135c702944ad9e6bfdd0cdcd820,Affirm,"Senior Counsel, Capital Markets",Remote US,unstated,other_mba_tech,mba_unknown,https://job-boards.greenhouse.io/affirm/jobs/7979548003,open
d3aeaa4bb3a312cdaadc9e001899775e31cda26ac335f3742efb2565d1f5f618,Instacart,Senior Product Designer II - Lifecycle & Growth,United States - Remote,unstated,ai_product,mba_unknown,https://instacart.careers/job/?gh_jid=8191763,open
22d38b5e72ae74cd7288996d3887fa77ed06c4812e7f1013445a5a813d7f1d3d,Figma,"Manager, Software Engineering - AI Observability","San Francisco, CA • New York, NY • United States",unstated,ai_product,mba_unknown,https://boards.greenhouse.io/figma/jobs/5807963004?gh_jid=5807963004,open
1941f50a4579c3ac980abbc03c78e475566c9e8bf5a7f4abc5f42f27be18fed7,Betterment,"Sr. Manager, Revenue Operations - Deal Desk & GTM Process Improvement",Betterment HQ - New York City,unstated,other_mba_tech,mba_unknown,https://www.betterment.com/careers/current-openings/job?gh_jid=8075138&gh_jid=8075138,open
ead0cd2c5b70c4a3eacbc787a1a946764094b9fa444887c2e3db04848f185b7b,Peloton,Sr. PLM Platform Architect,"Woodinville, Washington",unstated,ai_product,mba_unknown,https://careers.onepeloton.com/en/all-jobs/?gh_jid=8177488,open
f1734e50b1d93ce067e2ff00ce466348ae2a8ce6d6949d54a5748dfa527aadfb,Flexport,Social Media & Content Manager,"Chicago, Illinois, United States",unstated,product_marketing,mba_unknown,https://job-boards.greenhouse.io/flexport/jobs/8054645,open
5c94ae0db36884eb5d5e5e7f1eb33d26764b034b223f2f6f364f66d1d44d53d5,Coinbase,"Senior Staff Software Engineer, Platform - IAM",Remote - USA,unstated,ai_product,mba_unknown,https://www.coinbase.com/careers/positions/8155366?gh_jid=8155366,open
a2b26548a1de31bc18b2c31cee9d142f6e499e76d3b12de3ecbbe93450ac46d6,Lyft,Data Scientist ,"Seattle, WA",unstated,ai_product,mba_unknown,https://app.careerpuck.com/job-board/lyft/job/8772592002?gh_jid=8772592002,open
cd3d859843aee3d5e9b84521ef25fbe857b06693a7f9ede7d4bbdc8de51a65e1,Flexport,"Security Engineer, Corporate Security","San Francisco, California, United States",unstated,other_mba_tech,mba_unknown,https://job-boards.greenhouse.io/flexport/jobs/8166038,open
c885bf859e675b28e2df1942ca6947cc77e3aab80945cb85c85ea31a3d46ad97,Instacart,"Senior Product Manager, Advertiser Experience",United States - Remote,unstated,product,mba_unknown,https://instacart.careers/job/?gh_jid=8120469,open
fd6bec5f323514dcb89bd15c615d0183e345dc536098d80e96979723eca2a6b2,Lyft,Software Engineer,"San Francisco, CA",unstated,other_mba_tech,mba_unknown,https://app.careerpuck.com/job-board/lyft/job/8772571002?gh_jid=8772571002,open
22eb04bf3d3ed1f4b9cd86c2474f2b8cbbaae3c9413be894dc2e496f59d16db8,Lyft,Software Engineer,"Seattle, WA",unstated,other_mba_tech,mba_unknown,https://app.careerpuck.com/job-board/lyft/job/8772594002?gh_jid=8772594002,open
f74a1b1ee1a01d5a4e835994e651e94e9303250c6e9de793e7545060a57e7120,Lyft,Global Supply Manager,"San Francisco, CA",unstated,other_mba_tech,mba_unknown,https://app.careerpuck.com/job-board/lyft/job/8772604002?gh_jid=8772604002,open
614c2535dad4cad56ac8fef7a419a4e55551ad0cec7293d2dd724288f3b9f1a4,Peloton,Android Engineer III,"New York, New York",unstated,ai_product,mba_unknown,https://careers.onepeloton.com/en/all-jobs/?gh_jid=7996674,open
5d78b0f3fee13d23aff630d36e2fbf6fd0054905a573084a6bc0cf3d06aede72,Coinbase,"Forward Deployed Engineer, Compliance [Office of the CTO]",Remote - USA,unstated,other_mba_tech,mba_unknown,https://www.coinbase.com/careers/positions/8099099?gh_jid=8099099,open
245c8bf171e651f9925ed869bd8ee225a03fb7bec5401b1522b3004932cba005,Flexport,Social Media & Content Manager,"New York City, New York, United States",unstated,product_marketing,mba_unknown,https://job-boards.greenhouse.io/flexport/jobs/8054644,open
8b018d46dc15736e18661373fb2469c541326ccd12b43f6d893c79e2af667a67,Flexport,Social Media & Content Manager,"San Francisco, California, United States",unstated,product_marketing,mba_unknown,https://job-boards.greenhouse.io/flexport/jobs/8044163,open
9a8f8bda1cc42d370316513e4b460c0084a7d79505ad086ce51a64c57f6bc7dd,Figma,Security Scientist,"San Francisco, CA • New York, NY • United States",unstated,ai_product,mba_unknown,https://boards.greenhouse.io/figma/jobs/6180172004?gh_jid=6180172004,open
7baca3720af7bc502a8d75737a01d0104f7f03c10352569fb113b490d1bd4744,Coinbase,Senior Software Engineer- Blockchain Network,Remote - USA,unstated,ai_product,mba_unknown,https://www.coinbase.com/careers/positions/8094196?gh_jid=8094196,open
bee1c3b2b13a9c9bf56853a73c25f347ed081f31ed1173ade3d35d1ec5d2133c,Figma,Designer Advocate ,"San Francisco, CA • New York, NY • United States",unstated,ai_product,mba_unknown,https://boards.greenhouse.io/figma/jobs/6176134004?gh_jid=6176134004,open
b156720970e27a6de271c245db4a17e2b3c635940427e0810cc5d7d7c8da8dc4,Klaviyo,Product Marketing Manager - Mobile,"San Francisco, CA",unstated,ai_product,mba_unknown,https://www.klaviyo.com/careers/jobs/7990473003?gh_jid=7990473003,open
a98c021cffc4ae4cb0682369c99f51202f0f148a4e0b8167484b6e1c7d0ac16c,Klaviyo,Product Marketing Manager - Mobile,"Boston, MA",unstated,ai_product,mba_unknown,https://www.klaviyo.com/careers/jobs/7979927003?gh_jid=7979927003,open
d1a4d4f71890ee01783124cbc01f371ec3e32f1b22c0eadaa8573573379f9066,Klaviyo,"Lead, Production & Collaboration Technology","Boston, MA",unstated,other_mba_tech,mba_unknown,https://www.klaviyo.com/careers/jobs/7986462003?gh_jid=7986462003,open
5596bc68a76e8759322c73e38a4aeea8d063a702bfc30d25641ffd58e8a9f2be,Figma,Technical Account Manager,"San Francisco, CA • New York, NY • United States",unstated,ai_product,mba_unknown,https://boards.greenhouse.io/figma/jobs/6181922004?gh_jid=6181922004,open
52979c7ded29b8add12e8cf1ed907ef023cbbeb6a4b3efe80ffc9d7a766feb33,Affirm,"Senior Software Engineer, Backend (Partner Merchant Interface)",Remote US,unstated,other_mba_tech,mba_unknown,https://job-boards.greenhouse.io/affirm/jobs/7832324003,open
4377fa4023d973e19359dc68eb9870db3e73c8127aa72a8dde4aa556309e2cfc,Peloton,Sr. Accountant,"New York, New York",unstated,ai_product,mba_unknown,https://careers.onepeloton.com/en/all-jobs/?gh_jid=8111903,open
2c9ddc6c01d7fbc0698aae55b2478c14d1deab20f0d09bf8efea924074f60638,Klaviyo,Head of Compensation,"Boston, MA",unstated,other_mba_tech,mba_unknown,https://www.klaviyo.com/careers/jobs/7984272003?gh_jid=7984272003,open
89197e3302d60a0a090fcfbebdca5a3b09ae540d844d72967f365359612091e3,Brex,Senior Marketing Operations Manager,"Salt Lake City, Utah, United States",unstated,ai_product,mba_unknown,https://www.brex.com/careers/8787029002?gh_jid=8787029002,open
8fe2e1eefa8023cf8834302c00c623595b74cb5cabd8960c8f1d9718d8f4bac3,Brex,Senior Marketing Operations Manager,"New York, New York, United States",unstated,ai_product,mba_unknown,https://www.brex.com/careers/8787020002?gh_jid=8787020002,open
3a83f38d306100afbc555aa7f0fa452b3224b82a29d4979633b45dcc61d823bf,Brex,Senior Marketing Operations Manager,"Seattle, Washington, United States",unstated,ai_product,mba_unknown,https://www.brex.com/careers/8787002002?gh_jid=8787002002,open
1ae8ffe7d4c1bd5d0fc216044e9c0fc37c0f6614b2d340274a2c710d3366c31f,Faire,"Strategy & Operations Senior Lead, Brand Growth","San Francisco, CA",unstated,ai_product,mba_unknown,https://boards.greenhouse.io/faire/jobs/8786049002?gh_jid=8786049002,open
73c9ceb239cb0420a237bf82534b660e36f4af4d7a827e3bc574817612b32871,Brex,Senior Marketing Operations Manager,"San Francisco, California, United States",unstated,ai_product,mba_unknown,https://www.brex.com/careers/8786673002?gh_jid=8786673002,open
d9157b10f89bcadba6ccee6c8fc989300265c9dbae60084b4240c066685f19f6,ZoomInfo,Senior Software Engineer ,"Bethesda, Maryland, United States",unstated,other_mba_tech,mba_unknown,https://www.zoominfo.com/careers?gh_jid=8750953002,open
da799be18351fcd1511bf292955ea6712926ce7bfa25fc172744f8416e637871,ZoomInfo,Principal Software Engineer - AI Platform ,"Bethesda, Maryland, United States; San Francisco, California, United States; Waltham, Massachusetts, United States",unstated,ai_product,mba_unknown,https://www.zoominfo.com/careers?gh_jid=8661955002,open
3e723ccdd67cacdc1e0d6153051d3b5e9d9c57ad27309ed405d9b807e6105383,ZoomInfo,Senior Software Engineer - Data Acquisition ,"Waltham, Massachusetts, United States",unstated,ai_product,mba_unknown,https://www.zoominfo.com/careers?gh_jid=8604686002,open
e6338a1fe4db55ba9001f4fcdf363721de6431de845b743a4b9a731717ef0da9,Brex,"Staff Brand Designer, Interactive","New York, New York, United States",unstated,ai_product,mba_unknown,https://www.brex.com/careers/8782407002?gh_jid=8782407002,open
33f4d39dca1b23c480a64e916ac0188319ea195a68afd0ef95dd284c0f936c7c,ZoomInfo,GTM Consultant II,"Bethesda, Maryland, United States; Vancouver, Washington, United States; Waltham, Massachusetts, United States",unstated,ai_product,mba_unknown,https://www.zoominfo.com/careers?gh_jid=8649156002,open
f33292d6c99cfc1dd1d60475952ecd19369dfa15eeb3c42a22057babaa051e9d,Flexport,Global Operations Associate,"Dallas, Texas, United States",unstated,other_mba_tech,mba_unknown,https://job-boards.greenhouse.io/flexport/jobs/8184558,open
687930c2264bc536e8f4f3f0a257c2ef283780bccdd45cb99022b2adbade387b,Coinbase,Credit Risk Analyst,Remote - USA,unstated,ai_product,mba_unknown,https://www.coinbase.com/careers/positions/8131356?gh_jid=8131356,open
ae4abadd54bb1764e42b494e44ac32e932b97f8c0a0e02162854fe06adf58468,Coinbase,Senior Market Data Engineer,Remote - USA,unstated,ai_product,mba_unknown,https://www.coinbase.com/careers/positions/8180833?gh_jid=8180833,open
00e6964f387e7dbc4ebd875b17569fb31de919c0bc94225be251d4bb19b65b7f,Coinbase,Senior Network Engineer,Remote - USA,unstated,ai_product,mba_unknown,https://www.coinbase.com/careers/positions/8179311?gh_jid=8179311,open
ddb2b976cf45c1762347a3af2437236ef7c06ad982b68c1cf8340ca02583f25e,Duolingo,"Staff Technical Program Manager, Duolingo English Test","Pittsburgh, PA",unstated,ai_product,mba_unknown,https://careers.duolingo.com/jobs/8755781002?gh_jid=8755781002,open
6c0b9e96759712d053f8285f068d68df63bcd49a40d29840dfb792266fe8fba8,Duolingo,"Staff Technical Program Manager, Developer Amplification ","Seattle, WA",unstated,ai_product,mba_unknown,https://careers.duolingo.com/jobs/8638482002?gh_jid=8638482002,open
e21b797d740a2952975be13a3af1520fe4063716d530b49aaa0c53681c67f28e,Attentive,Commercial Counsel,United States,unstated,ai_product,mba_unknown,https://job-boards.greenhouse.io/attentive/jobs/4349839009,open
6058f643dcc1846045faf443e607c9faf1e05717b5d553b5a35f61735fcd91e7,Affirm,"Software Engineer II, Backend (Post-Transaction)",Remote US,unstated,product,mba_unknown,https://job-boards.greenhouse.io/affirm/jobs/7981803003,open
8177592097cd9237266e20c68628d96ab6eca1a188da936ef32924afdb69a6b8,Brex,"Senior Growth Marketing Manager, Paid Social","Salt Lake City, Utah, United States",unstated,ai_product,mba_unknown,https://www.brex.com/careers/8784425002?gh_jid=8784425002,open
3af308ec6d15e913af60cbac9f9784844673585d9da254d2cce74688ff1aa8e9,Brex,"Senior Growth Marketing Manager, Paid Social","Seattle, Washington, United States",unstated,ai_product,mba_unknown,https://www.brex.com/careers/8784418002?gh_jid=8784418002,open
e8ebc58b5f9587dad1527caf0bbbefd0940c6296b4ce12041356a04974289b28,Brex,"Senior Growth Marketing Manager, Paid Social","New York, New York, United States",unstated,ai_product,mba_unknown,https://www.brex.com/careers/8784416002?gh_jid=8784416002,open
3bff4cfdd019d69292c718206db512100ba3eb5bccdeba4833525683485abc24,Brex,"Senior Growth Marketing Manager, Paid Social","San Francisco, California, United States",unstated,ai_product,mba_unknown,https://www.brex.com/careers/8782292002?gh_jid=8782292002,open
242ed23a5f53d84afbc17b77636431fefaab1ad919263284169cd35c6e942d0a,Brex,Startups Partnerships Manager,"San Francisco, California, United States",unstated,ai_product,mba_unknown,https://www.brex.com/careers/8642781002?gh_jid=8642781002,open
ffeee8324a9509da22354a8033139f14faf410300df77e1df007b7daa4c9262a,Lyft,"Senior Data Scientist, Causal Inference","Seattle, WA",unstated,other_mba_tech,mba_unknown,https://app.careerpuck.com/job-board/lyft/job/8584695002?gh_jid=8584695002,open
fd193c2e56aaf594fcfcead4bda371a342b0dc1a6a40b4f447ffeae539b9f8cb,Lyft,"Growth Marketing Manager, Lifecycle","New York, NY",unstated,ai_product,mba_unknown,https://app.careerpuck.com/job-board/lyft/job/8623242002?gh_jid=8623242002,open
f49cefed647bf36812fb0c5d5ec7d01746af8ee16e048c10d4485a84f911ba23,Lyft,"Senior Data Scientist, Causal Inference","San Francisco, CA",unstated,other_mba_tech,mba_unknown,https://app.careerpuck.com/job-board/lyft/job/8584595002?gh_jid=8584595002,open
eb985cbb3788060d875154a7a86c6231b50d553822a163170e3bdf86c9d2ee14,Lyft,"ML Software Engineer, ETA","San Francisco, CA",unstated,other_mba_tech,mba_unknown,https://app.careerpuck.com/job-board/lyft/job/8639200002?gh_jid=8639200002,open
eac2a6b905b259c952e8ea862804a03d9a09eff6ee67f26509f57db88dc5c748,Lyft,"Engineering Manager, Global Growth","San Francisco, CA",unstated,product_strategy,mba_unknown,https://app.careerpuck.com/job-board/lyft/job/8662378002?gh_jid=8662378002,open
e550a5bca00a9a6b161019b8796e446379fd94f28fef6564c6be56ee103914a1,Lyft, Fleet Operations Associate (Overnight Shift),"Nashville, TN",unstated,other_mba_tech,mba_unknown,https://app.careerpuck.com/job-board/lyft/job/8706936002?gh_jid=8706936002,open
dfe015da9ac29ca03b87c7544c89bb1a2467a57a79343f30e6037fd486a608ef,Lyft,"Staff Product Manager, Core Rider","San Francisco, CA",unstated,product,mba_unknown,https://app.careerpuck.com/job-board/lyft/job/8614717002?gh_jid=8614717002,open
d9f52895b3b99b777cb1995980a342e885f3f546cc064061a010c8003271d481,Lyft,"Senior Data Scientist, Causal Inference","New York, NY",unstated,other_mba_tech,mba_unknown,https://app.careerpuck.com/job-board/lyft/job/8584688002?gh_jid=8584688002,open
d4c42927078241ffbbea42965c6a470be222ae1722698fa02f5725bdfdc9e36d,Lyft,Fleet Operations Associate,"Nashville, TN",unstated,other_mba_tech,mba_unknown,https://app.careerpuck.com/job-board/lyft/job/8586330002?gh_jid=8586330002,open
d1688cf7c8aedde9cfa6517c374fb20b21fa584b951ab2749f74073726fff8ef,Lyft,"Manager, Revenue Systems & Product Operations","San Francisco, CA",unstated,product,mba_unknown,https://app.careerpuck.com/job-board/lyft/job/8626589002?gh_jid=8626589002,open
c975ee0d2cd5c04586e0cc6cda51307d63da39508333fec0c17ddb11d5bb389f,Lyft,Executive Business Partner,"San Francisco, CA",unstated,other_mba_tech,mba_unknown,https://app.careerpuck.com/job-board/lyft/job/8694517002?gh_jid=8694517002,open
c845f1bd382c7594419737f31958edc125c22f791a3d691695b7e83acaaf87b4,Lyft,Machine Learning Engineer,"New York, NY",unstated,ai_product,mba_unknown,https://app.careerpuck.com/job-board/lyft/job/8689127002?gh_jid=8689127002,open
c5495e2f1f57a2cc2af0d1bf8fd8b5020e677bade04ba77a38dc212d07e194a3,Lyft,Enterprise Account Manager,"San Francisco, CA",unstated,other_mba_tech,mba_unknown,https://app.careerpuck.com/job-board/lyft/job/8743132002?gh_jid=8743132002,open
bbc6c8df7cbb880784d7527348ccb7bedf9246f918f05c81bf0563405bf3c8e7,Lyft,Senior Account Executive,"Los Angeles, CA",unstated,other_mba_tech,mba_unknown,https://app.careerpuck.com/job-board/lyft/job/8771516002?gh_jid=8771516002,open
b9155b7652cb0011d2b68b3e263cbcd84025848dc9d556623d1a3c854ea71c71,Lyft,"Director, Global M&A Legal","San Francisco, CA",unstated,other_mba_tech,mba_unknown,https://app.careerpuck.com/job-board/lyft/job/8654514002?gh_jid=8654514002,open
ae64e5cb491916b3cdd7af8e767e22d9cbd6a1875ea1bb70fb0cb73800e3a9ed,Lyft,"Data Scientist, Decisions - Central Market Management","San Francisco, CA",unstated,other_mba_tech,mba_unknown,https://app.careerpuck.com/job-board/lyft/job/8376875002?gh_jid=8376875002,open
a32afd0f0e0c2d2a0750b11420ef4ab6369db77a9570cf0f55ed61ad9b3b50c9,Lyft,"Applied Scientist- Pricing, Dynamic Pricing & Offer Selection","San Francisco, CA",unstated,ai_product,mba_unknown,https://app.careerpuck.com/job-board/lyft/job/8402813002?gh_jid=8402813002,open
974cbeac9af661a5b527d96b18cac2b0c9444ecb98e3d30f728207d01a1bd017,Lyft,"Pricing, Yield, & Sales Compensation Manager","New York, NY",unstated,other_mba_tech,mba_required,https://app.careerpuck.com/job-board/lyft/job/8594365002?gh_jid=8594365002,open
90c8038010f5b9d1c51cd48964f199971bcb9ccb3b919f17826c99b7899dd039,Lyft,Fleet Operations Associate (Day Shift),"Nashville, TN",unstated,other_mba_tech,mba_unknown,https://app.careerpuck.com/job-board/lyft/job/8706916002?gh_jid=8706916002,open
8df741b57efeb48c1b087b7aa41525b7575ada8e80f0bcb5a8957d3019369ef7,Lyft,HR Operations Project Manager,"Nashville, TN",unstated,ai_product,mba_unknown,https://app.careerpuck.com/job-board/lyft/job/8780268002?gh_jid=8780268002,open
86ccf46d747ea8dfb318f5244606d6a55882d374f5df28efcdd35b2bfd4062f7,Lyft,"Associate Counsel, Employment","Nashville, TN",unstated,other_mba_tech,mba_unknown,https://app.careerpuck.com/job-board/lyft/job/8779945002?gh_jid=8779945002,open
6ad5da8866647fcdbfc7bd82b847fbf8ff8b880583104e10768e26a626fa7e08,Lyft,"Data Scientist, Decisions - Central Market Management","New York, NY",unstated,other_mba_tech,mba_unknown,https://app.careerpuck.com/job-board/lyft/job/8378473002?gh_jid=8378473002,open
6aa34cf7a2cfbfff18e2df959db055dc4427d92257971c15701201bec365ef58,Lyft,"Pricing, Yield, & Sales Compensation Manager","San Francisco, CA",unstated,other_mba_tech,mba_required,https://app.careerpuck.com/job-board/lyft/job/8594179002?gh_jid=8594179002,open
5db06b6cd632e248c7f934374daaa0a0c2e7df1e00bb899f4c265bd1233c5d1a,Lyft,"Director of Product, Customer Care","New York, NY; San Francisco, CA",unstated,ai_product,mba_unknown,https://app.careerpuck.com/job-board/lyft/job/8735399002?gh_jid=8735399002,open
55cbf47c52443093c7f172fb0390437693cc7bdd3a6cbbb6830c7f3f6bbb09d5,Lyft,Senior Security Assurance Analyst,"New York, NY",unstated,other_mba_tech,mba_unknown,https://app.careerpuck.com/job-board/lyft/job/8662388002?gh_jid=8662388002,open
5031c9184f7a671c7104fdcd315dfc8ff4c381f1fecde7e6fc9c1623af6697bb,Lyft,Enterprise Account Manager,"New York, NY",unstated,other_mba_tech,mba_unknown,https://app.careerpuck.com/job-board/lyft/job/8777403002?gh_jid=8777403002,open
4e82ad7c5f7f34cd738699c00d8a8e02d4abf9a59550b0d1280ef9c2232ca2b5,Lyft,Operations Associate,"Cleveland, OH",unstated,other_mba_tech,mba_unknown,https://app.careerpuck.com/job-board/lyft/job/8780060002?gh_jid=8780060002,open
34863ee2d5b3934dbe395e17d3738a5e1823650e8238df7f3ee569464c4228dc,Lyft,"Counsel, Product & Commercial (Rideshare)","San Francisco, CA",unstated,other_mba_tech,mba_unknown,https://app.careerpuck.com/job-board/lyft/job/8716224002?gh_jid=8716224002,open
232502d1a2972758e80c9db3c1def4c15738a50a7fb4e712bf282c0141afd6e5,Lyft,Fleet Operations Associate (Swing Shift),"Nashville, TN",unstated,other_mba_tech,mba_unknown,https://app.careerpuck.com/job-board/lyft/job/8706924002?gh_jid=8706924002,open
20c6655b5f2b4101c2d305ff5b2a6c59569c250615c35e6336fda017c78b42a6,Lyft,"Staff Software Engineer, Lyft Business","San Francisco, CA",unstated,other_mba_tech,mba_unknown,https://app.careerpuck.com/job-board/lyft/job/8688631002?gh_jid=8688631002,open
1a533be4aadde75f6d816e203eaa185c9a10c0b153237a0f90c3bfaf52c10da8,Lyft,"Staff Product Manager I, Ad Serving","New York, NY",unstated,product,mba_unknown,https://app.careerpuck.com/job-board/lyft/job/8594167002?gh_jid=8594167002,open
11d0d79b6e22b8363a53d099a0605cedb43cd1488fd5dc8be559ba5445f6a682,Lyft,"Growth Marketing Manager, Lifecycle","San Francisco, CA",unstated,ai_product,mba_unknown,https://app.careerpuck.com/job-board/lyft/job/8623113002?gh_jid=8623113002,open
cad74517a9b6cca83cdb6841a972383e1eda71b0100aab00c589b72b65f09a38,Klaviyo,Lead Treasury Analyst,"San Francisco, CA",unstated,other_mba_tech,mba_unknown,https://www.klaviyo.com/careers/jobs/7986841003?gh_jid=7986841003,open
677251abcb4dcaee557a8e30791a68ddf9878f68652d554666d0483965f8f47b,Klaviyo,Lead Treasury Analyst,"Boston, MA",unstated,other_mba_tech,mba_unknown,https://www.klaviyo.com/careers/jobs/7986742003?gh_jid=7986742003,open
e8548ba35579644c467df90338064dbb6a685f7e7237bf092c937526401b3e7f,Klaviyo,"Principal Engineer, Core Infrastructure","Boston, MA",unstated,ai_product,mba_unknown,https://www.klaviyo.com/careers/jobs/7559750003?gh_jid=7559750003,open
7d7ba820ae64a762c01e434e4bcc88c619c5d3e0b869bb10a56075bea8552cdf,Peloton,Sr. Product Quality Engineer,"New York, New York",unstated,ai_product,mba_unknown,https://careers.onepeloton.com/en/all-jobs/?gh_jid=8141559,open
edfd04bbdf5bcd0e88ec2c3b891a51b5c66295b63fbeffa30235100242929f29,Peloton,Product Quality Engineer III,"Woodinville, Washington",unstated,ai_product,mba_unknown,https://careers.onepeloton.com/en/all-jobs/?gh_jid=8141576,open
c287d4e58397efca92d885a9edc2ae12187711c57e6f262ff690867d7a131155,Coinbase,"Senior Infrastructure Engineer, Trading ",Remote - USA,unstated,ai_product,mba_unknown,https://www.coinbase.com/careers/positions/8179114?gh_jid=8179114,open
7cddf9b11e820e93c7d1f29848e5ee8a00afa0f68de9389af72ed457410cf01d,Coinbase," Staff Infrastructure Engineer, Trading ",Remote - USA,unstated,ai_product,mba_unknown,https://www.coinbase.com/careers/positions/8144769?gh_jid=8144769,open
754c31c2cdf0ba4d9bd6ed48de9257e8a77db488087bb5ff3ff83a9157476ede,Affirm,Lead Product Marketing Manager,Remote US,unstated,product,mba_unknown,https://job-boards.greenhouse.io/affirm/jobs/7773695003,open
6deb0f718bddd5fd1ec0897637f0b7ba5b6b272a62c8580c03129f3c7479ca11,Nextdoor,Staff Data Scientist - Content Growth & Creator Strategy,US Remote,unstated,ai_product,mba_unknown,https://about.nextdoor.com/careers-list/?gh_jid=8178578,open
dbdf3f40d5b7cc5682531550968216b3c7ef70bfb40bf0ca26327f05c726ddce,Figma,Strategic Finance,"San Francisco, CA • New York, NY • United States",unstated,ai_product,mba_unknown,https://boards.greenhouse.io/figma/jobs/5792631004?gh_jid=5792631004,open
2b4ca4ce49d86b71c348dbd4fa6f2a64a3286175119b735f86649a0be63fe972,Flexport,"Staff Software Engineer, Autonomous Freight Systems","San Francisco, California, United States",unstated,ai_product,mba_unknown,https://job-boards.greenhouse.io/flexport/jobs/7819181,open
5fafd43ddedc728f4fb1659e3c113a5477724f17033f8e36c5503ed5f85f7e3d,Instacart,Oracle Fusion ERP Technical Analyst,United States - Remote,unstated,other_mba_tech,mba_unknown,https://instacart.careers/job/?gh_jid=8157831,open
e46483148adf79f8e2e186c3e7b63fad295fdedfd821a41aaa5ccbafc0cb1bd2,Coinbase,"Accounting Manager, Lending & Credit Products",Remote - USA,unstated,other_mba_tech,mba_unknown,https://www.coinbase.com/careers/positions/7532645?gh_jid=7532645,open
0ddf6a0f56b3c8f5585ca57d59eae3b4776ea27ce40b364b07294ecc1003b126,Coinbase,"Internal Audit Senior Associate, Operations & Compliance",Remote - USA,unstated,other_mba_tech,mba_unknown,https://www.coinbase.com/careers/positions/8114684?gh_jid=8114684,open
9ac80542ca634cfb33c536a21e88781befd593f3a3e826557105372ae6cecd29,Coinbase,Threat Intelligence Platform Engineer,Remote - USA,unstated,ai_product,mba_unknown,https://www.coinbase.com/careers/positions/8177619?gh_jid=8177619,open
080d471afd8f39a3a1914c8e666e43eb95cf4c6abc84cb69ac4298746ef2e6f7,Brex,Senior Brand Designer,"New York, New York, United States",unstated,ai_product,mba_unknown,https://www.brex.com/careers/8782440002?gh_jid=8782440002,open
e2a58aa469fd16e9490213cb069dfef99492ede3476e499b8cdd8d0d37b29f3f,Brex,Senior Brand Designer,"San Francisco, California, United States",unstated,ai_product,mba_unknown,https://www.brex.com/careers/8782450002?gh_jid=8782450002,open
c533702ae8554bf7258fc631a4f0cc641651d9e0c29bc82b7c358d78048a1e59,Brex,Staff Brand Designer,"New York, New York, United States",unstated,ai_product,mba_unknown,https://www.brex.com/careers/8782405002?gh_jid=8782405002,open
ed45d83e48f03787b708758518c8049f2790767db8288c2bf1be2e24770ade13,Brex,"Staff Brand Designer, Interactive","San Francisco, California, United States",unstated,ai_product,mba_unknown,https://www.brex.com/careers/8782404002?gh_jid=8782404002,open
84c1a9ae830287b5ce96f08eefa8f682a67a68a56b5164f0b1791b331fcdf8bb,Brex,Staff Brand Designer,"San Francisco, California, United States",unstated,ai_product,mba_unknown,https://www.brex.com/careers/8782403002?gh_jid=8782403002,open
72061ec4e1b663554594165006a0542aaab9fa7fd4dc9c720936ffb08406620d,Coinbase,"Product Marketing Manager, Prime & Markets",Remote - USA,unstated,ai_product,mba_unknown,https://www.coinbase.com/careers/positions/7572514?gh_jid=7572514,open
9ad0a2271eb6af8bd973f9f4938668df450c10c91d14d03f5268eac9f6b86835,Duolingo,Ad Sales Lead - West,Remote - California,unstated,other_mba_tech,mba_unknown,https://careers.duolingo.com/jobs/8705196002?gh_jid=8705196002,open
e59982001d2a45dde4a7a1b826b26ff91fc9fede1fc6474c0935df0795a62469,Duolingo,Director of Ad Sales - West,Remote - California,unstated,other_mba_tech,mba_unknown,https://careers.duolingo.com/jobs/8761234002?gh_jid=8761234002,open
d99c7051068f2b07dca98a4f4d3c6777b3bfd4c59e7f19dd6e1ba783d429d03a,Affirm,"Senior Staff Software Engineer, Fullstack (Marketplace and Consumer Experiences)",Remote US,unstated,other_mba_tech,mba_unknown,https://job-boards.greenhouse.io/affirm/jobs/7978722003,open
39d4fdd5c9e3f3d8a19dc4db2d715fd2e372cebe0d8fc7b6f5467bc982ec2125,Affirm,"Senior Manager, Financial Systems ",Remote US,unstated,ai_product,mba_unknown,https://job-boards.greenhouse.io/affirm/jobs/7983767003,open
9f95a33b9923f9e8d3f247fc3fa0e8df7c98140fce88157cde7ecbb134da600e,Klaviyo,"Distinguished Engineer, Enterprise Scalability","Boston, MA",unstated,ai_product,mba_unknown,https://www.klaviyo.com/careers/jobs/7554273003?gh_jid=7554273003,open
3114d927e49359a3a1eb93a27b084b0c0a41b4cdcef9ee3573627a61aca32a77,Coinbase,Internal Communications Manager,Remote - USA,unstated,ai_product,mba_unknown,https://www.coinbase.com/careers/positions/8162911?gh_jid=8162911,open
3df9676ebb12a333098698c495f73a9bd8e987f03854ba49db0a5b0a2ae0bc24,Instacart,"Senior Software Engineer II, AI Labs & Foundations",United States - Remote,unstated,ai_product,mba_unknown,https://instacart.careers/job/?gh_jid=8053797,open
06eca2eb880b2cdfa8cd3545f16fcd32e8e673b356a0d64e61d1dd52a263c1ca,Affirm,"Analytics Lead, Full Stack (Strategic Revenue Insights)",Remote US,unstated,ai_product,mba_unknown,https://job-boards.greenhouse.io/affirm/jobs/7871456003,open
c2a781bbdfb99abd1f169594139c5e52a915d530db93743713e8e72fd159813a,Coinbase,"Senior Analytics Engineer, GFCO Analytics",Remote - USA,unstated,ai_product,mba_unknown,https://www.coinbase.com/careers/positions/8024880?gh_jid=8024880,open
5f80406bf04a8acb49ae20af3a0a9fc61f7ec0557b31a1d88be002b5708ac4f7,Duolingo,Senior Performance Marketing Manager,"New York, NY",unstated,product_marketing,mba_unknown,https://careers.duolingo.com/jobs/8778318002?gh_jid=8778318002,open
a581d9f8e3bae792ced616c708ed7839cbbe51419be47dcf177365ba1cea8677,Figma,Product Partner Manager ,"San Francisco, CA • New York, NY • United States",unstated,ai_product,mba_unknown,https://boards.greenhouse.io/figma/jobs/5822583004?gh_jid=5822583004,open
3b6d3f1a0e8d592214ff47d8630a7b744fd896ed724988a324af856bc136dd90,StockX,Seasonal Sneaker Verification Expert,"Tempe, AZ",unstated,other_mba_tech,mba_unknown,https://job-boards.greenhouse.io/stockx/jobs/8737050002,open
d8ab4a904a883562fde9518ae4e7ccfceb5e356374289dfb0c6bba331d7a5af7,Brex,Staff Product Designer,"Seattle, Washington, United States",unstated,ai_product,mba_unknown,https://www.brex.com/careers/8777953002?gh_jid=8777953002,open
b2829b422673a898ba18289eb9544dc56fb4437a8a12b1ea6f66263a40d56700,Brex,Staff Product Designer,"San Francisco, California, United States",unstated,ai_product,mba_unknown,https://www.brex.com/careers/8777949002?gh_jid=8777949002,open
6434a7848f4aeb360cef61c1ab4065f88b440512f3382b6da592b2160a4b545b,Affirm,Senior Technical Program Manager,Remote US,unstated,other_mba_tech,mba_unknown,https://job-boards.greenhouse.io/affirm/jobs/7832310003,open
2967eb1bc0e899ceef78847a188197d937e8691ecd7284dbed2e1318a5fbdd90,Brex,Staff Product Designer,"New York, New York, United States",unstated,ai_product,mba_unknown,https://www.brex.com/careers/8777938002?gh_jid=8777938002,open
789b9e1b491a72ea30c189d522c61cb329fd35a5e98a47e03bcecab8114a0bd8,ZoomInfo,Senior Sales Development Representative – Customer Enterprise,"Bethesda, Maryland, United States; Vancouver, Washington, United States; Waltham, Massachusetts, United States",unstated,ai_product,mba_unknown,https://www.zoominfo.com/careers?gh_jid=8723396002,open
94dcb70c36b02b0890cae61577060b2cb4b71570c3b89bdf2f5cc3564dbc8dff,Klaviyo,Senior Security Engineer - Detection and Response,"San Francisco, CA",unstated,ai_product,mba_unknown,https://www.klaviyo.com/careers/jobs/7661765003?gh_jid=7661765003,open
e942a749047695a59289ddb92e519ab5ae8b4f39c27795887d4837108505bf6c,Faire,Staff Applied AI/ML Scientist,"San Francisco, CA",unstated,ai_product,mba_unknown,https://boards.greenhouse.io/faire/jobs/8747498002?gh_jid=8747498002,open
f7789ecf94d9ad38521bb3681967d8bf9f806849e27b930a47ce61d131cf5a40,Brex,Enterprise Account Executive II,"Seattle, Washington, United States",unstated,ai_product,mba_unknown,https://www.brex.com/careers/8659812002?gh_jid=8659812002,open
4db2e4598968cfc7596db4bf3d7527f24c5d99d0ad83a31f7c559b5064004737,Brex,Enterprise Account Executive II,"New York, New York, United States",unstated,ai_product,mba_unknown,https://www.brex.com/careers/7732133002?gh_jid=7732133002,open
ef2c746e5c073c8273bf1a2c1af7875a7c5e49d5a24cbd97359f8035b715e20e,Brex,Enterprise Account Executive II,"San Francisco, California, United States",unstated,ai_product,mba_unknown,https://www.brex.com/careers/7732107002?gh_jid=7732107002,open
4398182a19bc7e82c1fd18155d90728cadb50d71babe7e045926222da7721d2c,Affirm,"Analytics Lead, Full Stack",Remote US,unstated,ai_product,mba_unknown,https://job-boards.greenhouse.io/affirm/jobs/7872398003,open
8abadbf92c7e8a6ddfd93516867ccc89e3020b7a6038aa42254dd0aece916f74,Coinbase,"Senior Software Engineer, Frontend (Consumer - Payments)",Remote - USA,unstated,ai_product,mba_unknown,https://www.coinbase.com/careers/positions/8029035?gh_jid=8029035,open
28caac18a3e69a7db2743700abbf30d141aaec829cf611614cda2e6338e59044,Faire,Staff Product Engineer - Search FX (Discovery Experience),"New York City, NY; San Francisco, CA",unstated,ai_product,mba_unknown,https://boards.greenhouse.io/faire/jobs/8523826002?gh_jid=8523826002,open
f6f9dc704c056363960d3bf2af582343ebebe33d6cd0a90cbb11d95ed6c6f8fe,ZoomInfo,Enterprise New Business Account Executive,"Bethesda, Maryland, United States; Vancouver, Washington, United States; Waltham, Massachusetts, United States",unstated,other_mba_tech,mba_unknown,https://www.zoominfo.com/careers?gh_jid=8757018002,open
98d5d3c8c45b1609f1b27e9a8e681bdb65b9ed511248cf350c8646f600aba9ee,Duolingo,Staff Product Researcher,"New York, NY",unstated,ai_product,mba_unknown,https://careers.duolingo.com/jobs/8750456002?gh_jid=8750456002,open
eba32c5a9431dfb3a35213f723d6054b5b0f7393be08d001a6d4f81676466ab6,Coinbase,HR Business Partner,Remote - USA,unstated,other_mba_tech,mba_unknown,https://www.coinbase.com/careers/positions/7997879?gh_jid=7997879,open
9f844fd5b85ad279f9439db858cb3ae3abfbdded311e6eb99ecd9dd7c189bbbb,Affirm,"Senior Software Engineer, Backend (Card Ledger & Money Movement)",Remote US,unstated,product,mba_unknown,https://job-boards.greenhouse.io/affirm/jobs/7980264003,open
b1f6cd08f08e302bfa08eac0290a68bdb777463f8cc9765f9c78f9bfe12abd35,Brex,Underwriting Senior Analyst,"Salt Lake City, Utah, United States",unstated,ai_product,mba_unknown,https://www.brex.com/careers/8770658002?gh_jid=8770658002,open
95d629c28b2086d8d80e938d4aea5bbae6b1a446c2b9ad31915648657d4cc935,Brex,Underwriting Senior Analyst,"Seattle, Washington, United States",unstated,ai_product,mba_unknown,https://www.brex.com/careers/8770656002?gh_jid=8770656002,open
a9c6b98c6c2771bbacc78aceff04ef1b3f626ad11b0f8ef45676f253c6afba59,Brex,Underwriting Senior Analyst,"New York, New York, United States",unstated,ai_product,mba_unknown,https://www.brex.com/careers/8770654002?gh_jid=8770654002,open
2e138bef558d6a9ba2f76c81883d839474ea77c08fff62482608cc91bd2d84fc,Brex,Underwriting Senior Analyst,"San Francisco, California, United States",unstated,ai_product,mba_unknown,https://www.brex.com/careers/8743739002?gh_jid=8743739002,open
8af24afffba477eba35b6cce9e51be133ff9d15154f3249efaabe784537e1cdb,Flexport,Head of Data Center Logistics Practice,"San Francisco, California, United States",unstated,ai_product,mba_unknown,https://job-boards.greenhouse.io/flexport/jobs/8046640,open
cf64a064dd7696f6669d6407cb94b73cd33c9c53b0c7d271bfd2a882eea69075,Flexport,Sales Leader,"San Francisco, California, United States",unstated,other_mba_tech,mba_unknown,https://job-boards.greenhouse.io/flexport/jobs/7416435,open
9a8c616a7d87c70ef13128b1e23f191423074fc7cb9392f559c910995dfdf63e,Flexport,Enterprise Account Executive,"San Francisco, California, United States",unstated,other_mba_tech,mba_unknown,https://job-boards.greenhouse.io/flexport/jobs/7472386,open
b2e440e545b46b1e7d865780a5e5516f61fce4a9adbd2b849837881702e397c9,Klaviyo,"Director, Customer Success - Enterprise","Boston, MA",unstated,ai_product,mba_unknown,https://www.klaviyo.com/careers/jobs/7979747003?gh_jid=7979747003,open
4a5f1617d06905c152da0f4f6311778e1576f39145596ba21893e564335eab9f,Instacart,Principal Supply Chain Partner Manager,United States - Remote,unstated,product_strategy,mba_unknown,https://instacart.careers/job/?gh_jid=8165155,open
87b6ab56c57762dd74e3313d62bb5c5f4e566011ede0b36a21fafd1c5f6b502c,Coinbase,"Communications Manager, Policy & Public Affairs",Remote - USA,unstated,other_mba_tech,mba_unknown,https://www.coinbase.com/careers/positions/7746572?gh_jid=7746572,open
d7606a8581f9b6b367801575cbf0e6012906ea87c8674cd7c019d87142565544,Klaviyo,Senior Machine Learning Engineer,"Palo Alto, CA",unstated,ai_product,mba_unknown,https://www.klaviyo.com/careers/jobs/7855802003?gh_jid=7855802003,open
2a7646608a7faca2be8754c5e8c930ece1a58598ca6fbbb443881bd2daad1271,Coinbase,"Analyst, Privacy",Remote - USA,unstated,ai_product,mba_unknown,https://www.coinbase.com/careers/positions/8168175?gh_jid=8168175,open
0e12eda3f5ad6b3c140f6b4f30beabe743f9ed1a4686b8e7c70dc497ec076dd6,Peloton,Lead Expert - Durham Southpoint,"Durham, North Carolina",unstated,ai_product,mba_unknown,https://careers.onepeloton.com/en/all-jobs/?gh_jid=7993554,open
42e88981db97e0e1028c4dfadaf43639d51b5aabb6cfd117855ade954d135e68,Figma,GTM Systems Architect,"San Francisco, CA • New York, NY • United States",unstated,ai_product,mba_unknown,https://boards.greenhouse.io/figma/jobs/6167305004?gh_jid=6167305004,open
daac105d9a7432542482b7f88148f3311c16084ae29ad747a6a081c1ac322a32,Coinbase,"Senior Staff Software Engineer, Payments",Remote - USA,unstated,ai_product,mba_unknown,https://www.coinbase.com/careers/positions/8056068?gh_jid=8056068,open
fd63cd945799ea2756e6bfcc1a4f58e64bc926d67870e599ec11f63460356c04,Klaviyo,Senior Security Engineer - Detection and Response,"Boston, MA",unstated,ai_product,mba_unknown,https://www.klaviyo.com/careers/jobs/7659972003?gh_jid=7659972003,open
f52869c9bd8f8b8c192ccadf6e58b7f9b1fb342642604e919347ecaf11d825bd,Klaviyo,Senior Security Engineer - Detection and Response,"Denver, CO",unstated,ai_product,mba_unknown,https://www.klaviyo.com/careers/jobs/7660012003?gh_jid=7660012003,open
0e6a11fe208c4af9f750b9f75fb97f11245fb3e421a44a4f4f85138a5fd868cf,Nextdoor,Machine Learning Engineer - Ads,US Remote,unstated,ai_product,mba_unknown,https://about.nextdoor.com/careers-list/?gh_jid=6005888,open
5f32d91b3c985060145bb6e8444d8bfc66da77d9c0ceba14317de060fe00aeb0,Faire,Senior Client Platform Engineer,"San Francisco, CA",unstated,ai_product,mba_unknown,https://boards.greenhouse.io/faire/jobs/8758597002?gh_jid=8758597002,open
de8f2fa64f72bbb583508e6278ef298d2e13cc8e74605aa63e33ae1ef53cf2bd,Faire,"Strategic Finance Lead, Fulfillment","New York City, NY; San Francisco, CA",unstated,ai_product,mba_unknown,https://boards.greenhouse.io/faire/jobs/8547681002?gh_jid=8547681002,open
42c89cfa72ee4a2cabde54792e0e9ae9fbc8c4d15aa5ff34cfd0fbcfd1dce8e3,Flexport,"Senior Software Engineer, Autonomous Freight Systems","San Francisco, California, United States",unstated,ai_product,mba_unknown,https://job-boards.greenhouse.io/flexport/jobs/7975365,open
2039fbf62fb71db85f8f38d393c255d103cc5244837c78f1ee8021478ed68d92,Instacart,Retail Partner Manager,United States - Remote ,unstated,product_strategy,mba_preferred,https://instacart.careers/job/?gh_jid=6819435,open
d30f72deccacd65f597d211134c63528c8d65e2a752c8b925bac28476e0eb45b,StockX,Senior Transportation Analyst,"Detroit, MI",unstated,ai_product,mba_unknown,https://job-boards.greenhouse.io/stockx/jobs/8765185002,open
33b364e74358cedc30be795183a94e51599b2da2b55a7c98695adc0543d449c6,Instacart,Retail Partner Lead,United States - Remote,unstated,other_mba_tech,mba_unknown,https://instacart.careers/job/?gh_jid=8122970,open
f8bf903a9b301cbeb339a167dfb7cd69aa41de505d7c39b9748b9b479e77963a,Instacart,"Retail Lead, Sales Development",United States - Remote,unstated,other_mba_tech,mba_unknown,https://instacart.careers/job/?gh_jid=8122997,open
a75f8d1e8a55e6aed1566253c637537e3a5afa0d5ebf4c530c2fe3bff3605f95,Flexport,"Senior Product Manager, Visibility","Bellevue, Washington, United States; San Francisco, California, United States",unstated,product,mba_unknown,https://job-boards.greenhouse.io/flexport/jobs/8158027,open
8d9824e3014e6a4d347d480fced266cb0f3c2e93b221048d61d87c18b9b9480d,Flexport,"Senior Product Manager, Commerce","Bellevue, Washington, United States; San Francisco, California, United States",unstated,ai_product,mba_unknown,https://job-boards.greenhouse.io/flexport/jobs/8158023,open
7632fac0db1b5831244df32767b738f1880bd9443bfade94f0260e397219f87b,Flexport,Forward Deployed Engineer - Supply Chain Solutions,"San Francisco, California, United States",unstated,ai_product,mba_unknown,https://job-boards.greenhouse.io/flexport/jobs/8110413,open
133a642146a45439e106dd0f3dae4a1c7e16f7548073c834cc85624b847dc211,Brex,Fraud Operations Associate,"Seattle, Washington, United States",unstated,ai_product,mba_unknown,https://www.brex.com/careers/8698277002?gh_jid=8698277002,open
bf806e71a71716edae91c9789596bcd5a8e50701dcf5e954c1b1ef46ce75962f,Brex,Fraud Operations Associate,"San Francisco, California, United States",unstated,ai_product,mba_unknown,https://www.brex.com/careers/8698276002?gh_jid=8698276002,open
e55db0ba78b5f792da73c2fdafcbfb7fa0c0ff9177244fdf9d87588c8d3c597f,Brex,Fraud Operations Associate,"New York, New York, United States",unstated,ai_product,mba_unknown,https://www.brex.com/careers/8698248002?gh_jid=8698248002,open
ea4b6872c2bff8882add4b70224de494efc5540fbc37198e6200907de0af85cd,Brex,Fraud Operations Associate,"Salt Lake City, Utah, United States",unstated,ai_product,mba_unknown,https://www.brex.com/careers/8698160002?gh_jid=8698160002,open
462967b81d31c15b58c5fb25f71b83482f489782900fadc3d25f13590d9d7b52,Brex,Product & Privacy Counsel,"Salt Lake City, Utah, United States",unstated,ai_product,mba_unknown,https://www.brex.com/careers/8728439002?gh_jid=8728439002,open
a065446650c37084b9352777e9f1a98c3a43ea803f8af6087e30a1e819e525c9,Brex,Product & Privacy Counsel,"Seattle, Washington, United States",unstated,ai_product,mba_unknown,https://www.brex.com/careers/8728427002?gh_jid=8728427002,open
19c05fcdd44cc234573e8888e4a31fc416e50ad50ab7f87de2c163b9437b2402,Brex,Product & Privacy Counsel,"San Francisco, California, United States",unstated,ai_product,mba_unknown,https://www.brex.com/careers/8728420002?gh_jid=8728420002,open
3dbe4255a7e6e2e37f24aa3fd941791249493ed432df856b95236c83dcfe3feb,Coinbase,"Senior Internal Communications Manager, People",Remote - USA,unstated,ai_product,mba_unknown,https://www.coinbase.com/careers/positions/8162914?gh_jid=8162914,open
8cfc38b3c6f6e3aebb4e72a2c2de5236dcd11e932e275dd7c969ddab6bc581c3,Faire,Senior Security Engineer - Enterprise AI,"San Francisco, CA",unstated,ai_product,mba_unknown,https://boards.greenhouse.io/faire/jobs/8536687002?gh_jid=8536687002,open
48329da1c4b850bbd8736c279f3b5fb7af920a7b61f7b2a4a328a2b8cb48c5b6,Faire,Senior Enterprise Security Engineer,"San Francisco, CA",unstated,ai_product,mba_unknown,https://boards.greenhouse.io/faire/jobs/8659413002?gh_jid=8659413002,open
5623791603a99c011fe4b07e558c2ae464e7b8ecde3c79e6a901470878b2e18e,Faire,Senior Detection and Response Engineer,"San Francisco, CA",unstated,ai_product,mba_unknown,https://boards.greenhouse.io/faire/jobs/8758570002?gh_jid=8758570002,open
acaf6f880f0151af90cd16b81300540df94685a5b53dc418cddc1721e222b2be,Figma,Federal Compliance Manager,"San Francisco, CA • New York, NY • United States",unstated,ai_product,mba_unknown,https://boards.greenhouse.io/figma/jobs/6145639004?gh_jid=6145639004,open
4d82120787f216d4a5cab8b20af22389823c3f2f73126260d4ba0bf03880cffe,Figma,"Manager, Software Engineering - Data Platform","San Francisco, CA • New York, NY • United States",unstated,ai_product,mba_unknown,https://boards.greenhouse.io/figma/jobs/6135721004?gh_jid=6135721004,open
b353699647fe37c617ac24bee49be63ee3585e653bdb5c5a1157c5bbf8147e58,Coinbase,"Senior Software Engineer, Frontend (Platform - Identity)",Remote - USA,unstated,ai_product,mba_unknown,https://www.coinbase.com/careers/positions/8165015?gh_jid=8165015,open
2a8b1d14be3dac5c61e61bbf561f5191713c7dac63c36dbd78e006d7841475cf,Coinbase,"Software Engineer, CDP - Payment Acceptance ",Remote - USA,unstated,ai_product,mba_unknown,https://www.coinbase.com/careers/positions/8164730?gh_jid=8164730,open
35cfd8e9e3ff6916fc488fdca95ede7d638e89a15269ba7595334abecc4f90a6,Instacart,"Director, Enterprise Product Marketing",United States - Remote,unstated,ai_product,mba_unknown,https://instacart.careers/job/?gh_jid=7991597,open
24a5b0ce5252049f0c92fc4042d509c6034ec04a93a4ec3037e3eba14b19cec6,Brex,"Director, Organic Growth & Discoverability","New York, New York, United States",unstated,other_mba_tech,mba_unknown,https://www.brex.com/careers/8522919002?gh_jid=8522919002,open
bf368b37462de039bb8534f3f266b787c5c11e4a38dd619a1c623a250df293fa,Brex,"Director, Organic Growth & Discoverability","San Francisco, California, United States",unstated,other_mba_tech,mba_unknown,https://www.brex.com/careers/8522876002?gh_jid=8522876002,open
66ff41dc50bf6ba53a2efe76670ca79748990350df81122ffb2b40120b0492c4,Affirm,Quantitative Analyst II (Capital Structuring & Analytics),Remote US,unstated,other_mba_tech,mba_unknown,https://job-boards.greenhouse.io/affirm/jobs/7815952003,open
46083976a1ef8eb5539b0014201ef35632ad831c122d2003199a9e29bc30ebab,Figma,Immigration Program Manager,"San Francisco, CA • New York, NY • United States",unstated,ai_product,mba_unknown,https://boards.greenhouse.io/figma/jobs/6173031004?gh_jid=6173031004,open
8d5a8bad3486c480e4e0525fd7a15c8cfd6d08d61a719d9fd26b17aa9e2214ea,Duolingo,Senior Marketing Analytics Manager,"New York, NY",unstated,other_mba_tech,mba_unknown,https://careers.duolingo.com/jobs/8759720002?gh_jid=8759720002,open
e2505d2fc6b2c392ae7b6ecf02c382c277f5198a7f675f53bb01411bc2761c51,Figma,"Manager, SMB Sales","San Francisco, CA • New York, NY • United States",unstated,ai_product,mba_unknown,https://boards.greenhouse.io/figma/jobs/6166608004?gh_jid=6166608004,open
ffdbae36b2a629951dfc9bc8b673f8601c1e45135030b90c8ebdbc383e6b7fbe,Flexport,Sales Development Manager,"Chicago, Illinois, United States",unstated,other_mba_tech,mba_unknown,https://job-boards.greenhouse.io/flexport/jobs/7958603,open
c9050c76b1ca1620eecc6ac0412071aaf67da173c29d8c3e692586862e0060c9,Flexport,"Staff Product Manager, Trucking Tech","Bellevue, Washington, United States",unstated,ai_product,mba_unknown,https://job-boards.greenhouse.io/flexport/jobs/8110066,open
b69d91fcd63193adee46ba3a64fec7a4f5a7e68670a5b61d1352c8eee3cedac7,Flexport,Customs Specialist - Join Our Talent Community,"Los Angeles, California, United States",unstated,other_mba_tech,mba_unknown,https://job-boards.greenhouse.io/flexport/jobs/7867207,open
a64473d7832d1ae2bab514f1380036142e13d3c653de767dc17b1388239c6489,Flexport,"Senior Financial Analyst, North America Sales & Operations Finance","San Francisco, California, United States",unstated,ai_product,mba_unknown,https://job-boards.greenhouse.io/flexport/jobs/8025116,open
9e1e528cca83bac46566754d9e49f3a7ad29e2d0fafdd694d2d72ff807e2a82e,Flexport,"Customs Specialist (Second Shift) - Laredo, TX",United States,unstated,other_mba_tech,mba_unknown,https://job-boards.greenhouse.io/flexport/jobs/8110297,open
93ff73d0ce63936cafbc9969f2aa6f8cdb35eefd569720399a2fcd8dc91c8685,Flexport,Sales Development Representative - New Grad,"Chicago, Illinois, United States",unstated,other_mba_tech,mba_unknown,https://job-boards.greenhouse.io/flexport/jobs/8084127,open
8c38ade19b25cda1c694911745023c4941472439126b2ded23de591984748201,Flexport,Inbound Sales Development Representative,"Chicago, Illinois, United States",unstated,other_mba_tech,mba_unknown,https://job-boards.greenhouse.io/flexport/jobs/8084124,open
75b069a4bbb74e424e2bcb5588402c97dff37cd9d4be44fd92770f6672aaea32,Flexport,Operations Associate - Join Our Talent Community,"Atlanta, Georgia, United States; Bellevue, Washington, United States; Chicago, Illinois, United States; Dallas, Texas, United States; Denver, Colorado, United States; Los Angeles, California, United States; New York City, New York, United States; San Francisco, California, United States",unstated,other_mba_tech,mba_unknown,https://job-boards.greenhouse.io/flexport/jobs/7904839,open
71a3f4f210ce46268b45bfabc28401d609bfc2218b52d1abdb8c84b530c0c2ee,Flexport,"Staff Product Manager, Visibility","Bellevue, Washington, United States; San Francisco, California, United States",unstated,product,mba_unknown,https://job-boards.greenhouse.io/flexport/jobs/8158012,open
6331a044ce06f1faeaa82f2e65c2b5b7b0edbdf13d611c5f96fcf94f9ed06430,Flexport,Senior Trade Advisory Manager,"Atlanta, Georgia, United States; Bellevue, Washington, United States; Chicago, Illinois, United States; Dallas, Texas, United States; Los Angeles, California, United States; New York City, New York, United States; San Francisco, California, United States",unstated,other_mba_tech,mba_unknown,https://job-boards.greenhouse.io/flexport/jobs/7643567,open
61c5a559ed908a758c06e838c9c1fa697326ec0041ade5841aca3c25dd57853a,Flexport,Enterprise Account Executive  ,"New York City, New York, United States",unstated,other_mba_tech,mba_unknown,https://job-boards.greenhouse.io/flexport/jobs/8024004,open
5c52f53761cadbdeb47e944ff89cf92b713fca64f911cdf1fb428a7e014d195f,Flexport,"Staff Product Manager, Commerce","Bellevue, Washington, United States; San Francisco, California, United States",unstated,ai_product,mba_unknown,https://job-boards.greenhouse.io/flexport/jobs/8158001,open
5693dee0441a6535b2d5e6f686f65bcdaf8afb810ff7554581655415b63c8fff,Flexport,"Senior Trade Advisory Associate, Post-Entry","Atlanta, Georgia, United States; Bellevue, Washington, United States; Chicago, Illinois, United States; Dallas, Texas, United States; Denver, Colorado, United States; Los Angeles, California, United States; New York City, New York, United States; San Francisco, California, United States",unstated,other_mba_tech,mba_unknown,https://job-boards.greenhouse.io/flexport/jobs/8083462,open
46f7579f127ae16862c25f4ac60968130e2e66b76a4949c6364f66fad2f9dea2,Flexport,Operations Specialist - Join Our Talent Community ,"Atlanta, Georgia, United States; Bellevue, Washington, United States; Chicago, Illinois, United States; Dallas, Texas, United States; Denver, Colorado, United States; Los Angeles, California, United States; New York City, New York, United States; San Francisco, California, United States",unstated,other_mba_tech,mba_unknown,https://job-boards.greenhouse.io/flexport/jobs/7909078,open
4374df04c5823e785fa4821873b564a20928d26a02dc3afe1306aa2f59539f03,Flexport,Enterprise Account Executive ,"Bellevue, Washington, United States",unstated,other_mba_tech,mba_unknown,https://job-boards.greenhouse.io/flexport/jobs/7905168,open
42c6602a26da364109a2c9b3e75635c57d431beffc863d291c1b13a6a9bf7e53,Flexport,"Customs Specialist - Laredo, TX",United States,unstated,other_mba_tech,mba_unknown,https://job-boards.greenhouse.io/flexport/jobs/8075645,open
331403da9453b22afcbfec03ba0f1e257b1aeb7192084f646b93b0fab5fdd3d9,Flexport,Senior Sales Manager - Account Management,"Dallas, Texas, United States",unstated,other_mba_tech,mba_unknown,https://job-boards.greenhouse.io/flexport/jobs/8120697,open
3206e4f37de578a69edc1e5090a562e8625f83faa70ab25d7eb42997ffd665ac,Flexport,Enterprise Account Executive ,"Dallas, Texas, United States",unstated,other_mba_tech,mba_unknown,https://job-boards.greenhouse.io/flexport/jobs/7896356,open
280dcf3a30cea3b989119f9eeb8e83e4b9399479d0f48140578052b16861b005,Flexport,Enterprise Account Executive,"Phoenix, Arizona, United States",unstated,other_mba_tech,mba_unknown,https://job-boards.greenhouse.io/flexport/jobs/8031531,open
26da15f8cc0e152150e71ca3f3685a22c051f0412dd29d675725169c8b0587a2,Flexport,Inbound Sales Development Representative - New Grad,"Chicago, Illinois, United States",unstated,other_mba_tech,mba_unknown,https://job-boards.greenhouse.io/flexport/jobs/5850324,open
1bd879e5404b42510d6b0785b50444a1bb9163fb7cb26b27580df05d803ac191,Flexport,Forward Deployed Consultant- Supply Chain Solutions,"San Francisco, California, United States",unstated,product,mba_unknown,https://job-boards.greenhouse.io/flexport/jobs/8110414,open
18ceca0fcf7426cb08ddc64f1d406fc96c9f451b95a34dd9c5f2248f6f30804f,Flexport,Sales Development Representative,"Chicago, Illinois, United States",unstated,other_mba_tech,mba_unknown,https://job-boards.greenhouse.io/flexport/jobs/8084123,open
17e916b9c8619d9c18cc82af384fc5dbbec77721e301e644314b4378d6d21527,Flexport,Enterprise Account Executive,"Salt Lake City, Utah, United States",unstated,other_mba_tech,mba_unknown,https://job-boards.greenhouse.io/flexport/jobs/7954920,open
175dee09497d925133efc3ef523deff17c77b681fa337c5a74f1922429e08d50,Flexport,Enterprise Account Executive,"New York City, New York, United States",unstated,other_mba_tech,mba_unknown,https://job-boards.greenhouse.io/flexport/jobs/8059896,open
0aaaed84419ff9275e5b4b73c89c53e76b94bdf05dda54f5e972e5f18f17c19d,Flexport,Enterprise Account Executive,"Los Angeles, California, United States",unstated,other_mba_tech,mba_unknown,https://job-boards.greenhouse.io/flexport/jobs/8044066,open
52e2a34efc3625dfdf563b73ea8447a59b798545a3481e5fd58e99f95ac670b2,Figma,"Director, Marketing - Figma Weave (New York, United States)","New York, NY",unstated,ai_product,mba_unknown,https://boards.greenhouse.io/figma/jobs/6112135004?gh_jid=6112135004,open
cf5eea2b04954af7c5b577080751f538c4e7455f967c443e12f70ef4ccec64d3,Faire,Global Safety & Security Leader,"San Francisco, CA",unstated,ai_product,mba_unknown,https://boards.greenhouse.io/faire/jobs/8754821002?gh_jid=8754821002,open
1b5ee0e921ca02044f9b176ff641b6662b267a8e2b320bdf571e47e464adba08,Instacart,"Senior Machine Learning Engineer, Economist",United States - Remote,unstated,ai_product,mba_unknown,https://instacart.careers/job/?gh_jid=8157736,open
ad03d911ce663b4a3a1cb1ea7f48bb0fb5353540a21e0b1d181b57db477ab681,Affirm,Senior Accounts Management Manager,Remote US,unstated,product,mba_unknown,https://job-boards.greenhouse.io/affirm/jobs/7906836003,open
b638ca4e31998811c5fa639ad53323a02ed744a7566bcffa4a6a3003b61a5c48,Affirm,"Manager, Fraud Operations",Remote US,unstated,ai_product,mba_unknown,https://job-boards.greenhouse.io/affirm/jobs/7821076003,open
c2287da58892b09d9f3fb57829338642022d6f7dc7fc048e39d79c57afc6605b,Figma,"IT Engineer, Internal AI Infrastructure","San Francisco, CA • New York, NY • United States",unstated,ai_product,mba_unknown,https://boards.greenhouse.io/figma/jobs/6164379004?gh_jid=6164379004,open
7c343b2eb6de1df50f81cb83fa68370bafb2feaf64763b6ebd5e629b987cd0d2,Attentive,"Account Executive I, Mid-Market",United States,unstated,ai_product,mba_unknown,https://job-boards.greenhouse.io/attentive/jobs/4188022009,open
36f9ee7815a43d6fc666de014e62f130f7f35a908113477d0b5888dc46fb4dee,Figma,Forward Deployed Engineer,"San Francisco, CA • New York, NY • United States",unstated,ai_product,mba_unknown,https://boards.greenhouse.io/figma/jobs/6158162004?gh_jid=6158162004,open
a195d61c84c41008cf413577f368f7549e0d7a346295c2b0127182a5e58be735,Figma,"Manager, Product Management - Figma Platform Experience","San Francisco, CA • New York, NY • United States",unstated,ai_product,mba_unknown,https://boards.greenhouse.io/figma/jobs/6160732004?gh_jid=6160732004,open
63bc38bc02ccba8c9f0bafa7a279e8c04e86a308f00b309cef8365f3bbd2f290,Coinbase,"Staff Software Engineer, Compute Platform (Routing)",Remote - USA,unstated,ai_product,mba_unknown,https://www.coinbase.com/careers/positions/8160557?gh_jid=8160557,open
ea302d2104aa2d104ec4d7582f85e0d6a2fab0c3df50553f7c8e0dc7d940722d,Betterment,Payroll & Benefits Coordinator,Betterment HQ - New York City,unstated,other_mba_tech,mba_unknown,https://www.betterment.com/careers/current-openings/job?gh_jid=8154486&gh_jid=8154486,open
04d58c810b0d1e0c400ff28535765f4b4d5a8d496e7163a483cca4c5c0f7d1b2,Peloton,Principal Industrial Designer,"New York, New York",unstated,ai_product,mba_unknown,https://careers.onepeloton.com/en/all-jobs/?gh_jid=8036613,open
561e600a714ae4f624d1f85d1d9a3725a87c43cabf88c9403d32197e4a02f9f8,Affirm,"Senior Product Manager, Checkout",Remote US,unstated,product,mba_unknown,https://job-boards.greenhouse.io/affirm/jobs/7929523003,open
ad210e5e0b1266506cd4801fd62a66c7c927fc2e3e586c652ae85deb84bc1081,Instacart,Senior Sales Associate,United States - Remote,unstated,ai_product,mba_unknown,https://instacart.careers/job/?gh_jid=7931358,open
f2bb5326f305ed98df0cd5356a9f2712f6668f0c5d900fdfa9278035c68feda6,Attentive,"Finance Manager, Revenue",United States,unstated,ai_product,mba_unknown,https://job-boards.greenhouse.io/attentive/jobs/4339819009,open
e9e896fd1ca230746737f330665aab33c7a2b89f87b3cf1e6eb8fdda3b543995,Klaviyo,"Sr. AI Systems & Solutions Architect, Customer Success","Boston, MA",unstated,other_mba_tech,mba_unknown,https://www.klaviyo.com/careers/jobs/7820704003?gh_jid=7820704003,open
ddc2884d44a131e7a79cdbaac57e9e60ad14b9c384ad50f43d78bb20b8881217,Klaviyo,"Sr. AI Systems & Solutions Architect, Global Services","Boston, MA",unstated,other_mba_tech,mba_unknown,https://www.klaviyo.com/careers/jobs/7820703003?gh_jid=7820703003,open
d050aac9613511050c0afc97e69031daa570e4fb4f84c047d92d3294dc0274fc,Klaviyo,"Director, Global Field Enablement","Denver, CO",unstated,ai_product,mba_unknown,https://www.klaviyo.com/careers/jobs/7894057003?gh_jid=7894057003,open
b44bb78e4cd35863f28619dd328049db18df46d30af415aa51bbb55893c5a642,Klaviyo,"Sr. AI Systems & Solutions Architect, Customer Success","San Francisco, CA",unstated,other_mba_tech,mba_unknown,https://www.klaviyo.com/careers/jobs/7859210003?gh_jid=7859210003,open
a091359b42026dc47d7e2e57b0384217390ab3ed420254156f6663b22b3a5faa,Klaviyo,"Director, Global Field Enablement","Boston, MA",unstated,ai_product,mba_unknown,https://www.klaviyo.com/careers/jobs/7884478003?gh_jid=7884478003,open
952ae86d8a6a6f0995fd9f74beefe60aacc27cec2a09537df638e92019fd6582,Klaviyo,"Sr. AI Systems & Solutions Architect, Customer Success","Denver, CO",unstated,other_mba_tech,mba_unknown,https://www.klaviyo.com/careers/jobs/7859208003?gh_jid=7859208003,open
24fe6ec7b6b2f94fde404ef84b6efa23da62e2b38432b96a2153a1277410bfb2,Klaviyo,"Sr. AI Systems & Solutions Architect, Global Services","San Francisco, CA",unstated,other_mba_tech,mba_unknown,https://www.klaviyo.com/careers/jobs/7859379003?gh_jid=7859379003,open
cda8c3998dfe7d6ce04530734deae0dfd2cc477a680f0ecfedb58a7fe48e41e4,Klaviyo,Lead Project Manager,"Boston, MA",unstated,ai_product,mba_unknown,https://www.klaviyo.com/careers/jobs/7806009003?gh_jid=7806009003,open
26ed715d0d056f2ad08f9c4de8ee6c47e5d43d42c44f21c3418b215d97d0add2,Klaviyo,Lead Security Governance & Risk Engineer,"Boston, MA",unstated,ai_product,mba_unknown,https://www.klaviyo.com/careers/jobs/7783906003?gh_jid=7783906003,open
0e33b046f667eb10e35d29d46827fafe64cf655f2052e0111f42b8436049207f,Klaviyo,"Sr. AI Systems & Solutions Architect, Global Services","Denver, CO",unstated,other_mba_tech,mba_unknown,https://www.klaviyo.com/careers/jobs/7829675003?gh_jid=7829675003,open
f7dca814ca18c4c70c4373e39774cc36d821012c42902acb8c737d7ad401c6df,Klaviyo,"Account Executive, Mid-Enterprise","Miami, FL",unstated,ai_product,mba_unknown,https://www.klaviyo.com/careers/jobs/7817729003?gh_jid=7817729003,open
f0dc0830259c76d674ba4a7693336bc7c85b7e768c40de2eeaac314b37a66513,Klaviyo,"Account Executive, Mid-Enterprise","New York, NY",unstated,ai_product,mba_unknown,https://www.klaviyo.com/careers/jobs/7720001003?gh_jid=7720001003,open
d1dd2ab6e1395bd4d1564776b0a31801d26b56911c6bd0bf393fd9095f8ef877,Klaviyo,"Senior Manager, Partner Sales","Denver, CO",unstated,ai_product,mba_unknown,https://www.klaviyo.com/careers/jobs/7710022003?gh_jid=7710022003,open
6d06ec59eb4cfc584dc5c8c542e582f80c017f9335c3cf50261210e8c0e2ebd6,Klaviyo,"Account Executive, Mid-Enterprise","Boston, MA",unstated,ai_product,mba_unknown,https://www.klaviyo.com/careers/jobs/7624146003?gh_jid=7624146003,open
55a2b2a6892f987ba89ca246c41b71e3f5fed00c57bfc86c25aeb6691f824297,Klaviyo,AI Enablement Program Manager,"Boston, MA",unstated,ai_product,mba_unknown,https://www.klaviyo.com/careers/jobs/7801432003?gh_jid=7801432003,open
442a1723b1caced8b2808323de2751e64efb8cfedb9f8713ed2ac6f010ddc509,Klaviyo,Analytics Engineer,"Boston, MA",unstated,ai_product,mba_unknown,https://www.klaviyo.com/careers/jobs/7737707003?gh_jid=7737707003,open
260023c4069284789dfb2a233f3d982613b6b8e51339e5689a725e8d9dc81251,Klaviyo,"Senior Manager, Partner Sales","San Francisco, CA",unstated,ai_product,mba_unknown,https://www.klaviyo.com/careers/jobs/7710023003?gh_jid=7710023003,open
114417ebe0941f8fbb5397b6207d451c8c4f40a3ffc5fbff284c91572c7119f2,Klaviyo,"Senior Manager, Partner Sales","Boston, MA",unstated,ai_product,mba_unknown,https://www.klaviyo.com/careers/jobs/7709950003?gh_jid=7709950003,open
00b038972a7630ae63e7128a5471b4ca8d4e960780c951ec18ce281aee62b684,Klaviyo,"Account Executive, Mid-Enterprise","Denver, CO",unstated,ai_product,mba_unknown,https://www.klaviyo.com/careers/jobs/7624149003?gh_jid=7624149003,open
f3917cd00ccb6b9719294976741e5316780a75e338897fae31fb7f588d114d7c,Klaviyo,"Senior Lead Program Manager, Technical Programs","Boston, MA",unstated,ai_product,mba_unknown,https://www.klaviyo.com/careers/jobs/7453469003?gh_jid=7453469003,open
a763f8fbdc21a52546e81903ac5a44e762cff4efda6ab3901232d87198524380,Klaviyo,Senior Software Engineer - Growth,"Boston, MA",unstated,ai_product,mba_unknown,https://www.klaviyo.com/careers/jobs/7696724003?gh_jid=7696724003,open
cc2401b85a42f34912bb60eac91868a6d08778f9e38aabdce22db46730b37eee,StockX,Seasonal Sneaker Verification Expert,"Detroit, MI",unstated,other_mba_tech,mba_unknown,https://job-boards.greenhouse.io/stockx/jobs/8750635002,open
b86f575b07153fe4fd4c6b42d710497f06c3b89b420baea8c9c61212019b194b,StockX,Seasonal Operations Specialist,"Detroit, MI",unstated,other_mba_tech,mba_unknown,https://job-boards.greenhouse.io/stockx/jobs/8750569002,open
c735c4b7e280aeaf63b905b958ef7c0bdfc6b6ed78b3820d96e01f32ae5b213d,Figma,"Researcher, Figma Agentic Experiences","San Francisco, CA • New York, NY • United States",unstated,ai_product,mba_unknown,https://boards.greenhouse.io/figma/jobs/5651744004?gh_jid=5651744004,open
fd9217d21e5a1c07977878b918f9d13c67d8b68ab146b1227186131bf6ba50b6,StockX,Category Manager - Sneakers,"Remote, USA",unstated,ai_product,mba_unknown,https://job-boards.greenhouse.io/stockx/jobs/8750538002,open
d35b93aeb726cf5036108591958de07d5d5f8c95f4ae2a3cb1c2573c6eb0e763,StockX,Category Manager - Sneakers,"Detroit, MI",unstated,ai_product,mba_unknown,https://job-boards.greenhouse.io/stockx/jobs/8750534002,open
a0362aae4a658c566f435bf347ece614c9a3a18a5019f8c608425a6f86c9670d,StockX,Category Manager - Apparel,"Remote, USA",unstated,ai_product,mba_unknown,https://job-boards.greenhouse.io/stockx/jobs/8750517002,open
35d46c0479190ec56f9666366c98f7ff0e68134319d35df2a6e4c1c1a2da2810,Coinbase,"Strategic Finance Manager, Platform",Remote - USA,unstated,ai_product,mba_unknown,https://www.coinbase.com/careers/positions/8148248?gh_jid=8148248,open
baf72bd110a1723f7979f2556c523e92528226b1796a142846b0284232eef70d,Figma,"Manager, Product Management - Roundtripping","New York, NY • United States",unstated,ai_product,mba_unknown,https://boards.greenhouse.io/figma/jobs/6104919004?gh_jid=6104919004,open
e9e14bb0aaf447732ebc50737679bc188c024951d271cb80d994253937c2d3ac,Coinbase,Senior IT Automation Engineer,Remote - USA,unstated,other_mba_tech,mba_unknown,https://www.coinbase.com/careers/positions/8095207?gh_jid=8095207,open
bc17e3f29a6e05b75baafcfa45d7bc46376a77dc995a1523120b9934973b5bef,Figma,Technical Program Manager - Infrastructure,"San Francisco, CA • New York, NY • United States",unstated,ai_product,mba_unknown,https://boards.greenhouse.io/figma/jobs/6020719004?gh_jid=6020719004,open
1af2f182ea4c7c63cf8ed82a9c80b401bb0d005c9c6d8ec9f591def103d5b8c6,StockX,"Director, Category Growth (General Manager)","Remote, USA",unstated,ai_product,mba_unknown,https://job-boards.greenhouse.io/stockx/jobs/8420553002,open
7befe43c0cb6f2f0343bd8fe22e26cf80c1d01eba13aeba214a3125e7cc6fc65,StockX,Category Manager - StockX Live,"Detroit, MI",unstated,ai_product,mba_unknown,https://job-boards.greenhouse.io/stockx/jobs/8400306002,open
3a1ad65803aa3f22973c0ffffff1777e394f9ac59c8a30059025b1a39f6147b9,StockX,Category Manager,"Remote, USA",unstated,ai_product,mba_unknown,https://job-boards.greenhouse.io/stockx/jobs/8414215002,open
75f30156dce94538769b24a84bb7f456c8b8ef91392ac354b899064140780438,Coinbase,"Senior Associate, FCM",Remote - USA,unstated,ai_product,mba_unknown,https://www.coinbase.com/careers/positions/8060577?gh_jid=8060577,open
105625375e76e1299b55a008bb0d780daed1333eaefc79c301738187a38ec78b,Figma,"Director, People Partners - Product, Design & Engineering","San Francisco, CA",unstated,ai_product,mba_unknown,https://boards.greenhouse.io/figma/jobs/6150563004?gh_jid=6150563004,open
c1a1a1069d2e60b800a74ced13847f262591ed4b59e767d7eae6802534e4f12a,Brex,"Manager, CX AI Strategy","Seattle, Washington, United States",unstated,ai_product,mba_unknown,https://www.brex.com/careers/8615156002?gh_jid=8615156002,open
820a1ffa09d245e993144678ec378e31ffd85f0bbd8186bec8a504b064c409fb,Brex,"Manager, CX AI Strategy","San Francisco, California, United States",unstated,ai_product,mba_unknown,https://www.brex.com/careers/8615155002?gh_jid=8615155002,open
9db3e19adb145fc7ce9ed1fdc06f49e843cee4cd77642e94b0674a75f97c9242,Brex,"Manager, CX AI Strategy","New York, New York, United States",unstated,ai_product,mba_unknown,https://www.brex.com/careers/8615154002?gh_jid=8615154002,open
1100c7f4a18e603377f3df446503f8ef0bad35186e1b4b065bea1766db20fe0e,Brex,"Manager, CX AI Strategy","Salt Lake City, Utah, United States",unstated,ai_product,mba_unknown,https://www.brex.com/careers/8615157002?gh_jid=8615157002,open
b9f731f8de70141f4c2e465829de82b910f8f8cbd01016195fee686f4fccfa4d,Instacart,Sales Associate - New York,United States - Remote,unstated,ai_product,mba_unknown,https://instacart.careers/job/?gh_jid=7558978,open
f9f256aa7e10f4415a099db4689abb006ff4d2d1b7feeae782d1af7f748cb7ae,Instacart,"Senior Android Engineer II, Digital Twin Platform",United States - Remote,unstated,ai_product,mba_unknown,https://instacart.careers/job/?gh_jid=8147298,open
e3ac334f9f66b4d6e2e93dc60b5c3be6cc7b59586f01164b79f5d81444fea56b,Instacart,"Staff Software Engineer, Orders Platform",United States - Remote,unstated,ai_product,mba_unknown,https://instacart.careers/job/?gh_jid=8110286,open
e17f2f0ab4d9228ddc6614a948a47cbdd7d71677573fa18a39ae3edbad529d5c,Instacart,"Director IT, Internal Audit",United States - Remote,unstated,other_mba_tech,mba_unknown,https://instacart.careers/job/?gh_jid=8120705,open
de157525b92fd76c0d09ae728d047e32941fb5aa7b46e7bb0e5875c7ebdede6c,Instacart,"Senior Product Manager, Catalog",United States - Remote,unstated,ai_product,mba_unknown,https://instacart.careers/job/?gh_jid=8143270,open
d6b78a5a2efb29148890f242d5b2a96dec156706677b1a8f2c532b6dd4c7624a,Instacart,"Engineering Manager, Service Platform",United States - Remote,unstated,other_mba_tech,mba_unknown,https://instacart.careers/job/?gh_jid=7960958,open
cb4306c58ca951fb329ccbe5ed918afda0caab39f855feb5ce405d174d40ce07,Instacart,Staff Experience Designer,United States - Remote,unstated,ai_product,mba_unknown,https://instacart.careers/job/?gh_jid=8084089,open
b7763bc5fa3197d37e7be8a2c423ea8c5e83ec900303df3fbcac47f9324e380b,Instacart,Staff User Researcher - Consumer,United States - Remote,unstated,ai_product,mba_unknown,https://instacart.careers/job/?gh_jid=8141481,open
aa4666f6d7e5cd7de1813740f4ff052ac10f93bfb85c8c02556c824612820ed8,Instacart,Activation Sales Development Representative I,United States - Remote,unstated,other_mba_tech,mba_unknown,https://instacart.careers/job/?gh_jid=7144697,open
9f0b73df684eef5f8f1c89f341b78e5662391b84bdb814a01fe072392936b616,Instacart,"Senior Machine Learning Engineer, Operations Research",United States - Remote,unstated,ai_product,mba_unknown,https://instacart.careers/job/?gh_jid=7793089,open
91a700ebd07a0985f6743b365852451f39c08a1940334d6982c5287a7b91309d,Instacart,"AI Solutions Lead, Marketing",United States - Remote,unstated,other_mba_tech,mba_unknown,https://instacart.careers/job/?gh_jid=8145998,open
85f109c029f52dc5fe37f3eabaab4bc9718cc75c7a34f0e570eafda4e6c3320d,Instacart,Senior Detection Engineer II,United States - Remote,unstated,other_mba_tech,mba_unknown,https://instacart.careers/job/?gh_jid=8154300,open
84fea21e3055eec8de2da80a74dd66b8b84076ece7c53e052d1eddac053820cd,Instacart,"Staff Software Engineer,  Data Governance & Foundations",United States - Remote,unstated,ai_product,mba_unknown,https://instacart.careers/job/?gh_jid=7778693,open
67b83980e42545a421624e781a1675f9b9954e69c78f56ed97f65ad01fbb5f82,Instacart,"Senior Product Manager, Retailer Platform",United States - Remote,unstated,ai_product,mba_unknown,https://instacart.careers/job/?gh_jid=8014060,open
3e8afd81bb3c3f1eae413e24ec8617eea324e7bdbbb7af5a62ba445afc3466f9,Instacart,"Senior Applied Scientist II, Ads Optimization",United States - Remote,unstated,other_mba_tech,mba_unknown,https://instacart.careers/job/?gh_jid=7793391,open
1697c6b99f9d96ea9bb58fcc5fc132f441831e183888a55358febbe71613b885,Instacart,Retention Sales Development Representative II,United States - Remote,unstated,other_mba_tech,mba_unknown,https://instacart.careers/job/?gh_jid=7712406,open
037da2afaefea62168afdb43f89815680bf06ed65711e5ab0ae7d6186a4b6a57,Instacart,"Senior Product Manager, Ads Quality",United States - Remote,unstated,ai_product,mba_unknown,https://instacart.careers/job/?gh_jid=8077510,open
e92e3462196865d9f33460a0f5ea5b97de44cdbfb46f111d77f7d738d380289c,ZoomInfo,Sales Development Representative III,"Bethesda, Maryland, United States; Vancouver, Washington, United States; Waltham, Massachusetts, United States",unstated,ai_product,mba_unknown,https://www.zoominfo.com/careers?gh_jid=8102837002,open
cfd8a231a45af618daa79671b02fe39944d9634267bbf6c3fd0fe153cdb6c625,ZoomInfo,Senior Sales Development Representative,"Bethesda, Maryland, United States; Vancouver, Washington, United States; Waltham, Massachusetts, United States",unstated,ai_product,mba_unknown,https://www.zoominfo.com/careers?gh_jid=8418328002,open
0789b0dbb29467d6f028693d3c261a518e28265709998dde23bb6472f8b56560,ZoomInfo,Sales Development Representative III,"Bethesda, Maryland, United States; Vancouver, Washington, United States; Waltham, Massachusetts, United States",unstated,ai_product,mba_unknown,https://www.zoominfo.com/careers?gh_jid=8465842002,open
84cabfde9b50c02053f990147603f66dc1e0f4aa6ecbae6a8d47401c7ead691e,ZoomInfo,Sales Development Representative II,"Waltham, Massachusetts, United States",unstated,ai_product,mba_unknown,https://www.zoominfo.com/careers?gh_jid=8419194002,open
62f49ab4c228c10c674a2c34bfb110b5bbf5da96236e40314fa0d75b7cdef7ed,Faire,Head of Finance Systems & Data,"New York City, NY; San Francisco, CA",unstated,ai_product,mba_unknown,https://boards.greenhouse.io/faire/jobs/8568728002?gh_jid=8568728002,open
2211d97caa698b7706c49e6c2a50ad78aacdba395be8597a3ebfe07bbd5051ba,Coinbase,"Product Manager II, Workspace and Multi-User",Remote - USA,unstated,ai_product,mba_unknown,https://www.coinbase.com/careers/positions/8148171?gh_jid=8148171,open
ef26fa994c369c5d3b62b11be32e3a525b8bc951142a652e83893f40c86820c4,Affirm,"Director, Customer Operations Vendor Strategy & Execution",Remote US,unstated,ai_product,mba_unknown,https://job-boards.greenhouse.io/affirm/jobs/7907793003,open
f32cd30fbf0d9633fba58e25107e03f2edc6fb3554b66d8997ac39a3444cb3fd,Affirm,"Manager, Software Engineering (App Experiences)",Remote US,unstated,other_mba_tech,mba_unknown,https://job-boards.greenhouse.io/affirm/jobs/7918497003,open
907c10c61f26183076e0977e5f7b8b2a53faf1ea7f65ed4a0ed6071de2cae3e0,Coinbase,Senior Software Engineer (Platform - Access & Authorization),Remote - USA,unstated,ai_product,mba_unknown,https://www.coinbase.com/careers/positions/8146039?gh_jid=8146039,open
7cd2e9b9a0ae6c20a83bf8b37e4b32ac0feef3efa94e6913f04002b5c3578f23,Coinbase,Staff Software Engineer (Platform - Access & Authorization),Remote - USA,unstated,ai_product,mba_unknown,https://www.coinbase.com/careers/positions/8114877?gh_jid=8114877,open
edf698c91e53f804f57caaef6b760221255f1f2f8077322366c4f221bf7358f3,StockX,Seasonal Operations Specialist,"Tempe, AZ",unstated,other_mba_tech,mba_unknown,https://job-boards.greenhouse.io/stockx/jobs/8738231002,open
8472943badec4be3972c4c21ae63901a8816587fc927b53c08448ece3d8714ca,StockX,Seasonal Energy Verification Expert,"Tempe, AZ",unstated,other_mba_tech,mba_unknown,https://job-boards.greenhouse.io/stockx/jobs/8738105002,open
479e05d8959f41a6ab5783575420bfa3d5f50aa80f15f4ee296661ca3a53be4c,ZoomInfo,Presales Solutions Architect,"Vancouver, Washington, United States",unstated,other_mba_tech,mba_unknown,https://www.zoominfo.com/careers?gh_jid=8594460002,open
2811c5da42f0f23ab5a4fad2bbbbd9e8e955e4b405121a7505681b1955c14b68,ZoomInfo,Presales Solutions Architect,"Waltham, Massachusetts, United States",unstated,other_mba_tech,mba_unknown,https://www.zoominfo.com/careers?gh_jid=8577950002,open
b54984b3af3ab5188fab63548b8c794f0bff66b341daa7d6385512a3549c86da,ZoomInfo,Senior Software Engineer,"Austin, Texas, United States",unstated,ai_product,mba_unknown,https://www.zoominfo.com/careers?gh_jid=8451789002,open
55729fa99a5031401acbd0e8c8098e1f3dc69afd5da6f40508e69f274c8d9747,Affirm,"Software Engineer II, Fullstack (App Experience)",Remote US,unstated,product,mba_unknown,https://job-boards.greenhouse.io/affirm/jobs/7819445003,open
4b2388a17129f75b17f0a0ba186781a201bae8981526be9425b5803ab4e4173e,Brex,Enterprise Client Sales Executive ,"San Francisco, California, United States",unstated,ai_product,mba_unknown,https://www.brex.com/careers/8662157002?gh_jid=8662157002,open
fe1b106b0707e434b21254d1f5c07fdd563b47b65b35971d700da80c568ae8f0,Brex,Enterprise Client Sales Executive,"New York, New York, United States",unstated,ai_product,mba_unknown,https://www.brex.com/careers/8662162002?gh_jid=8662162002,open
c8a148c0742a5a13695ed08a641662021c5578ff11a94686fcff743986ec8884,Brex,Enterprise Client Sales Executive,"Seattle, Washington, United States",unstated,ai_product,mba_unknown,https://www.brex.com/careers/8662161002?gh_jid=8662161002,open
114b48bb0f02732194fe21ecfa0deff548f59ea1d411d707f6265f416d6c6d78,Betterment,"Sr. Technical Product & Program Manager, Platform Engineering",Betterment HQ - New York City,unstated,product,mba_unknown,https://www.betterment.com/careers/current-openings/job?gh_jid=8139698&gh_jid=8139698,open
7c4aecc01c51977693d232eac9cff7c917af0d901d9cc7ebf5f9af939ee4aab6,Braze,Account Executive - Open Application,New York City,unstated,ai_product,mba_unknown,https://job-boards.greenhouse.io/braze/jobs/7954008,open
af0274914fa7c0266a2b6d62513596cc127dc450286fa24ee1c3fb1c7f015b33,Coinbase,"Compliance, Threat & Risk Assessment Manager",Remote - USA,unstated,other_mba_tech,mba_unknown,https://www.coinbase.com/careers/positions/8064692?gh_jid=8064692,open
e3aeaab28298fdcb79d02cab8b7b9bfcfb3f6800233d67545072ec21ba472fdd,Attentive,"Staff Software Engineer, Shopper Data Platform",United States,unstated,ai_product,mba_unknown,https://job-boards.greenhouse.io/attentive/jobs/4369486009,open
291eb14433fa79835117d74cc82fc6fe4ec629e4abe195c34445d22e5bd93c24,ZoomInfo,"New Business Account Executive, Mid Market ","Bethesda, Maryland, United States; Vancouver, Washington, United States; Waltham, Massachusetts, United States",unstated,other_mba_tech,mba_unknown,https://www.zoominfo.com/careers?gh_jid=8479406002,open
468903aa1092f01fc92e5143b915b04f64f180ce04817fb9d93bd4f96c52b03a,Nextdoor,"Staff Product Manager, Search",US Remote,unstated,ai_product,mba_unknown,https://about.nextdoor.com/careers-list/?gh_jid=8142001,open
151adbab3d51bb958611d3f9cb243046ab13949312f6ebe6f7c9845d49736826,Peloton,Peloton Expert (Part-Time) - Tysons Corner,"Tysons, Virginia",unstated,ai_product,mba_unknown,https://careers.onepeloton.com/en/all-jobs/?gh_jid=8125486,open
d18163fa7ee7f9ab092872400560f82f56a1d7df0df1957a153b3205af97a8f3,Peloton,Sr. Hardware Product Manager,"New York, New York",unstated,ai_product,mba_unknown,https://careers.onepeloton.com/en/all-jobs/?gh_jid=8092989,open
68c6a710ba92878f289825fbb2cb57becfd316895919ee31379fe221992c5883,Peloton,"Senior Category Manager, Indirect Sourcing & Procurement","New York, New York",unstated,ai_product,mba_unknown,https://careers.onepeloton.com/en/all-jobs/?gh_jid=8067874,open
4090c0c552c8bdb0dfbc37fbaf5d81c58b57131f128702b7ab18adf332b150e9,Peloton,"Sr. Manager, Mechanical Engineering","Woodinville, Washington",unstated,ai_product,mba_unknown,https://careers.onepeloton.com/en/all-jobs/?gh_jid=8072833,open
8771e174c57613652fc94e6b0319435b9206724fded5486b93bd6e066068a3db,Peloton,"Director, Supply Chain Strategy and Excellence","New York, New York",unstated,ai_product,mba_required,https://careers.onepeloton.com/en/all-jobs/?gh_jid=8042009,open
76a0c772bdb50282fd9d6d8abda7b7ecfee5e67b9e780e4158442a5be5244126,Peloton,"Manager, Data Analytics, Performance Creative","New York, New York",unstated,ai_product,mba_unknown,https://careers.onepeloton.com/en/all-jobs/?gh_jid=8053428,open
5bba6db967de6802ab627d44738a065212caaf95eb5aed403851b10ab7c9d246,Peloton,Peloton Expert (Part-Time) - Phoenix Chandler Fashion Center,"Phoenix, Arizona",unstated,ai_product,mba_unknown,https://careers.onepeloton.com/en/all-jobs/?gh_jid=7980387,open
54672d43c07f9dfce927a6cc224351206b78c7c42326453551e89e8c20df68cb,Peloton,Senior Android Engineer,"New York, New York",unstated,ai_product,mba_unknown,https://careers.onepeloton.com/en/all-jobs/?gh_jid=7976903,open
2d2b062ef77f17ba9eb4d52516a8e091b5ee35439a7dd7c0d4e94605fc704f4f,Peloton,"Manager, Global Consolidations","New York, New York",unstated,ai_product,mba_unknown,https://careers.onepeloton.com/en/all-jobs/?gh_jid=7953889,open
d8bac22f333b3ca711fae9b7a8f55e78c4fc2793a45a8499fdd6424532c86378,Figma,"Account Executive, Mid-Market","San Francisco, CA • New York, NY • United States",unstated,ai_product,mba_unknown,https://boards.greenhouse.io/figma/jobs/5422236004?gh_jid=5422236004,open
a68d4f0617b9a4f27ffcb85ff16f315eff9f55994be1f861e6cffa080cf83f2a,Betterment,"Sr. Marketing Associate, B2B",Betterment HQ - New York City,unstated,other_mba_tech,mba_unknown,https://www.betterment.com/careers/current-openings/job?gh_jid=8137838&gh_jid=8137838,open
3c0fde40fc19e87a0867ebeac3f86fa1407d9813c87272e0e8b862dc6ec0b5a9,Duolingo,Creative Sourcer,"Pittsburgh, PA",unstated,other_mba_tech,mba_unknown,https://careers.duolingo.com/jobs/8658654002?gh_jid=8658654002,open
dff9500dd3dfe7fc15ba65fca1ccf1e6d720b5e7d25e9a8649f14e4ca07afa78,Affirm,Brand Marketing Manager,Remote US,unstated,product_marketing,mba_unknown,https://job-boards.greenhouse.io/affirm/jobs/7872406003,open
4efb21ed80aac1faac47d5912ba9367afcc1bc537cdbafa50993d11fcff3c038,Affirm,Administrative Assistant IV,Remote US,unstated,ai_product,mba_unknown,https://job-boards.greenhouse.io/affirm/jobs/7850544003,open
1342a061672f1569490d81477984f81fd49b69b3643656f686b367d35bd2315e,Betterment,Sr. Social Media & Content Associate,Betterment HQ - New York City,unstated,ai_product,mba_unknown,https://www.betterment.com/careers/current-openings/job?gh_jid=8137849&gh_jid=8137849,open
37ccf555422e57ecbdbce2cd5d5b1644ce3c7f0f9b3f648f20a22a7f26fb50dd,Betterment,"Business Systems Architect, GTM Systems",Betterment HQ - New York City,unstated,ai_product,mba_unknown,https://www.betterment.com/careers/current-openings/job?gh_jid=8074484&gh_jid=8074484,open
5c101d4062fbf259e23ae0d4f00e4b760d2c5248ebd30f797166f26efbb850ea,Brex,Staff Application Security Engineer,United States,unstated,ai_product,mba_unknown,https://www.brex.com/careers/8584366002?gh_jid=8584366002,open
9efecb4d009e2f39cf070576634d731b71bc7e8b96138039ba02fcab5e4ffece,Nextdoor,"Lead, Design",US Remote,unstated,ai_product,mba_unknown,https://about.nextdoor.com/careers-list/?gh_jid=8140477,open
8823c397c7a2b80c0518a887bf701e1fb2adf13c6d21eddcc0a18fa8652e54e1,Affirm,Financial Model Risk Management Lead,Remote US,unstated,other_mba_tech,mba_unknown,https://job-boards.greenhouse.io/affirm/jobs/7815948003,open
fb76dbd4d55704ea7e7afe7decdfa46a39e0dea1833211df5f34c4f0c5baaac6,Affirm,Underwriting/Credit Model Risk Senior Manager - Machine Learning,Remote US,unstated,other_mba_tech,mba_unknown,https://job-boards.greenhouse.io/affirm/jobs/7822286003,open
ae00575161ab25dafef238398965b1299a75b94a57b43b04d6c2ef6b5a9e14b7,Brex,"Partnerships Manager, Accounting Channel","New York, New York, United States",unstated,ai_product,mba_unknown,https://www.brex.com/careers/8672997002?gh_jid=8672997002,open
26e6b5e73c82a19c02c7e15a0b3f3b76df29eb7f0b47f9c5c20b0e7ac8277844,Brex,"Partnerships Manager, Accounting Channel","San Francisco, California, United States",unstated,ai_product,mba_unknown,https://www.brex.com/careers/8672976002?gh_jid=8672976002,open
ba8296996b3f77217b2f0f1c40ad5c911afdb4596bb9c98334b8d94e4e7cf47b,Figma,Software Engineer - Application Platform,"San Francisco, CA • New York, NY • United States",unstated,ai_product,mba_unknown,https://boards.greenhouse.io/figma/jobs/6142506004?gh_jid=6142506004,open
1bc2120024a6c791e0136d162d21141e70bd60fbc6cca2a881d7711ba1274521,Affirm,"Vice President, People Business Partner & Employee Relations",Remote US,unstated,other_mba_tech,mba_unknown,https://job-boards.greenhouse.io/affirm/jobs/7894014003,open
10a8c665e37abad8e5cad85653ae74c281d20c11e244ca05c9a3a34c04114cbe,Duolingo,"Senior Learning Designer, Indian Languages","Pittsburgh, PA",unstated,ai_product,mba_unknown,https://careers.duolingo.com/jobs/8722385002?gh_jid=8722385002,open
739d4314ba524721595084f390123ca8476f0b9c589b259fedf1d100ede685d5,Coinbase,Chief of Staff,Remote - USA,unstated,ai_product,mba_unknown,https://www.coinbase.com/careers/positions/8131316?gh_jid=8131316,open
ba9d567d166f6c0a6d96b4222e93bdd1b25347860349da9d44c2431afa4d0913,Coinbase,Senior Talent Program Manager,Remote - USA,unstated,other_mba_tech,mba_unknown,https://www.coinbase.com/careers/positions/8126484?gh_jid=8126484,open
76c2f7cb1fd0effd8551b1b55b64669e59e15fb7ae27655f8c59404641a5f9ca,Coinbase,"Senior Software Engineer, Simple Trade Experience",Remote - USA,unstated,ai_product,mba_unknown,https://www.coinbase.com/careers/positions/8103569?gh_jid=8103569,open
01a09e0ae8c255541843b8e8efa9775333994ea1b611760c1c2bf51e203dcdb9,Figma,"Field Marketing Manager, Third Party & Partner Events","San Francisco, CA • New York, NY • United States",unstated,ai_product,mba_unknown,https://boards.greenhouse.io/figma/jobs/6141213004?gh_jid=6141213004,open
128c09ad8299a00a6412ab82f1e4bf40105184663b7448c79943bbe88eaec4de,Attentive,"Senior Software Engineer, Identity",United States,unstated,other_mba_tech,mba_unknown,https://job-boards.greenhouse.io/attentive/jobs/4120606009,open
d646ee28f86d538eba76d718ac648174c45cc30cb48edb741551e52ac4b74722,Duolingo,Technical Sourcer,"New York, NY",unstated,other_mba_tech,mba_unknown,https://careers.duolingo.com/jobs/8707700002?gh_jid=8707700002,open
195084b19ab7f08aeae5ebbff20448030c1c19547c94e2feb82f8cd5856e87ad,Duolingo,Technical Recruiter,"Pittsburgh, PA",unstated,other_mba_tech,mba_unknown,https://careers.duolingo.com/jobs/8708178002?gh_jid=8708178002,open
799a34936f72e51394b04071fbca1cb77be54f8491e6d61c74fe39d0345dc732,Coinbase,Litigation Paralegal,Remote - USA,unstated,other_mba_tech,mba_unknown,https://www.coinbase.com/careers/positions/8030591?gh_jid=8030591,open
d3fe3557707b3e3954f064c01ddff3a4a3c3931908f6866482ccdd644ef94bbf,Figma,"Brand Designer,  Product Launches","San Francisco, CA • New York, NY • United States",unstated,ai_product,mba_unknown,https://boards.greenhouse.io/figma/jobs/6131079004?gh_jid=6131079004,open
9767547eda96220dd61625f22c07d0e998487db2d42b8fb31e291b1270f62854,Brex,"Staff Software Engineer, Product Data Platform","Seattle, Washington, United States",unstated,ai_product,mba_unknown,https://www.brex.com/careers/8430197002?gh_jid=8430197002,open
ae39bf0982a90c688ff08b7c7f81f6545d1fc570c3a24e3c2d5ee700c6f68467,Brex,"Staff Software Engineer, Product Data Platform","San Francisco, California, United States",unstated,ai_product,mba_unknown,https://www.brex.com/careers/8430182002?gh_jid=8430182002,open
1805aa755ab620a6425b57dd692d252ae68c62af6759763c60bb44bf04c38a76,Affirm,"Staff Software Engineer, Mobile (App Infrastructure)",Remote US,unstated,ai_product,mba_unknown,https://job-boards.greenhouse.io/affirm/jobs/7829427003,open
4d6f50a9ed23c2a2223db57b15251f0ccbaab800665d58a6996f3efe5a2c5c39,Brex,"Director, Revenue Operations","New York, New York, United States",unstated,other_mba_tech,mba_unknown,https://www.brex.com/careers/8716945002?gh_jid=8716945002,open
348d7cfc506aff708cff1b3b22a288dc4af0901e85d6459a3fdcd2ad3ab72d0a,Brex,"Director, Revenue Operations","San Francisco, California, United States",unstated,other_mba_tech,mba_unknown,https://www.brex.com/careers/8716927002?gh_jid=8716927002,open
5bdb802d7e77169ba827e59f0c820d39f978569d7d9d5c0b41cd3c342d02fe78,Affirm,Senior Analyst,Remote US,unstated,ai_product,mba_unknown,https://job-boards.greenhouse.io/affirm/jobs/7804953003,open
75dbffa9407e0c9d24d5682b50e191210a66a94b515f5bb31649fd1be3de7e90,Affirm,Analyst,Remote US,unstated,ai_product,mba_unknown,https://job-boards.greenhouse.io/affirm/jobs/7808667003,open
5226af0532ffcbe7363962b20ba95ac162774a062c060073aea19326cbf19b8c,Figma,"Product Designer, Design Systems","San Francisco, CA • New York, NY • United States",unstated,ai_product,mba_unknown,https://boards.greenhouse.io/figma/jobs/5787576004?gh_jid=5787576004,open
d5f2ac56ed0e801e333702e6a95793c92fef96fe02fc0f388855d88601490450,ZoomInfo,SMB New Business Account Executive,"Bethesda, Maryland, United States; Vancouver, Washington, United States; Waltham, Massachusetts, United States",unstated,ai_product,mba_unknown,https://www.zoominfo.com/careers?gh_jid=8589855002,open
8162af3ef84a7a648b2213d2b2b3ab54474ed1eb014c3bec8bc3ef1fa8a94f11,ZoomInfo,Principal Software Engineer - Data,"Bethesda, Maryland, United States; Remote-US-CA; Remote-US-NY; Toronto, Ontario, Canada; Waltham, Massachusetts, United States",unstated,ai_product,mba_unknown,https://www.zoominfo.com/careers?gh_jid=8486808002,open
4353753af91b67d8199d59e10e3a45f19e91149e8c0d6d333514fe9e09433f9c,ZoomInfo,Future Account Manager Opportunities,"Bethesda, Maryland, United States; Vancouver, Washington, United States; Waltham, Massachusetts, United States",unstated,other_mba_tech,mba_unknown,https://www.zoominfo.com/careers?gh_jid=8424956002,open
3418dfd59a37a65d71d4f7ad515f85b0c0da4444ddbc130312599f085cc058dc,ZoomInfo,Principal Product Marketing Manager - Platform,"Waltham, Massachusetts, United States",unstated,ai_product,mba_unknown,https://www.zoominfo.com/careers?gh_jid=8623070002,open
0f0df6c5fbe2a077cd13c5e40d14ddda2de17bf789cc2a8b433555209ec0fb93,ZoomInfo,Future Account Executive Opportunities,"Bethesda, Maryland, United States; Vancouver, Washington, United States; Waltham, Massachusetts, United States",unstated,other_mba_tech,mba_unknown,https://www.zoominfo.com/careers?gh_jid=8424944002,open
081ec1a79cafa3fea9f3dfb4297e5f96f6bc2ab293da8c78e626b085eb95fce7,Figma,"Manager, Design - Systems & Infrastructure","San Francisco, CA • New York, NY • United States",unstated,ai_product,mba_unknown,https://boards.greenhouse.io/figma/jobs/6135656004?gh_jid=6135656004,open
0a45a42740dd95a998685daf3922a089b4e54dfb7ffb93882f371955255d72ac,Affirm,"Lead, Technical Account Management (SMB Merchants) ",Remote US,unstated,product,mba_unknown,https://job-boards.greenhouse.io/affirm/jobs/7849657003,open
827147f0a99382c494db68ffcfe2938b5385bc444aa3c520e9b01c3f6aadb666,Affirm,Staff CIAM Software Engineer,Remote US,unstated,ai_product,mba_unknown,https://job-boards.greenhouse.io/affirm/jobs/7819449003,open
e7b814e02313827554d488f99154d1b4f5ec8dd2aed4a2c1c4d28537d0e9a76d,Coinbase,Senior Software Engineer - Frontend - Coinbase Card team,Remote - USA,unstated,ai_product,mba_unknown,https://www.coinbase.com/careers/positions/8088201?gh_jid=8088201,open
b13b883b6cc18dae83e1054ddb6d398201284d9f63bf7c894d0b200f39a4856f,Figma,Executive Recruiter,"San Francisco, CA • New York, NY • United States",unstated,ai_product,mba_unknown,https://boards.greenhouse.io/figma/jobs/6141591004?gh_jid=6141591004,open
3ddcc0e2920a9a6972ef40536a8e1a30ab398299f22b2bb5e14b75af886d3e75,Coinbase,"Senior Associate, Business Development",Remote - USA,unstated,ai_product,mba_unknown,https://www.coinbase.com/careers/positions/8070386?gh_jid=8070386,open
c2de6774e0d5d13f8547ae7afe77b63ac16a9ae15df19c6a53dd62246cd77f07,Nextdoor,Senior Software Engineer - Backend,"San Francisco, CA",unstated,ai_product,mba_unknown,https://about.nextdoor.com/careers-list/?gh_jid=2080930,open
9e9f173229df0f0be743978aa45114ea90101100577b0afa1106604ffdb520d8,Nextdoor,Senior Software Engineer - Backend,US Remote,unstated,ai_product,mba_unknown,https://about.nextdoor.com/careers-list/?gh_jid=4980947,open
575a658b9b8d706374e39f9d6dc81fb1ba21412aebb1d55f436f07864d0c11c4,Nextdoor,Didn't See What You Are Looking For? ,"San Francisco, CA",unstated,other_mba_tech,mba_unknown,https://about.nextdoor.com/careers-list/?gh_jid=2345415,open
f75d9d14b5a09a6bc53f414391515a72f64afdbee2ac2cb32959120b7a3cc476,Affirm,"Senior Software Engineer, Backend (Lake Analytics Platform) ",Remote US,unstated,other_mba_tech,mba_unknown,https://job-boards.greenhouse.io/affirm/jobs/7799631003,open
ecc213b59d299794d1bcf1d971480acd482d0b9274054dd735a3f962b88ff9c5,Affirm,"Senior Product Manager, 1: Many Merchant Growth",Remote US,unstated,product,mba_unknown,https://job-boards.greenhouse.io/affirm/jobs/7818068003,open
e6b31395bdc319d893381ddf2e4ae88de18348d4c870a33da2bbbfe44b4263b4,Affirm,"Staff Software Engineer, Backend (Capacity Modeling)",Remote US,unstated,product,mba_unknown,https://job-boards.greenhouse.io/affirm/jobs/7719647003,open
daf077583e747d3b69a55698d85a1cd71f94a76c2363306e104a4b0bce33d203,Affirm,"Senior Software Engineer, Fullstack (Consumer Engineering)",Remote US,unstated,product,mba_unknown,https://job-boards.greenhouse.io/affirm/jobs/7663434003,open
d31b65143c278a2ff41f3ffbd4f6a617c76b3dff80917e5a796f41ab49f3ed09,Affirm,"Software Engineer II, Backend (Test Infra)",Remote US,unstated,other_mba_tech,mba_unknown,https://job-boards.greenhouse.io/affirm/jobs/7727320003,open
c80976c8cfd8d7effe96cebc83d127a1ed17e2506ae904e88e1bcd0cc70404d9,Affirm,Machine Learning Engineer II (Underwriting ML),Remote US,unstated,ai_product,mba_unknown,https://job-boards.greenhouse.io/affirm/jobs/7822387003,open
bdc1e0e94485a3d64da896100f4f1936c7c7764df78e023d0e2dba49ae21a16e,Affirm,"Staff Software Engineer, Backend (Ledger Engineering)",Remote US,unstated,product,mba_unknown,https://job-boards.greenhouse.io/affirm/jobs/7800317003,open
b7c61c920bbf6eb27aca27d28093fe9b6dfbb90c0ef9989aaaf6aa44ae5769e1,Affirm,"Senior Software Engineer, Backend (Batch Infrastructure)",Remote US,unstated,ai_product,mba_unknown,https://job-boards.greenhouse.io/affirm/jobs/7785812003,open
a834151a376ab0ad5f9a086121270035184073f30587770112a84947fb4f39f5,Affirm,"Chief of Staff Director, Product",Remote US,unstated,ai_product,mba_unknown,https://job-boards.greenhouse.io/affirm/jobs/7808142003,open
a7e8148d79e5eb065c7f080bb990441043af6e508345c01e172d3cd9cb2285bb,Affirm,Operations Enablement Manager,Remote US,unstated,ai_product,mba_unknown,https://job-boards.greenhouse.io/affirm/jobs/7814650003,open
85369da34e78dda350da4d33cab60e47ff5e372ff98d8c2b83f855b776433ca0,Affirm,Security Risk Management Lead,Remote US,unstated,other_mba_tech,mba_unknown,https://job-boards.greenhouse.io/affirm/jobs/7718808003,open
7e59c13c8446eaed086e52b134f4663333320d50804585c5f939200771a31c53,Affirm,"Senior Manager, Affirm Bank Accounting (Controller)",Remote US,unstated,other_mba_tech,mba_unknown,https://job-boards.greenhouse.io/affirm/jobs/7812986003,open
75eac3ec5e2375077fdca419917ac6433aabf3e3df3ee7479f31eaf875144630,Affirm,"Senior Software Engineer, Backend (PBA - Growth)",Remote US,unstated,product,mba_unknown,https://job-boards.greenhouse.io/affirm/jobs/7808384003,open
4db07cdbc738af500371769b8542f361f7c9b346c4eb36a124d8dfe4e6877a63,Affirm,"Staff Product Manager, Affirm Bank",Remote US,unstated,ai_product,mba_unknown,https://job-boards.greenhouse.io/affirm/jobs/7694938003,open
3f9b2a0377fd3b6f4fb0301dd1bffedd8ee22f82966e76608064ce84549762aa,Affirm,"Quantitative Analytics Manager, Affirm Bank Model Governance",Remote US,unstated,other_mba_tech,mba_unknown,https://job-boards.greenhouse.io/affirm/jobs/7819441003,open
33a620d5f48c414a2c36a6962532a5b62a3f8aec82a27cf83fb5aa89f68ebf78,Affirm,"Staff Software Engineer, Backend (Online Storage) ",Remote US,unstated,product,mba_unknown,https://job-boards.greenhouse.io/affirm/jobs/7833950003,open
2cec4e6fc3fc840d241fbb2653bc24971fa104690cd6c96f20161613c15f8278,Affirm,"Staff Software Engineer, Backend (Order Platform)   ",Remote US,unstated,product,mba_unknown,https://job-boards.greenhouse.io/affirm/jobs/7819704003,open
2156b9c9800d17af3bfd36c52e61f60523aebe0d9c49be3641053ad42596dfa0,Affirm,Senior CIAM Software Engineer,Remote US,unstated,ai_product,mba_unknown,https://job-boards.greenhouse.io/affirm/jobs/7671388003,open
16a650fa03812c6023e0f3198bb9a382820e7c91dd269b8cb47e959e7563d798,Affirm,"Model Risk Management Lead, Machine Learning",Remote US,unstated,other_mba_tech,mba_unknown,https://job-boards.greenhouse.io/affirm/jobs/7775353003,open
1050a9b68403589dae82a0b8efc54cb4b519f77f7f8b6cfa3cf27089976c50ae,Affirm,"Director, Product Management (Shopping & Offers)",Remote US,unstated,ai_product,mba_unknown,https://job-boards.greenhouse.io/affirm/jobs/7780490003,open
103d5d6f7fb9d2143c4e0cb408bfb02872cd7ea517ea0a4504f301480435c022,Affirm,"Senior Software Engineer, Backend (Reliability Platform)",Remote US,unstated,ai_product,mba_unknown,https://job-boards.greenhouse.io/affirm/jobs/7820306003,open
03f4a82c4bf6e88f690bd95d0db3de68ea3fd7976fef5f60a596e98650b22828,Affirm,Staff Software Engineer (Continuous Integration),Remote US,unstated,ai_product,mba_unknown,https://job-boards.greenhouse.io/affirm/jobs/7749580003,open
c9f253bf42638dc59d7cfec5618a75e13c3c67b69b5094db3241487687c32010,StockX,Category Manager - Trading Cards,"Remote, USA",unstated,ai_product,mba_unknown,https://job-boards.greenhouse.io/stockx/jobs/8433854002,open
ef3e409fd938af2898b821c10be88f0041040c722c6835b2f6cc4d16a2ce205f,StockX,Category Manager - Apparel,"Detroit, MI",unstated,ai_product,mba_unknown,https://job-boards.greenhouse.io/stockx/jobs/8400380002,open
6336e11d0a176706c0a6fde018ea8cfb87a87f5733416e4d2b3169b7c2eed097,Figma,Software Engineer - Mobile Web,"San Francisco, CA • New York, NY • United States",unstated,ai_product,mba_unknown,https://boards.greenhouse.io/figma/jobs/6100023004?gh_jid=6100023004,open
c795bde001f8db37e3f4cf3e2acfdedb760c946141e385d7923874fe5a0601f6,Figma,Software Engineer - Machine Learning,"San Francisco, CA • New York, NY • United States",unstated,ai_product,mba_unknown,https://boards.greenhouse.io/figma/jobs/5551532004?gh_jid=5551532004,open
67ba719b3e58265cdf1416414f714150adbda42dd6a1cb20e787fa37ca3944b1,Figma,Software Engineer - Distributed Systems,"San Francisco, CA • New York, NY • United States",unstated,ai_product,mba_unknown,https://boards.greenhouse.io/figma/jobs/5552549004?gh_jid=5552549004,open
405306859e34afc272f0b1cc00e8fadd89296142c553386910fcba78de18a571,Figma,Software Engineer - Growth & Monetization,"San Francisco, CA • New York, NY • United States",unstated,ai_product,mba_unknown,https://boards.greenhouse.io/figma/jobs/5552560004?gh_jid=5552560004,open
9128896f45452b69ef23aa7a1d7c9c519be895e5724e0194a2c7574c29cf1091,Figma,Software Engineer - Developer Experience,"San Francisco, CA • New York, NY • United States",unstated,ai_product,mba_unknown,https://boards.greenhouse.io/figma/jobs/5790627004?gh_jid=5790627004,open
cfdf6c36be281365586b443273b036f69ff6455b12f5be637cd62a3b335c7767,Figma,Software Engineer - Data Infrastructure,"San Francisco, CA • New York, NY • United States",unstated,ai_product,mba_unknown,https://boards.greenhouse.io/figma/jobs/5551686004?gh_jid=5551686004,open
00f1b16b4da46aa8427a2a4925041bdde3f05cdefc8c4496d40986ca1175752d,Figma,Software Engineer - C++,"San Francisco, CA • New York, NY • United States",unstated,ai_product,mba_unknown,https://boards.greenhouse.io/figma/jobs/5552530004?gh_jid=5552530004,open
80cc0626a111cb9cdfb4feec7f88bf7716df91f05e5ccfa6beedbb610501e6f5,Figma,Software Engineer - AI Platforms,"San Francisco, CA • New York, NY • United States",unstated,ai_product,mba_unknown,https://boards.greenhouse.io/figma/jobs/5691886004?gh_jid=5691886004,open
2e259be27bf6dee2d8b0b594dd2a8edc7eac142939d47b5462f004bb62492534,Attentive,Support Engineer,United States,unstated,ai_product,mba_unknown,https://job-boards.greenhouse.io/attentive/jobs/4324314009,open
a880724ad590921834250b8c5c7b3f8bc26aecbcf467d75d6fbb993c4784794b,StockX,Seasonal Sneaker Verification Expert,"West Caldwell, NJ",unstated,other_mba_tech,mba_unknown,https://job-boards.greenhouse.io/stockx/jobs/8587993002,open
44fce1514b57caecc996c5931e90ca648bd8f1ad2d73e47ed52e2657569a933a,Figma,"Product Manager, Developer Platform","San Francisco, CA • New York, NY • United States",unstated,ai_product,mba_unknown,https://boards.greenhouse.io/figma/jobs/6100482004?gh_jid=6100482004,open
32a93c94668ec5924fffa850bc8368a727e2d05a77c1e43742334905e17f6bf9,Coinbase,"Senior Product Designer, Coinbase One",Remote - USA,unstated,ai_product,mba_unknown,https://www.coinbase.com/careers/positions/8114474?gh_jid=8114474,open
82ddf1744988309717642238160c396a03148dc622ad7f561e4677fcbe1f5854,Faire,Staff Engineer - Experimentation Platform,"San Francisco, CA",unstated,ai_product,mba_unknown,https://boards.greenhouse.io/faire/jobs/8691384002?gh_jid=8691384002,open
4842ee4dabd9f31d9ce1ffdf0f836166c5e71df43626cdf08aa8fe3bc825df33,Coinbase,"Senior Software Engineer, Data Engineering Platform",Remote - USA,unstated,other_mba_tech,mba_unknown,https://www.coinbase.com/careers/positions/8082199?gh_jid=8082199,open
b6f68e32e92a282ac4ff8ccb51650e3f04dba63fd6444c77430465dfa0080773,Coinbase,"Senior Manager Product Operations, FCM Ops",Remote - USA,unstated,ai_product,mba_unknown,https://www.coinbase.com/careers/positions/8110496?gh_jid=8110496,open
a27050ede7f0246c8479de4f66e0ee36891fb232483923814fd2f14bce2f7e47,Figma,Business Operations,"San Francisco, CA • New York, NY • United States",unstated,ai_product,mba_unknown,https://boards.greenhouse.io/figma/jobs/6119180004?gh_jid=6119180004,open
6cfb8f032f97d6ebdfcc10d2a18543ac86c0f103be16e8149107e20fda0921a0,Apple,MBA Internships,United States of America,unstated,other_mba_tech,mba_required,https://jobs.apple.com/en-us/details/200676091/mba-internships,open
1fdf737d0252da66b20e1de001523daf75d20b6aa935b810212927a786f2f972,Figma,"Manager, HRIS","San Francisco, CA • New York, NY • United States",unstated,ai_product,mba_unknown,https://boards.greenhouse.io/figma/jobs/6132269004?gh_jid=6132269004,open
4e39b2685dcd8a6354b577f6d4c384b0bbf4b8d43f86b75ebc3986c89017c870,Figma,"Executive Assistant, People","San Francisco, CA",unstated,ai_product,mba_unknown,https://boards.greenhouse.io/figma/jobs/5969046004?gh_jid=5969046004,open
68b0850529d8efdecbf463b399cc0f01fe659ffe95c8dd0044e35dcb0e7fe528,Figma,"Product Designer, CMS","San Francisco, CA • New York, NY • United States",unstated,ai_product,mba_unknown,https://boards.greenhouse.io/figma/jobs/6126976004?gh_jid=6126976004,open
b7b04b1d2ea6e2cc1e7d806301d974c1aa8d471f481190a4a973d7f46812c15b,Coinbase,"Senior Software Engineer, Backend - Platform (Tokens & Wrapped Assets)",Remote - USA,unstated,other_mba_tech,mba_unknown,https://www.coinbase.com/careers/positions/8095252?gh_jid=8095252,open
3983e8fe47110f847dad5b22fe204fc9af8ab21e24305908a81fa4c48f133d5e,Figma,"Executive Assistant, Chief People Officer","San Francisco, CA",unstated,ai_product,mba_unknown,https://boards.greenhouse.io/figma/jobs/6132356004?gh_jid=6132356004,open
7a8d5f74f6cdaf2447cff3badf41ff9c4b9ab9effcaf4658df7472f9eeb40a4d,Figma,"Director, Data Science","San Francisco, CA • New York, NY • United States",unstated,ai_product,mba_unknown,https://boards.greenhouse.io/figma/jobs/6130865004?gh_jid=6130865004,open
b7d49985971ade2aa178d78bb9e7b72c7acc95a8d34e5ea969e70a040a7fca7c,Faire,Senior Applied ML/AI Scientist - Search,"New York City, NY; San Francisco, CA",unstated,ai_product,mba_unknown,https://boards.greenhouse.io/faire/jobs/8660923002?gh_jid=8660923002,open
65f593408b5f6d812c38024530b6e2bc74e61f3e26d718cc591c65849fb7c319,Betterment,Sr. Accountant,Betterment HQ - New York City,unstated,other_mba_tech,mba_unknown,https://www.betterment.com/careers/current-openings/job?gh_jid=8094734&gh_jid=8094734,open
df25f45be0266b83b951e2349914608801f8f7e4d73bdd21139ddcb00fec5697,Brex,"Staff Product Manager, Expenses","New York, New York, United States",unstated,ai_product,mba_unknown,https://www.brex.com/careers/8659242002?gh_jid=8659242002,open
b0e2206b2889f490f835356c11bfcd5b972026e30c9756111b7167c6785b74d3,Brex,"Staff Product Manager, Expenses","Seattle, Washington, United States",unstated,ai_product,mba_unknown,https://www.brex.com/careers/8659241002?gh_jid=8659241002,open
a43a94d16e7c24bcde88698c8e467fa3e0c2e198c6ef1742e8af43c0adf937b4,Brex,"Staff Product Manager, Expenses","San Francisco, California, United States",unstated,ai_product,mba_unknown,https://www.brex.com/careers/8659239002?gh_jid=8659239002,open
d8201e311850c4d4e47a837a3e75135df1aba3ab64cbe10faa4a76d10e4aa4b2,Brex,"Staff Product Manager,  Embedded","New York, New York, United States",unstated,ai_product,mba_unknown,https://www.brex.com/careers/8659211002?gh_jid=8659211002,open
16a998c2bb44ca15e29fba6bb81ff9fb29f8f65bf6697a0d8b2e8c98f7217d44,Brex,"Staff Product Manager, Embedded","Seattle, Washington, United States",unstated,ai_product,mba_unknown,https://www.brex.com/careers/8659210002?gh_jid=8659210002,open
dd7d3fabfcbb6ec47dc8535c44fc350a60470b6cc3c88a2a05a2cac2cc857117,Brex,"Staff Product Manager, Embedded","San Francisco, California, United States",unstated,ai_product,mba_unknown,https://www.brex.com/careers/8659204002?gh_jid=8659204002,open
ea471d1a5227e90d0ae1fe84b70ee3438984e34bd30262b8789706d4ccf2c3f7,Brex,"Staff Product Manager, Card","New York, New York, United States",unstated,ai_product,mba_unknown,https://www.brex.com/careers/8659237002?gh_jid=8659237002,open
70885fcefe2eeaf703d4ddf7be28e2b48cb220cb3e94920dec6416c12443b50e,Brex,"Staff Product Manager, Card","Seattle, Washington, United States",unstated,ai_product,mba_unknown,https://www.brex.com/careers/8659221002?gh_jid=8659221002,open
3295afd05b2598c6cd333fa27db545ed35785791d61d12a66bda7fe9c2f653ba,Brex,"Senior Product Manager, Travel","New York, New York, United States",unstated,ai_product,mba_unknown,https://www.brex.com/careers/8659251002?gh_jid=8659251002,open
6e2977bf3aaa79817f97279d9f5e6cd0071d1ccedd0677131faa13ecdf389e2b,Brex,"Senior Product Manager, Travel","Seattle, Washington, United States",unstated,ai_product,mba_unknown,https://www.brex.com/careers/8659250002?gh_jid=8659250002,open
62b18cd8f6ab2f11628e011c04336e0d48e4f64b1de1741a6e52f2138452239e,Brex,"Senior Product Manager, Travel","San Francisco, California, United States",unstated,ai_product,mba_unknown,https://www.brex.com/careers/8659249002?gh_jid=8659249002,open
f7ad16a9ec2c37ea4f03fb6f278183e4bd2792189240f6a98f237a0a2a32cd1a,Brex,"Staff Product Manager, Card","San Francisco, California, United States",unstated,ai_product,mba_unknown,https://www.brex.com/careers/8659220002?gh_jid=8659220002,open
09bdc7954d67fd3434f7060836497987ad376b099d0ed1bdfc845043ba7ca062,Brex,Product Marketing Lead,"San Francisco, California, United States",unstated,ai_product,mba_unknown,https://www.brex.com/careers/8402259002?gh_jid=8402259002,open
51eb67b3fa3f81238d05fc2dfe44d1870e91bc35bc18cab70f8959695664f499,Brex,"Senior Software Engineer, Release Infra ","New York, New York, United States",unstated,ai_product,mba_unknown,https://www.brex.com/careers/8617115002?gh_jid=8617115002,open
2607c729c87854ca70de0c443fd185fc431de7d91c5dd5a6496937fab6a27227,Brex,"Senior Software Engineer, Release Infra ","San Francisco, California, United States",unstated,ai_product,mba_unknown,https://www.brex.com/careers/8617113002?gh_jid=8617113002,open
f76df1f11986b60d53baa8750cb7fc5332db5fac798a4506a1053c8b530223d0,Duolingo,Corporate Counsel,"Pittsburgh, PA",unstated,other_mba_tech,mba_unknown,https://careers.duolingo.com/jobs/8576434002?gh_jid=8576434002,open
33076a7d5b87c8b05c426f885019841bda5a8c5c71af4ee375094916aaad01c4,Figma,"Events Manager - Figma Weave (New York, United States)","New York, NY",unstated,ai_product,mba_unknown,https://boards.greenhouse.io/figma/jobs/6126728004?gh_jid=6126728004,open
e07776fbba2fdaff7695d42d431dad54d04cc74d3aa0cd1e3ebad7f90c59a384,Faire,Senior Applied ML/AI Scientist - Search,"New York City, NY; San Francisco, CA",unstated,ai_product,mba_unknown,https://boards.greenhouse.io/faire/jobs/8618124002?gh_jid=8618124002,open
8395a6a489246fdbbfaeebce22098fbc50a9edf9c47665dee74bbe202d3c574a,Faire,Senior Applied AI/ML Scientist - Retailer,"San Francisco, CA",unstated,ai_product,mba_unknown,https://boards.greenhouse.io/faire/jobs/7953217002?gh_jid=7953217002,open
cb41620417176e2a202b4e566e2ce81993d246f793945fc2775bd58efac54ec8,Faire,Senior Applied AI/ML Scientist - Compass ,"New York City, NY; San Francisco, CA",unstated,ai_product,mba_unknown,https://boards.greenhouse.io/faire/jobs/8610263002?gh_jid=8610263002,open
1713baea0c2c1ec0044d2a968e8b7d88630c039a2e1835f91499b9ddffcfbbe8,Faire,"Strategic Finance Lead, Value","New York City, NY; San Francisco, CA",unstated,ai_product,mba_unknown,https://boards.greenhouse.io/faire/jobs/8649510002?gh_jid=8649510002,open
4a83cbba294c9b23fe264305a957c3c10c463d50ee25f35975143897e9876b05,Brex,"Enterprise Account Executive, Embedded Finance","New York, New York, United States",unstated,ai_product,mba_unknown,https://www.brex.com/careers/8502529002?gh_jid=8502529002,open
8b7550dcc84d02f4bb4868a13aa8722379e438762778d4eb1c76d062a4bd7e8d,Coinbase,Payments Risk Analyst II,Remote - USA,unstated,ai_product,mba_unknown,https://www.coinbase.com/careers/positions/7984814?gh_jid=7984814,open
d00f03cb3c59a6c8e5da33e393d4b4b6061f61da5c158e2f956012ddf0db8162,Duolingo,Head of Talent Management Programs and PMO,"Pittsburgh, PA",unstated,ai_product,mba_unknown,https://careers.duolingo.com/jobs/8590178002?gh_jid=8590178002,open
f2e1f8aeca5bd47afa89971629121661b67d172a66ce706330c92c7110d53d8c,Brex,"Staff Software Engineer, Banking","Seattle, Washington, United States",unstated,ai_product,mba_unknown,https://www.brex.com/careers/8618076002?gh_jid=8618076002,open
0b1a1f377fe89fe7e094e8f8251902a9bf9064ccb6ec293815bf8c001f6e76d6,Brex,"Staff Software Engineer, Banking","New York, New York, United States",unstated,ai_product,mba_unknown,https://www.brex.com/careers/8618069002?gh_jid=8618069002,open
6aa93aa9de8c835a7ca0b3480f74569dc9e244cad732ffadf462bff87c9e911b,Brex,"Staff Software Engineer, Banking","San Francisco, California, United States",unstated,ai_product,mba_unknown,https://www.brex.com/careers/8612473002?gh_jid=8612473002,open
ec99725aee370437c01a67a275a5937c9e3487db52990233c009f8061073124c,Figma,"Product Manager, Acquisition","San Francisco, CA • New York, NY • United States",unstated,ai_product,mba_unknown,https://boards.greenhouse.io/figma/jobs/6119781004?gh_jid=6119781004,open
0c795290b010fbe863dd5ba728f08888c078ba0cb483d508fbf83883ba73e40c,Figma,Senior Accountant,"San Francisco, CA • New York, NY • United States",unstated,ai_product,mba_unknown,https://boards.greenhouse.io/figma/jobs/6119198004?gh_jid=6119198004,open
f6d647cc6c3c0b8b3bf2e9db49fbd096c6b164afc77dae772e4cd82d31376c51,Figma,"Manager, Software Engineering - Interaction Design","San Francisco, CA • New York, NY • United States",unstated,ai_product,mba_unknown,https://boards.greenhouse.io/figma/jobs/5778796004?gh_jid=5778796004,open
f468d1c69ce4482be8b153f8d6e1dcd5d3fddaf80c58a9445624c960b1a45cd4,Figma,AI Applied Scientist,"San Francisco, CA • New York, NY • United States",unstated,ai_product,mba_unknown,https://boards.greenhouse.io/figma/jobs/5707966004?gh_jid=5707966004,open
ea9694c187e9d4ffeabc1aad5ccf88d69d916588d8940d016577f9382e892911,Figma,"Director, Technical Revenue Accounting","San Francisco, CA • New York, NY • United States",unstated,ai_product,mba_unknown,https://boards.greenhouse.io/figma/jobs/5835172004?gh_jid=5835172004,open
e05f7d41661017aeaa14b19c81af3cdff41d0817e4e9d0f7c7fae675ccb2c4bb,Figma,"Manager, Software Engineering - DevEx AI Tools","San Francisco, CA • New York, NY • United States",unstated,ai_product,mba_unknown,https://boards.greenhouse.io/figma/jobs/6008752004?gh_jid=6008752004,open
d7f3c623e41e137e60ff490fcfa5f0614f2241718f70605312374713b7388662,Figma,"Manager, Security Operations","San Francisco, CA • New York, NY • United States",unstated,ai_product,mba_unknown,https://boards.greenhouse.io/figma/jobs/6015609004?gh_jid=6015609004,open
d6acceaa077170f09cfc2801840ac41645d356722cb808109da42bd67bb45335,Figma,"Director, Business Operations","San Francisco, CA • New York, NY • United States",unstated,ai_product,mba_unknown,https://boards.greenhouse.io/figma/jobs/6092343004?gh_jid=6092343004,open
d1e17fd9137079e2994035165fb3866e308f1876e97f26248254534f4f9703e3,Figma,Marketing Engineer,"San Francisco, CA • New York, NY • United States",unstated,ai_product,mba_unknown,https://boards.greenhouse.io/figma/jobs/6013495004?gh_jid=6013495004,open
cd4fb22c98c7e484ec8efa515b783868a745a4ae26b5dabc82a1d9163f9e13ec,Figma,"Manager, Enterprise Sales","San Francisco, CA • New York, NY • United States",unstated,ai_product,mba_unknown,https://boards.greenhouse.io/figma/jobs/5996930004?gh_jid=5996930004,open
bd8258ebc31de9217c2c19602ff44fe5e0fbf181619554cc7efdc26a3a6a4397,Figma,Solutions Consultant,"San Francisco, CA • New York, NY • United States",unstated,ai_product,mba_unknown,https://boards.greenhouse.io/figma/jobs/5783377004?gh_jid=5783377004,open
b0e85bc25f21f1b53373e8f934f6951d36a4db175bfe184a11b354bea62bf3bf,Figma,"Account Executive, Strategic","San Francisco, CA • New York, NY • United States",unstated,ai_product,mba_unknown,https://boards.greenhouse.io/figma/jobs/5558737004?gh_jid=5558737004,open
ae907238ead139697a5ddc6d62711bb455273099dbb3baa3e12a7087d71da509,Figma,"Product Designer, Design, Dev, & AI Tools","San Francisco, CA • New York, NY • United States",unstated,ai_product,mba_unknown,https://boards.greenhouse.io/figma/jobs/5711468004?gh_jid=5711468004,open
a727abc6e14347b49a2b80a4d9ebce0ba35fa553ac5bce6f97f2fa0179d9fb93,Figma,Senior Product Counsel,"San Francisco, CA • New York, NY • United States",unstated,ai_product,mba_unknown,https://boards.greenhouse.io/figma/jobs/6104505004?gh_jid=6104505004,open
9eb03d837a3202585086818c009bfa73d17c6b5a0d2a83fd200537bf13908bfc,Figma,"Senior Account Executive, SMB","San Francisco, CA • New York, NY • United States",unstated,ai_product,mba_unknown,https://boards.greenhouse.io/figma/jobs/5565447004?gh_jid=5565447004,open
913aba0ef5c58512b982b42d61f49acedd86c324cf1afa724238387c33e660bd,Figma,"Manager, Strategic Sales","San Francisco, CA • New York, NY",unstated,ai_product,mba_unknown,https://boards.greenhouse.io/figma/jobs/5620034004?gh_jid=5620034004,open
788ec11832be910ef90da0b1b1bdd91aec8f62ef4343b8895378b5aac71a1a3b,Figma,"Account Executive, Enterprise","San Francisco, CA • New York, NY • United States",unstated,ai_product,mba_unknown,https://boards.greenhouse.io/figma/jobs/5426468004?gh_jid=5426468004,open
64f4296eb90e8cb5f421a4d9861b30b9408063d4b3dabf00b03b2ba014f6e42f,Figma,Technical Quality Specialist ,"San Francisco, CA • New York, NY • United States",unstated,ai_product,mba_unknown,https://boards.greenhouse.io/figma/jobs/6111625004?gh_jid=6111625004,open
629b13526665d3a80ad0749e4622c25a5212e123dd59dedc6d532ab221a5c357,Figma,"Product Designer, Growth & Monetization","San Francisco, CA • New York, NY • United States",unstated,ai_product,mba_unknown,https://boards.greenhouse.io/figma/jobs/5711595004?gh_jid=5711595004,open
5f2050ad3ab8f53bd088ec968bb829d1a12521512a76ace495b0da40230fb87c,Figma,Voice of the Customer Program Manager,"San Francisco, CA • New York, NY • United States",unstated,ai_product,mba_unknown,https://boards.greenhouse.io/figma/jobs/6008343004?gh_jid=6008343004,open
5cbcf1d8464ea079973fccd2db0c3e8be730b1f6d961795c1f5beea362323578,Figma,"Manager, Software Engineering - Billing","San Francisco, CA • New York, NY • United States",unstated,ai_product,mba_unknown,https://boards.greenhouse.io/figma/jobs/5722244004?gh_jid=5722244004,open
5af5cd5d2ee19ce9966af5a8f5f13f22a200128943dcde1f53a4e62d43d9d78f,Figma,"Account Executive, SMB ","San Francisco, CA • New York, NY",unstated,ai_product,mba_unknown,https://boards.greenhouse.io/figma/jobs/5694259004?gh_jid=5694259004,open
593da7adc8eef6066f4e1c172e40c86e2622b38fd508c6f5740b17b6e2006257,Figma,"Manager, Distribution Partnerships","San Francisco, CA • New York, NY • United States",unstated,ai_product,mba_unknown,https://boards.greenhouse.io/figma/jobs/6118332004?gh_jid=6118332004,open
47f94ad76c81c5145e2f17309a4227d146213451bededd22b6039767b2152439,Figma,"Data Scientist, Core Data -  PhD (2026)","San Francisco, CA • New York, NY",unstated,ai_product,mba_unknown,https://boards.greenhouse.io/figma/jobs/5976930004?gh_jid=5976930004,open
39fb5a1ed09fb17ddf6c25dcfacbdbff61f1a09c447d3bef3f36da2484957826,Figma,"Product Designer, AI Models","San Francisco, CA • New York, NY • United States",unstated,ai_product,mba_unknown,https://boards.greenhouse.io/figma/jobs/5711913004?gh_jid=5711913004,open
3926bb14d1736b2c6f8b1633c7ff97b95b61da6ac222d61cb48050b23009f809,Figma,"Solutions Consultant, Payload","San Francisco, CA • New York, NY • United States",unstated,ai_product,mba_unknown,https://boards.greenhouse.io/figma/jobs/6111166004?gh_jid=6111166004,open
3488a438ab346db495b1d22da2769ce0a00d515e107647ded84b6445cb257cbd,Figma,"Designer Advocate, Partnerships","San Francisco, CA",unstated,ai_product,mba_unknown,https://boards.greenhouse.io/figma/jobs/6114301004?gh_jid=6114301004,open
29135af03291d967d5673843456ed44924971880a02ba35bf9b16bc53a671559,Figma,Security Engineer,"San Francisco, CA • New York, NY • United States",unstated,ai_product,mba_unknown,https://boards.greenhouse.io/figma/jobs/5829751004?gh_jid=5829751004,open
2725d59a242a57ca7f7a62c3e85befc9fde4a6b0e68a2a111a8a437212996278,Figma,"Executive Assistant, Design ","San Francisco, CA • New York, NY • United States",unstated,ai_product,mba_unknown,https://boards.greenhouse.io/figma/jobs/6115082004?gh_jid=6115082004,open
25c94994cc7d5a8a7ea1761133114f8f5785203485f7cb02a8ec87d36a064561,Figma,"Director, Business Systems","San Francisco, CA • New York, NY • United States",unstated,ai_product,mba_unknown,https://boards.greenhouse.io/figma/jobs/6019394004?gh_jid=6019394004,open
10bc3ca0e92f56ddd4f8ec81ee1d998260bfdcea933e0f4434dfe94279ef07b1,Figma,"Product Manager, AI Growth","San Francisco, CA • New York, NY • United States",unstated,ai_product,mba_unknown,https://boards.greenhouse.io/figma/jobs/5989185004?gh_jid=5989185004,open
06f422f039fd16e43c0379ab779d11e555910cb5692d6d87ef861f44a0135773,Figma,"Director, Research - AI Evals","San Francisco, CA • New York, NY • United States",unstated,ai_product,mba_unknown,https://boards.greenhouse.io/figma/jobs/6112112004?gh_jid=6112112004,open
01ab2473f1397a7fdfd2c3afbffe2a891ae5284a19dbeec1ad53130d30916ae8,Figma,Distribution Partner Manager,"San Francisco, CA • New York, NY • United States",unstated,ai_product,mba_unknown,https://boards.greenhouse.io/figma/jobs/5813967004?gh_jid=5813967004,open
12d6ae49037c321e69fd43608830b62ecb90869728e85bb604917576a5b443d2,Coinbase,Head of Product Creative ,Remote - USA,unstated,ai_product,mba_unknown,https://www.coinbase.com/careers/positions/7304930?gh_jid=7304930,open
8a844366c94829bc05e56a3a1038957083170f6d25462fdb24df585dc4be34ed,Brex,"Senior Software Engineer, Full Stack","San Francisco, California, United States",unstated,ai_product,mba_unknown,https://www.brex.com/careers/8472635002?gh_jid=8472635002,open
13a2e7bf0cc8f1e0485c30b53175b4d53c89eaf9ffa5c5ad8c66f837bacd53f1,Brex,"Senior Software Engineer, Full Stack","New York, New York, United States",unstated,ai_product,mba_unknown,https://www.brex.com/careers/8472634002?gh_jid=8472634002,open
ba1585bc5f0009733b478a9841fc90f3f084d293d1326cd1d5d7c65f04513874,Brex,"Senior Software Engineer, Full Stack","Seattle, Washington, United States",unstated,ai_product,mba_unknown,https://www.brex.com/careers/8472633002?gh_jid=8472633002,open
b276f37b094dbca71b4f0b988b31d48586979a4f635f5921bf67ff1213d1e8d8,Brex,Group Product Manager,"Seattle, Washington, United States",unstated,ai_product,mba_unknown,https://www.brex.com/careers/8438582002?gh_jid=8438582002,open
963d1351f00adcfb2710f32841c99f8f3461747238c1fc3b9ead2b7cfac77598,Brex,Group Product Manager,"New York, New York, United States",unstated,ai_product,mba_unknown,https://www.brex.com/careers/8438581002?gh_jid=8438581002,open
029c8f0e5034385f5c9acf8aeff97fdaed2cf08f06ee3506da8cebc15afc5b99,Brex,Group Product Manager,"San Francisco, California, United States",unstated,ai_product,mba_unknown,https://www.brex.com/careers/8438580002?gh_jid=8438580002,open
c3bffc8c8f0066f409f26e40b25e0b376a242503d3030f33f9f0c75ed6745093,Brex,"Director of Product, Growth/AI","Seattle, Washington, United States",unstated,ai_product,mba_unknown,https://www.brex.com/careers/8433470002?gh_jid=8433470002,open
21a5529270c5944537de837eae90442e034d5c41bf1270b0eb07504677b51fd2,Brex,"Director of Product, Growth/AI","New York, New York, United States",unstated,ai_product,mba_unknown,https://www.brex.com/careers/8433461002?gh_jid=8433461002,open
5a95bcecf2859af9d54470f97734360bf5309d8a88d996dcc644cbcf8757cb29,Brex,"Director of Product, Growth/AI","San Francisco, California, United States",unstated,ai_product,mba_unknown,https://www.brex.com/careers/8432707002?gh_jid=8432707002,open
dd8c85dbf510638c69a39d7ecdfad8d92170ff0a2fd9c8e7f58f38c22ed22bb8,Brex,"Staff Product Manager, Growth","Seattle, Washington, United States",unstated,ai_product,mba_unknown,https://www.brex.com/careers/8436530002?gh_jid=8436530002,open
70096dc190616fa8026388912734e3b3dc2eebb58b80aa9332d70fc8c8b79ad4,Brex,"Staff Product Manager, Growth","New York, New York, United States",unstated,ai_product,mba_unknown,https://www.brex.com/careers/8436528002?gh_jid=8436528002,open
0df82d8cdf613de24295024db65314b25fa4e3c5540982ac3dbfecd9592d5983,Brex,"Staff Product Manager, Growth","San Francisco, California, United States",unstated,ai_product,mba_unknown,https://www.brex.com/careers/8436527002?gh_jid=8436527002,open
7a9a6e9f6a2da5963ef0a32430f8fa10fd321ee48ff48a00d518c12f235b1ab8,Brex,Staff Product Manager,"Seattle, Washington, United States",unstated,ai_product,mba_unknown,https://www.brex.com/careers/8432703002?gh_jid=8432703002,open
c54932500cb35700ce996c8a86d905fa49063fd0af71b033ebef0164f929d134,Brex,Staff Product Manager,"New York, New York, United States",unstated,ai_product,mba_unknown,https://www.brex.com/careers/8432702002?gh_jid=8432702002,open
479a3a8cdbcfcb4ce1dc6daa4917919dc0654058b77aa35dd414c9b2d8a11746,Brex,Staff Product Manager,"San Francisco, California, United States",unstated,ai_product,mba_unknown,https://www.brex.com/careers/8432698002?gh_jid=8432698002,open
9709b60ab0be1e8b08d7b859a6d2c4e62a5a6f9c9181ad16a8dc2cd9bad6a47d,Faire,Head of Retailer Product Marketing,"San Francisco, CA",unstated,ai_product,mba_unknown,https://boards.greenhouse.io/faire/jobs/8580854002?gh_jid=8580854002,open
92c73943820f843a23b446ccc2d141ae14dd42f113c1c4ae367487b6e4c7e9e5,Attentive,"Senior Software Engineer, Streaming",United States,unstated,ai_product,mba_unknown,https://job-boards.greenhouse.io/attentive/jobs/4120599009,open
a19b2586871106beab5de9e096bf4b793252d3ebaafd46ce97c333770e59b18f,Brex,"Engineering Manager, Travel","San Francisco, California, United States",unstated,ai_product,mba_unknown,https://www.brex.com/careers/8641194002?gh_jid=8641194002,open
73b883b271942c5defe9c1e677f3d3733a18c32471ddec5604f7b1bb217516b1,Brex,"Engineering Manager, Travel","New York, New York, United States",unstated,ai_product,mba_unknown,https://www.brex.com/careers/8641189002?gh_jid=8641189002,open
aab903a158648adc5234472abbea4806a719a8d371aaa154e6e19ec6d90e1f06,Brex,"Engineering Manager, Travel","Seattle, Washington, United States",unstated,ai_product,mba_unknown,https://www.brex.com/careers/8623291002?gh_jid=8623291002,open
c8446741fdacb53b329711706aa45b094e0753fbeaed292d6c36f0fd622b0e07,Brex,"Staff Software Engineer, Travel & Expense","Seattle, Washington, United States",unstated,other_mba_tech,mba_unknown,https://www.brex.com/careers/8635331002?gh_jid=8635331002,open
832fcc10a78523ce2a178123c8540392ad2a3c5f27c7f16f6d6b7fa13de79e6d,Brex,"Staff Software Engineer, Travel & Expense","San Francisco, California, United States",unstated,other_mba_tech,mba_unknown,https://www.brex.com/careers/8635339002?gh_jid=8635339002,open
0a23faf27bb4b2e96ec186a40afc1ad080eb8dc32d99236a9aa2b38d3b987b42,Brex,"Staff Software Engineer, Travel & Expense","New York, New York, United States",unstated,other_mba_tech,mba_unknown,https://www.brex.com/careers/8623289002?gh_jid=8623289002,open
9ffeb018660d47635377eaf97f3a103674464eedb408f40bf4c2eed167171141,Coinbase,Staff Software Engineer (Platform - Identity IDV),Remote - USA,unstated,ai_product,mba_unknown,https://www.coinbase.com/careers/positions/7773776?gh_jid=7773776,open
e857c72e3e01b56ca63a6b105314cd7c6041168c46f8e8a7e1bb8a35db05b49b,Brex,Senior Security Operations Engineer ,"Seattle, Washington, United States",unstated,other_mba_tech,mba_unknown,https://www.brex.com/careers/8339283002?gh_jid=8339283002,open
fd2dbed298289731bacda3063742dfed82abce2574731608fd683ae8813e0253,Brex,Senior Security Operations Engineer ,"New York, New York, United States",unstated,other_mba_tech,mba_unknown,https://www.brex.com/careers/8339277002?gh_jid=8339277002,open
40f268c91568ac598c83517a8654272b1f15180a4bb1f147c805861b11eda89e,Brex,Senior Security Operations Engineer ,"San Francisco, California, United States",unstated,other_mba_tech,mba_unknown,https://www.brex.com/careers/8339252002?gh_jid=8339252002,open
4c11864adceb18fdb4f01c2537eba5d77dd876da87d0dd7e9130c8f4725e9665,Coinbase,Senior Staff Software Engineer - Blockchain Platform,Remote - USA,unstated,ai_product,mba_unknown,https://www.coinbase.com/careers/positions/7366208?gh_jid=7366208,open
a2c791f559d98333bfa38a79e38d33209027e2da5233a7ff4767debf749464e0,Coinbase,"Senior Staff Software Engineer, Core Automation",Remote - USA,unstated,ai_product,mba_unknown,https://www.coinbase.com/careers/positions/7580292?gh_jid=7580292,open
032cabbfa4cc4be8f14780ef95875493bd9f10ea88066519714e234763e28d01,Brex,"Staff Product Designer, AI","San Francisco, California, United States",unstated,ai_product,mba_unknown,https://www.brex.com/careers/8616214002?gh_jid=8616214002,open
4e5f3304174ae27bb29ff6f5e4ec9bc39def965b1134368fb60195f13d33224d,Brex,Technical Consultant I,"Salt Lake City, Utah, United States",unstated,ai_product,mba_unknown,https://www.brex.com/careers/8579215002?gh_jid=8579215002,open
8d2c1b2534075f97762ff1b72229fa6332c253867aeaccb4ee952b7aff3804c1,Brex,Technical Consultant I,"Seattle, Washington, United States",unstated,ai_product,mba_unknown,https://www.brex.com/careers/8579204002?gh_jid=8579204002,open
3cfd4dea18954789fce653eaf151055a3736dc94177dedcc9c6a86a7d9796207,Brex,Technical Consultant I,"New York, New York, United States",unstated,ai_product,mba_unknown,https://www.brex.com/careers/8579199002?gh_jid=8579199002,open
11e067933aa75d2bea8d91e64c360ae68449fce7083ca78eb8020d011d2eced7,Brex,Technical Consultant I,"San Francisco, California, United States",unstated,ai_product,mba_unknown,https://www.brex.com/careers/8579194002?gh_jid=8579194002,open
048152b4cb21ad85ec58204fbcb04af36ee98058202902fd5be7587a3123b48f,Brex,"Lead, Social Media","New York, New York, United States; San Francisco, California, United States",unstated,ai_product,mba_unknown,https://www.brex.com/careers/8590271002?gh_jid=8590271002,open
e2bc7c39b41fe963f252c84462e04291fdd0889cb6dbee96f5f3c9557a15a029,Coinbase,"Business Operations Senior Associate, Institutional",Remote - USA,unstated,ai_product,mba_unknown,https://www.coinbase.com/careers/positions/7980600?gh_jid=7980600,open
a913bdf74c18a06681c4929b2b120c036b99017e55cdb5d6d0db4fee52a6e61a,Betterment,Sr. Fraud Analyst,Betterment HQ - New York City,unstated,other_mba_tech,mba_unknown,https://www.betterment.com/careers/current-openings/job?gh_jid=8041552&gh_jid=8041552,open
b8b23809e728e822c8f34a491f923e8663abacaf7499747f8f60fe9459575921,Betterment,"Sr. Manager, Licensed Customer Experience",Betterment HQ - New York City,unstated,other_mba_tech,mba_unknown,https://www.betterment.com/careers/current-openings/job?gh_jid=8014433&gh_jid=8014433,open
ebc78a8f5b5f464d61ba5f88162df87d47815353a02ea6395225f58d2dd63df2,Betterment,"Staff Engineer, User Engagement ",Betterment HQ - New York City,unstated,other_mba_tech,mba_unknown,https://www.betterment.com/careers/current-openings/job?gh_jid=7798083&gh_jid=7798083,open
a11bf5fe3584756ff730c3acf9335422152816d570d8f6e71b5ffb631f399b3f,Betterment,Sr. IT Systems Engineer,Betterment HQ - New York City,unstated,other_mba_tech,mba_unknown,https://www.betterment.com/careers/current-openings/job?gh_jid=7679122&gh_jid=7679122,open
3d809c334d2257fc13a85e4b5a9b7352b0eb3d05657e49a8febd4ff3a183c38b,Betterment,Sr. Staff Engineer,Betterment HQ - New York City,unstated,ai_product,mba_unknown,https://www.betterment.com/careers/current-openings/job?gh_jid=7821707&gh_jid=7821707,open
acdfb137b0a3ce9498181f717b01b3867c323ac6e86db92e823233d0097f2ee2,Brex,"Senior Software Engineer, Data Enablement Platform","Seattle, Washington, United States",unstated,ai_product,mba_unknown,https://www.brex.com/careers/8605074002?gh_jid=8605074002,open
84e496775ed03b97fb64fdef89c031c562620d6d0dfc8b1e70013793be6eeec7,Brex," Senior Software Engineer, Data Enablement Platform","San Francisco, California, United States",unstated,ai_product,mba_unknown,https://www.brex.com/careers/8605070002?gh_jid=8605070002,open
0422eae475b5641099530d16b017ea6e021b9da5cd8a8817372d3e27f50c9793,Brex,"Senior Software Engineer, Data Enablement Platform","New York, New York, United States",unstated,ai_product,mba_unknown,https://www.brex.com/careers/8605062002?gh_jid=8605062002,open
ee476e964029c39b90c4287779703993b32028d4f27ab9f8adc4b14c0846746b,Coinbase,"Senior Staff Software Engineer, Data Platform",Remote - USA,unstated,ai_product,mba_unknown,https://www.coinbase.com/careers/positions/7711287?gh_jid=7711287,open
04ae9db9c60877699fc20ab32ca30b5f92eec4d71166a4f8b6e3f991a3286de8,Coinbase,"Staff Software Engineer, Frontend (Consumer - Advanced Trading)",Remote - USA,unstated,ai_product,mba_unknown,https://www.coinbase.com/careers/positions/7629141?gh_jid=7629141,open
e882f433e1fb7c9e2f0594edd680621d87c54d0a492abbe98bebcf3f074abd7b,Brex,"Engineering Manager, GTM Engineering ","Seattle, Washington, United States",unstated,ai_product,mba_unknown,https://www.brex.com/careers/8367552002?gh_jid=8367552002,open
c668aafc12bda59f6642a408269e11ef227ae349c297bd4c83c8886ecda81fd1,Brex,"Engineering Manager, Onboarding","Seattle, Washington, United States",unstated,ai_product,mba_unknown,https://www.brex.com/careers/8461598002?gh_jid=8461598002,open
8f1f28a772051c8bdce17fe2e314dc0b183e52932e810f31e7a2c802230e95b5,Brex,Data Engineer,"San Francisco, California, United States",unstated,other_mba_tech,mba_unknown,https://www.brex.com/careers/8366850002?gh_jid=8366850002,open
85ecf4f179b9892bfc0fa4762d7e13cc22efcf2726d8a441f3564093d09cb706,Brex,Enterprise Implementation Consultant,"San Francisco, California, United States",unstated,ai_product,mba_unknown,https://www.brex.com/careers/8152870002?gh_jid=8152870002,open
7a5a09d6b7398a173ed58361f4764767722f2f2d97dfc6c68396e4b157eb03fc,Brex,Enterprise Implementation Consultant,"New York, New York, United States",unstated,ai_product,mba_unknown,https://www.brex.com/careers/8152938002?gh_jid=8152938002,open
6d70c85c478714aa811f44eade7f706384055e4c0e870379a197aa725547b4d3,Brex,Data Analyst II,"San Francisco, California, United States",unstated,ai_product,mba_unknown,https://www.brex.com/careers/8463696002?gh_jid=8463696002,open
5c0ca4899ed92196be7086a506be9bc3cc4afe55ddba4bcd4ad137a7da8d48ae,Brex,Enterprise Implementation Consultant,"Salt Lake City, Utah, United States",unstated,ai_product,mba_unknown,https://www.brex.com/careers/8152968002?gh_jid=8152968002,open
5988f71b6c97c2f1b9f5bfbfbe2a157a9470b6012f86f73b044de9b7374a58e6,Brex,Enterprise Implementation Consultant,"Seattle, Washington, United States",unstated,ai_product,mba_unknown,https://www.brex.com/careers/8152963002?gh_jid=8152963002,open
4ff30f793d03600fe9b7df1b2233db9078906d6a443dae211fdd8ecc3353bb76,Brex,"Software Engineer, Forward Deployed Agent Builder","New York, New York, United States",unstated,ai_product,mba_unknown,https://www.brex.com/careers/8523177002?gh_jid=8523177002,open
48c7ee3d2a78d2d896611a92f78a0f0edaf82174b9cc0a5178be0b81daaabcc6,Brex,"Engineering Manager, Onboarding","New York, New York, United States",unstated,ai_product,mba_unknown,https://www.brex.com/careers/8461599002?gh_jid=8461599002,open
387d40912fa52d25593490dbbd9b3a206fa94a1167e9e5a485ff23f6aebff167,Brex,"Software Engineer, Forward Deployed Agent Builder","San Francisco, California, United States",unstated,ai_product,mba_unknown,https://www.brex.com/careers/8523203002?gh_jid=8523203002,open
136ff39b078bb090d5220b87239bd351ac3ada2e45f3c209706f2a684c20bbd5,Brex,"Engineering Manager, GTM Engineering ","New York, New York, United States",unstated,ai_product,mba_unknown,https://www.brex.com/careers/8367549002?gh_jid=8367549002,open
11aebef9f6b0132cbd82602209956544bd136b004e9a242f2ea3f6e20acaf81f,Brex,Data Analyst II,"New York, New York, United States",unstated,ai_product,mba_unknown,https://www.brex.com/careers/8463702002?gh_jid=8463702002,open
094af64f3c9e850860c11ba7cdd31b27ab84c8c3c3759628917acc4138e1137b,Brex,"Engineering Manager, Onboarding","San Francisco, California, United States",unstated,ai_product,mba_unknown,https://www.brex.com/careers/8461600002?gh_jid=8461600002,open
91f120ad30f72118be86c2fc0b49930b7ebd9e456f7e5677af86c38b4e7b6759,Coinbase,"Senior Manager, Finance & Strategy",Remote - USA,unstated,other_mba_tech,mba_unknown,https://www.coinbase.com/careers/positions/7948222?gh_jid=7948222,open
